"last_name, first_name","player_id","year","player_age","ab","pa","hit","single","double","triple","home_run","strikeout","walk","k_percent","bb_percent","batting_avg","slg_percent","on_base_percent","on_base_plus_slg","isolated_power","babip","b_rbi","b_lob","b_total_bases","r_total_caught_stealing","r_total_stolen_base","b_ab_scoring","b_ball","b_called_strike","b_catcher_interf","b_foul","b_foul_tip","b_game","b_gnd_into_dp","b_gnd_into_tp","b_gnd_rule_double","b_hit_by_pitch","b_hit_ground","b_hit_fly","b_hit_into_play","b_hit_line_drive","b_hit_popup","b_out_fly","b_out_ground","b_out_line_drive","b_out_popup","b_intent_ball","b_intent_walk","b_interference","b_pinch_hit","b_pinch_run","b_pitchout","b_played_dh","b_sac_bunt","b_sac_fly","b_swinging_strike","r_caught_stealing_2b","r_caught_stealing_3b","r_caught_stealing_home","r_defensive_indiff","r_interference","r_pickoff_1b","r_pickoff_2b","r_pickoff_3b","r_run","r_stolen_base_2b","r_stolen_base_3b","r_stolen_base_home","b_total_ball","b_total_sacrifices","b_total_strike","b_total_swinging_strike","b_total_pitches","r_stolen_base_pct","r_total_pickoff","b_reached_on_error","b_walkoff","b_reached_on_int","xba","xslg","woba","xwoba","xobp","xiso","wobacon","xwobacon","bacon","xbacon","xbadiff","xslgdiff","wobadiff","avg_swing_speed","fast_swing_rate","blasts_contact","blasts_swing","squared_up_contact","squared_up_swing","avg_swing_length","swords","attack_angle","attack_direction","ideal_angle_rate","vertical_swing_path","exit_velocity_avg","launch_angle_avg","sweet_spot_percent","barrel","barrel_batted_rate","solidcontact_percent","flareburner_percent","poorlyunder_percent","poorlytopped_percent","poorlyweak_percent","hard_hit_percent","avg_best_speed","avg_hyper_speed","z_swing_percent","z_swing_miss_percent","oz_swing_percent","oz_swing_miss_percent","oz_contact_percent","out_zone_swing_miss","out_zone_swing","out_zone_percent","out_zone","meatball_swing_percent","meatball_percent","pitch_count_offspeed","pitch_count_fastball","pitch_count_breaking","pitch_count","iz_contact_percent","in_zone_swing_miss","in_zone_swing","in_zone_percent","in_zone","edge_percent","edge","whiff_percent","swing_percent","pull_percent","straightaway_percent","opposite_percent","batted_ball","f_strike_percent","groundballs_percent","groundballs","flyballs_percent","flyballs","linedrives_percent","linedrives","popups_percent","popups","pop_2b_sba_count","pop_2b_sba","pop_2b_sb","pop_2b_cs","pop_3b_sba_count","pop_3b_sba","pop_3b_sb","pop_3b_cs","exchange_2b_3b_sba","maxeff_arm_2b_3b_sba","n_outs_above_average","n_fieldout_5stars","n_opp_5stars","n_5star_percent","n_fieldout_4stars","n_opp_4stars","n_4star_percent","n_fieldout_3stars","n_opp_3stars","n_3star_percent","n_fieldout_2stars","n_opp_2stars","n_2star_percent","n_fieldout_1stars","n_opp_1stars","n_1star_percent","rel_league_reaction_distance","rel_league_burst_distance","rel_league_routing_distance","rel_league_bootup_distance","f_bootup_distance","n_bolts","hp_to_1b","sprint_speed"
"DeLauter, Chase",800050,2026,24,55,63,15,6,4,0,5,11,7,17.5,11.1,".273",".618",".349","0.967","0.345",".250","12","21","34","0","0","8","107","42","0","43","1","16","3","0","0","0","2","7","45","6","0","7","15","5","2","0","0","0","1","0","0","7","0","1","18","0","0","0","0","0","0","0","0","9","0","0","0","112","1","149","18","261",,"0","0","0","0",".310",".599",".415",".418",".386",".289",".471",".475",".333",".384","-0.037",".019","-0.003","72",23.4,20.3,17,40.5,34,"7.3",4,6.3,-4.1,57.4,29.4,"93","13.2",44.4,8,17.8,4.4,26.7,22.2,28.9,0,51.1,"103.28249087","96.082075111",63.1,10.4,21.6,36.7,63.3,11,30,53.3,139,78.9,7.3,53,144,52,261,89.6,8,77,46.7,122,42.9,112,17.8,41,53.3,26.7,20,45,39.7,37.8,17,31.1,14,26.7,12,4.4,2,,,,,,,,,,,,,,,,,,,,,,,,,,,,,,,,,,"27.1"
"Benson, Will",666181,2026,28,28,32,5,3,1,1,0,10,4,31.3,12.5,".179",".286",".281","0.567","0.107",".278","1","14","8","1","0","7","50","14","0","28","3","15","0","0","1","0","1","1","18","3","0","6","4","0","3","0","0","0","6","1","0","1","0","0","20","1","0","0","0","0","0","0","0","1","0","0","0","53","0","84","20","137",,"0","0","0","0",".151",".194",".266",".224",".264",".043",".315",".242",".278",".245",".028",".092",".042","73.4",35.5,7.3,4.8,24.4,16.1,"7.8",0,17.4,-12,40.3,35.8,"89.4","30.5",27.8,0,0,5.6,16.7,50,11.1,5.6,22.2,"97.6641425","92.862110625",79.7,33.3,26,36.8,63.2,7,19,53.3,73,84.6,9.5,40,57,31,137,66.7,17,51,46.7,64,35,48,34.3,51.1,33.3,33.3,33.3,18,68.8,27.8,5,38.9,7,16.7,3,16.7,3,,,,,,,,,,,"1","1","2","50.0","0","0",,"0","1","0.0","0","0",,"3","3","100.0",,,,,,"3",,"27.3"
"Rumfield, TJ",681198,2026,26,56,63,17,13,1,1,2,12,6,19,9.5,".304",".464",".365","0.829","0.160",".349","8","22","26","0","0","10","82","29","0","47","0","17","1","0","0","0","0","3","45","14","0","9","15","1","3","0","0","0","1","0","0","3","0","1","26","0","0","0","0","0","0","1","0","6","0","0","0","85","1","148","26","233",,"1","0","0","0",".291",".474",".369",".358",".355",".183",".422",".406",".378",".363",".013","-0.010",".011","69.6",8.5,12.3,9.4,33.3,25.5,"6.7",1,12.7,-6.3,51.9,36,"88.5","17.5",46.7,4,8.9,11.1,24.4,26.7,26.7,2.2,42.2,"98.879668696","93.595180444",75,9,31.8,48.8,51.2,20,41,55.4,129,82.4,7.3,49,99,62,233,91,7,78,44.6,104,39.9,93,22.7,51.1,40,37.8,22.2,45,63.5,33.3,15,26.7,12,33.3,15,6.7,3,,,,,,,,,,,,,,,,,,,,,,,,,,,,,,,,,,"24.9"
"Rushing, Dalton",687221,2026,25,13,14,7,3,1,0,3,3,0,21.4,0,".538","1.308",".571","1.879","0.770",".571","4","3","17","0","0","3","15","8","0","4","0","4","0","0","0","1","1","3","10","3","0","1","1","0","1","0","0","0","2","0","0","0","0","0","4","0","0","0","0","0","0","0","0","5","0","0","0","16","0","26","4","42",,"0","0","0","0",".452","1.098",".793",".655",".491",".647","1.035",".843",".700",".587",".086",".210",".138","73.3",20,50,40,58.3,46.7,"7.5",0,12,-2.1,66.7,35,"99.3","25.7",60,3,30,0,30,20,10,10,60,"106.645892","100.549786667",61.9,23.1,23.8,20,80,1,5,50,21,100,7.1,1,20,16,42,76.9,3,13,50,21,54.8,23,22.2,42.9,70,20,10,10,71.4,20,2,40,4,30,3,10,1,"6","1.93","1.93","1.97","0",,,,"0.62","81.2",,,,,,,,,,,,,,,,,,,,,,,,
"Teodosio, Bryce",669326,2026,27,17,19,2,2,0,0,0,7,1,36.8,5.3,".118",".118",".167","0.285","0.000",".200","1","12","2","0","1","6","20","10","0","13","2","14","1","0","0","0","2","0","11","0","0","2","5","0","2","0","0","0","1","1","0","0","1","0","8","0","0","0","0","0","0","0","0","1","1","0","0","22","1","47","8","69",,"0","0","0","0",".123",".184",".141",".163",".171",".061",".182",".223",".200",".209","-0.005","-0.066","-0.022","70.4",6.5,9.1,6.5,22.7,16.1,"6.6",2,8.2,3.1,45.2,31.9,"85.8","10.2",9.1,1,9.1,0,0,27.3,45.5,18.2,18.2,"94.188268","91.094134",68.4,23.1,35.5,54.5,45.5,6,11,44.9,31,100,10.1,10,44,10,69,76.9,6,26,55.1,38,44.9,31,32.4,53.6,27.3,36.4,36.4,11,68.4,63.6,7,18.2,2,0,0,18.2,2,,,,,,,,,,,,,,,,,,,,,,,,,,,,,,,,"1",,"29.3"
"Alvarez, Francisco",682626,2026,24,46,55,13,8,1,0,4,10,6,18.2,10.9,".283",".565",".377","0.942","0.282",".281","4","16","26","0","0","6","75","38","2","33","3","16","3","0","0","1","6","4","36","3","0","6","11","4","2","0","0","0","0","0","0","1","0","0","21","0","0","0","0","0","0","0","0","7","0","0","0","81","0","133","21","214",,"0","0","0","2",".311",".703",".416",".465",".402",".393",".473",".545",".361",".397","-0.028","-0.138","-0.049","73.8",36.9,19.7,15.5,33.3,26.2,"7.4",3,9.4,-2.1,60.7,27.5,"89.6","6.9",33.3,8,22.2,2.8,25,11.1,36.1,2.8,50,"102.694977778","95.875321111",61.1,13.8,31.1,48.6,51.4,18,37,55.6,119,75,5.6,23,107,62,214,86.2,8,58,44.4,95,40.7,87,27.4,44.4,38.9,50,11.1,36,54.5,47.2,17,27.8,10,19.4,7,5.6,2,"2","1.98","2.04","1.91","0",,,,"0.73","83.5",,,,,,,,,,,,,,,,,,,,,,,"4.73","24.9"
"Basallo, Samuel",694212,2026,21,47,54,8,5,0,0,3,15,7,27.8,13,".170",".362",".278","0.640","0.192",".172","4","20","17","0","0","10","69","22","0","32","1","13","0","0","0","0","3","2","32","3","0","9","11","1","3","0","1","0","0","0","0","5","0","0","30","0","0","0","0","0","0","0","0","6","0","0","0","72","0","119","30","191",,"0","0","0","0",".201",".421",".286",".314",".307",".220",".340",".389",".250",".298","-0.031","-0.059","-0.028","75.2",50.6,20.7,13.8,39.7,26.4,"7.6",2,12.6,-4.7,52.9,32.4,"93.6","19.3",15.6,4,12.5,6.3,18.8,31.3,25,3.1,43.8,"103.413198125","96.736019355",75,23.3,33.3,51.4,48.6,19,37,58.1,111,71.4,3.7,34,90,57,191,76.7,14,60,41.9,80,46.1,88,34,50.8,34.4,46.9,18.8,32,50,43.8,14,34.4,11,12.5,4,9.4,3,"4","1.99","1.98","2.02","0",,,,"0.71","86.3",,,,,,,,,,,,,,,,,,,,,,,,"23.2"
"Larnach, Trevor",663616,2026,29,30,38,8,5,2,0,1,6,8,15.8,21.1,".267",".433",".421","0.854","0.166",".304","7","11","13","0","0","9","65","40","0","17","0","13","2","0","0","0","2","1","24","5","0","6","5","4","1","0","1","0","2","0","0","1","0","0","13","0","0","0","0","0","0","0","0","6","0","0","0","69","0","96","13","165",,"0","0","0","0",".286",".500",".385",".407",".436",".215",".385",".419",".333",".357","-0.019","-0.067","-0.022","70.5",16.3,16.7,12.2,44.4,32.7,"7.2",1,9.2,-17.3,38.8,31.7,"88","14.5",50,3,12.5,8.3,29.2,20.8,25,4.2,45.8,"99.573341667","93.786670833",42.9,13.3,27.4,42.3,57.7,11,26,57.6,95,55.6,5.5,34,80,43,165,86.7,4,30,42.4,70,38.8,64,26.8,33.9,29.2,54.2,16.7,24,55.3,29.2,7,29.2,7,37.5,9,4.2,1,,,,,,,,,,,,,,,,,,,,,,,,,,,"-0.7","-2.6","0.9","-2.3","33.7",,,"27.1"
"Taylor, Tyrone",621438,2026,32,22,23,4,2,1,0,1,2,1,8.7,4.3,".182",".364",".217","0.581","0.182",".158","4","9","8","0","0","5","27","9","0","20","1","11","0","0","0","0","1","2","20","1","0","7","6","2","1","0","0","0","4","3","0","1","0","0","9","0","0","0","0","0","0","0","0","3","0","0","0","27","0","59","9","86",,"0","0","0","0",".239",".408",".258",".297",".272",".169",".261",".306",".200",".263","-0.057","-0.044","-0.039","70.7",4.4,8.3,6.7,36.1,28.9,"7.3",0,9.2,-3.8,56.5,34.4,"85.3","18.5",30,1,5,10,20,35,25,5,20,"95.855118","91.927559",75.5,16.2,35.1,30.8,69.2,4,13,43,37,77.8,10.5,10,49,20,86,83.8,6,37,57,49,38.4,33,20,58.1,35,40,25,20,69.6,35,7,45,9,15,3,5,1,,,,,,,,,,,,,,,,,,,,,,,,,,,,,,,,,,"28.4"
"Quero, Edgar",700337,2026,23,41,47,6,6,0,0,0,10,5,21.3,10.6,".146",".146",".239","0.385","0.000",".194","0","28","6","0","1","10","66","27","0","36","2","13","2","0","0","0","3","0","32","3","0","9","16","1","0","0","0","0","1","0","0","0","1","0","20","0","0","0","0","0","0","0","0","1","1","0","0","74","1","120","20","194",,"0","0","0","0",".198",".248",".196",".251",".287",".050",".176",".258",".194",".264","-0.052","-0.102","-0.055","68",1.2,8.2,6.1,36.1,26.8,"6.9",0,6,5.6,56.1,27.9,"89.8","8.5",18.8,0,0,6.3,21.9,21.9,43.8,3.1,28.1,"97.217299333","92.934384",72.1,21,28.7,38.7,61.3,12,31,55.7,108,68.8,8.2,30,127,29,194,79,13,62,44.3,86,39.7,77,26.9,47.9,34.4,43.8,21.9,32,61.7,59.4,19,28.1,9,12.5,4,0,0,"4","1.97","2.08","1.94","0",,,,"0.59","81.3",,,,,,,,,,,,,,,,,,,,,,,,"23.6"
"Turner, Trea",607208,2026,33,71,75,18,13,4,0,1,16,4,21.3,5.3,".254",".352",".293","0.645","0.098",".315","6","31","25","0","1","17","87","50","0","52","3","17","2","0","0","0","8","3","55","7","0","15","16","4","2","0","0","0","1","0","0","0","0","0","35","0","0","0","0","0","0","0","0","12","1","0","0","90","0","195","35","285",,"0","0","0","0",".230",".287",".293",".250",".271",".058",".348",".290",".327",".296",".024",".065",".043","71.3",14.6,3.3,2.4,34.1,25.2,"7.7",3,10.1,-9.1,69.9,25,"87.3","14.9",25.5,1,1.8,1.8,25.5,36.4,30.9,3.6,27.3,"96.630234643","92.393574",65.2,14.1,36.8,47.2,52.8,25,53,50.5,144,86.4,7.7,35,158,60,285,85.9,13,92,49.5,141,38.6,110,26.2,50.9,34.5,38.2,27.3,55,70.7,43.6,24,32.7,18,20,11,3.6,2,,,,,,,,,,,,,,,,,,,,,,,,,,,,,,,,"13","4.27","30.1"
"Pederson, Joc",592626,2026,34,38,43,8,6,1,0,1,10,4,23.3,9.3,".211",".316",".279","0.595","0.105",".250","2","17","12","0","0","8","62","34","0","23","1","15","2","0","0","0","3","3","29","2","0","10","7","1","2","0","0","0","6","0","0","14","0","1","30","0","0","0","0","0","0","0","0","5","0","0","0","63","1","119","30","182",,"0","0","0","0",".147",".234",".272",".220",".231",".087",".306",".228",".276",".204",".064",".082",".052","72.5",25.7,15.6,9.5,42.2,25.7,"7.5",2,10.7,-2.7,52.7,26.5,"92","19.8",20.7,0,0,17.2,10.3,41.4,31,0,55.2,"100.226866667","95.133552759",60,33.3,30.5,48,52,12,25,45.1,82,77.8,4.9,30,96,44,182,66.7,20,60,54.9,100,40.1,73,37.6,46.7,41.4,24.1,34.5,29,58.1,34.5,10,44.8,13,13.8,4,6.9,2,,,,,,,,,,,,,,,,,,,,,,,,,,,,,,,,,,"25.5"
"Ibáñez, Andy",628451,2026,33,13,14,2,2,0,0,0,2,1,14.3,7.1,".154",".154",".214","0.368","0.000",".182","2","6","2","0","0","4","11","4","0","15","1","8","0","0","0","0","1","0","11","1","0","5","2","2","0","0","0","0","2","0","0","1","0","0","5","0","0","0","0","0","0","0","0","1","0","0","0","11","0","36","5","47",,"0","0","0","0",".191",".251",".181",".228",".249",".060",".165",".226",".182",".225","-0.037","-0.097","-0.047","70",3.4,8.7,6.9,34.8,27.6,"7.4",0,9.8,-9.4,55.2,30,"88.7","16.2",27.3,0,0,0,18.2,54.5,27.3,0,27.3,"96.012255","92.370320909",85.2,8.7,45,44.4,55.6,4,9,42.6,20,83.3,12.8,6,23,14,47,91.3,2,23,57.4,27,38.3,18,18.8,68.1,54.5,27.3,18.2,11,85.7,27.3,3,45.5,5,27.3,3,0,0,,,,,,,,,,,,,,,,,,,,,,,,,,,,,,,,,,
"Matthews, Brice",694728,2026,24,24,27,3,1,1,0,1,13,3,48.1,11.1,".125",".292",".222","0.514","0.167",".200","3","11","7","0","0","6","57","24","0","22","1","11","0","0","0","0","0","1","11","2","0","2","3","2","1","0","0","0","5","0","0","0","0","0","22","0","0","0","0","0","0","0","0","1","0","0","0","57","0","80","22","137",,"0","0","0","0",".146",".314",".239",".248",".241",".167",".392",".416",".273",".319","-0.021","-0.022","-0.009","71.6",14,3.3,2,16.7,10,"7.1",1,14.5,6.6,44,32.1,"83.8","14.9",63.6,1,9.1,9.1,18.2,18.2,36.4,9.1,36.4,"96.346308333","92.820454545",60.3,26.8,21.7,80,20,12,15,50.4,69,75,8.8,14,78,28,137,73.2,11,41,49.6,68,46,63,41.1,40.9,54.5,36.4,9.1,11,33.3,27.3,3,27.3,3,36.4,4,9.1,1,,,,,,,,,,,,,,,,,,,,,,,,,,,,,,,,,,"27.2"
"Thomas, Lane",657041,2026,30,26,32,4,3,1,0,0,7,6,21.9,18.8,".154",".192",".313","0.505","0.038",".211","1","16","5","0","2","6","50","21","0","20","1","13","1","0","0","0","0","0","19","4","0","6","4","1","4","0","0","0","1","1","0","2","0","0","14","0","0","0","1","0","0","0","0","2","2","0","0","52","0","75","14","127",,"0","0","0","0",".178",".242",".259",".281",".332",".064",".212",".248",".211",".244","-0.024","-0.050","-0.022","71.2",8.3,8.3,6.3,27.8,20.8,"6.8",2,8.3,-0.4,41.7,28.4,"87.6","30.4",36.8,0,0,10.5,21.1,47.4,21.1,0,36.8,"96.050804","92.237265263",66.1,19.5,20,53.8,46.2,7,13,51.2,65,88.9,7.1,14,72,28,127,80.5,8,41,48.8,62,46.5,59,27.8,42.5,42.1,31.6,26.3,19,50,21.1,4,31.6,6,26.3,5,21.1,4,,,,,,,,,,,,,,,,,,,,,,,,,,,,,,,,,,"27.7"
"Mayo, Coby",691723,2026,24,38,44,6,5,1,0,0,13,6,29.5,13.6,".158",".184",".273","0.457","0.026",".240","4","18","7","0","1","11","67","36","0","27","1","12","1","0","0","0","0","3","25","3","0","6","8","1","4","0","0","0","0","0","0","0","0","0","24","0","0","0","0","0","1","0","0","3","1","0","0","69","0","113","24","182",,"1","0","0","0",".198",".232",".230",".260",".308",".034",".234",".287",".240",".301","-0.040","-0.048","-0.030","74.2",45.5,6.8,4.5,18.2,12.1,"7.5",1,14.5,-19.6,47,37.3,"82.4","23",24,0,0,8,24,48,8,12,32,"97.099561538","92.9434804",53.8,16.3,33.3,52.9,47.1,18,34,56,102,52.9,9.3,14,88,59,182,83.7,7,43,44,80,37.4,68,32.5,42.3,28,44,28,25,47.7,32,8,36,9,16,4,16,4,,,,,,,,,,,,,,,,,,,,,,,,,,,,,,,,,,"26.7"
"Pasquantino, Vinnie",686469,2026,28,63,73,9,8,1,0,0,17,7,23.3,9.6,".143",".159",".233","0.392","0.016",".188","7","30","10","0","0","19","93","48","0","70","3","17","1","0","0","1","2","0","48","7","0","13","16","5","5","0","0","0","0","0","0","0","0","2","22","0","0","0","0","0","0","0","0","4","0","0","0","105","2","192","22","297",,"0","1","0","0",".203",".280",".196",".259",".285",".077",".179",".275",".188",".267","-0.060","-0.121","-0.063","69.3",2.3,9.4,7.8,30.2,25,"7.2",2,10.5,-11.8,60.9,27.8,"88.6","19",29.2,2,4.2,6.3,25,33.3,27.1,4.2,29.2,"97.901609583","93.26144766",67.6,13.5,31,27.1,72.9,13,48,52.2,155,77.8,9.1,34,167,69,297,86.5,13,96,47.8,142,42.8,127,18.1,48.5,47.9,25,27.1,48,65.8,37.5,18,27.1,13,25,12,10.4,5,,,,,,,,,,,,,,,,,,,,,,,,,,,,,,,,,,"25.3"
"Kurtz, Nick",701762,2026,23,55,71,11,8,2,0,1,27,16,38,22.5,".200",".291",".380","0.671","0.091",".370","3","20","16","1","2","9","143","55","0","44","4","16","0","0","1","0","4","1","28","6","0","8","6","3","0","0","0","0","0","0","0","0","0","0","51","1","0","0","0","0","0","0","0","8","2","0","0","152","0","182","51","334",,"0","0","0","0",".217",".389",".329",".360",".393",".172",".428",".506",".393",".426","-0.017","-0.098","-0.031","76.9",67.6,21.5,12.6,30.8,18,"7.9",3,13.9,1.5,43.2,37.7,"97.9","15.9",39.3,4,14.3,10.7,35.7,21.4,17.9,0,60.7,"107.137677857","99.430209643",58.2,31.7,23.3,64.4,35.6,29,45,57.8,193,47.6,6.3,59,173,63,334,68.3,26,82,42.2,141,41.9,140,43.3,38,28.6,39.3,32.1,28,45.1,35.7,10,32.1,9,32.1,9,0,0,,,,,,,,,,,,,,,,,,,,,,,,,,,,,,,,,,"26.6"
"Torkelson, Spencer",679529,2026,26,48,62,10,8,2,0,0,17,13,27.4,21,".208",".250",".387","0.637","0.042",".323","5","24","12","1","0","14","126","55","0","39","0","16","1","0","0","1","2","1","31","7","0","10","7","2","2","0","0","0","0","0","0","0","0","0","28","1","0","0","0","0","0","0","0","5","0","0","0","130","0","154","28","284",,"0","0","0","0",".240",".418",".320",".378",".412",".178",".318",".433",".323",".372","-0.032","-0.168","-0.058","73.6",29.5,14.9,11.4,28.4,21.6,"7.8",1,14.5,-7.6,55.7,37.7,"89.8","16.2",45.2,3,9.7,9.7,32.3,25.8,16.1,6.5,48.4,"100.1748375","94.794800645",59.5,21.8,13.7,57.1,42.9,12,21,53.9,153,66.7,5.3,17,171,35,284,78.2,17,78,46.1,131,39.4,112,29.3,34.9,48.4,41.9,9.7,31,43.5,29,9,35.5,11,29,9,6.5,2,,,,,,,,,,,,,,,,,,,,,,,,,,,,,,,,,,"26.1"
"Burleson, Alec",676475,2026,27,63,75,17,12,3,0,2,6,11,8,14.7,".270",".413",".373","0.786","0.143",".268","12","32","26","0","1","20","90","42","0","50","1","17","3","0","0","0","7","3","58","7","0","13","21","3","4","0","1","0","0","0","0","0","0","1","20","0","0","0","0","0","0","0","0","7","1","0","0","103","1","174","20","277",,"0","0","0","0",".307",".593",".353",".422",".406",".287",".328",".416",".293",".336","-0.037","-0.180","-0.069","72",17.5,18.4,15.8,39.8,34.2,"7.4",1,11.8,4,53.5,35.2,"92.8","12.3",27.6,7,12.1,1.7,22.4,27.6,34.5,1.7,51.7,"101.903075517","95.763314035",67.7,15.1,30.7,21.7,78.3,10,46,54.2,150,94.7,6.9,42,154,48,277,84.9,13,86,45.8,127,36.5,101,17.4,47.7,46.6,31,22.4,58,60.8,48.3,28,27.6,16,17.2,10,6.9,4,,,,,,,,,,,,,,,,,,,,,,,,,,,,,,,,,"4.6","25.1"
"Kwan, Steven",680757,2026,28,67,76,16,13,2,0,1,8,7,10.5,9.2,".239",".313",".320","0.633","0.074",".259","6","23","21","1","2","15","103","76","0","35","0","17","2","0","0","1","6","4","60","6","0","11","23","4","6","0","0","0","0","0","0","0","1","0","6","1","0","0","0","0","0","0","0","8","2","0","0","105","1","179","6","284",,"0","0","0","0",".249",".318",".297",".295",".329",".069",".280",".279",".271",".282","-0.010","-0.005",".002","63",0,1.2,1.2,42,40,"6.3",2,4,-5,45.9,34.8,"81.6","14.8",31.7,1,1.7,1.7,25,26.7,33.3,11.7,6.7,"91.100737931","89.759278772",52.5,1.4,20.7,20,80,6,30,51.1,145,50,7,32,190,52,284,98.6,1,73,48.9,139,42.6,121,6.8,36.3,28.3,35,36.7,60,63.2,48.3,29,25,15,16.7,10,10,6,,,,,,,,,,,"2","1","1","100.0","0","0",,"1","1","100.0","0","0",,"5","5","100.0",,,,,,,"4.43","26.1"
"Meyers, Jake",676694,2026,30,37,43,9,6,2,0,1,8,4,18.6,9.3,".243",".378",".326","0.704","0.135",".276","4","17","14","2","1","10","51","14","0","29","3","12","0","0","0","1","2","1","30","6","0","7","10","2","2","0","0","0","1","0","0","0","0","1","17","2","0","0","0","0","0","0","0","5","0","1","0","56","1","94","17","150",,"0","1","0","0",".247",".456",".320",".340",".329",".210",".339",".368",".300",".305","-0.004","-0.078","-0.020","67.8",9,9.4,7.5,32.1,25.4,"7",5,8.7,-4.6,52.2,32.8,"86.9","11.7",36.7,4,13.3,6.7,16.7,23.3,40,0,33.3,"97.108884","92.554442",79.4,14.8,31.7,46.2,53.8,12,26,54.7,82,90,6.7,14,82,37,150,85.2,8,54,45.3,68,41.3,62,25,53.3,36.7,33.3,30,30,69.8,40,12,26.7,8,26.7,8,6.7,2,,,,,,,,,,,"0","0","3","0.0","0","0",,"1","1","100.0","1","1","100.0","0","1","0.0","-0.2","1","0.6","1.4","36.7",,,"27.8"
"Ramírez, José",608070,2026,33,69,79,15,8,4,0,3,10,10,12.7,12.7,".217",".406",".316","0.722","0.189",".214","8","26","28","0","8","12","124","58","0","74","5","18","0","0","0","0","1","4","59","10","0","22","8","4","10","0","0","0","0","0","0","2","0","0","21","0","0","0","0","0","0","0","0","8","7","1","0","128","0","218","21","346",,"0","0","0","0",".289",".529",".328",".393",".379",".240",".318",".405",".254",".338","-0.072","-0.123","-0.065","70.2",17.3,11.9,10.1,30.5,25.9,"7.2",3,9.3,-10.1,59.7,30.6,"90.2","29.3",40.7,7,11.9,11.9,22,42.4,11.9,0,40.7,"100.196161667","94.529940339",64.8,10.5,29.9,29.1,70.9,16,55,53.2,184,61.9,6.1,86,174,78,346,89.5,11,105,46.8,162,37.3,129,16.9,46.2,35.6,44.1,20.3,59,67.1,15.3,9,44.1,26,23.7,14,16.9,10,,,,,,,,,,,,,,,,,,,,,,,,,,,,,,,,,,"26.6"
"Raley, Luke",670042,2026,31,54,59,16,9,3,1,3,22,3,37.3,5.1,".296",".556",".356","0.912","0.260",".448","10","24","30","1","0","14","69","23","0","25","3","16","0","0","0","2","6","4","32","6","0","5","9","2","0","0","0","0","1","0","0","0","0","0","56","1","0","0","0","0","0","0","0","6","0","0","0","76","0","142","56","218",,"0","0","0","0",".308",".587",".401",".409",".367",".278",".626",".640",".500",".520","-0.012","-0.031","-0.008","75.2",58.8,28.9,12.7,40,17.6,"7.3",0,16.1,-3,53.9,32.5,"92.8","12.1",50,6,18.8,6.3,34.4,12.5,21.9,6.3,53.1,"103.174154375","96.335900323",77.8,41.6,35.3,69,31,29,42,54.6,119,81.8,5,50,103,54,218,58.4,32,77,45.4,99,35.3,77,51.3,54.6,40.6,34.4,25,32,69.5,46.9,15,28.1,9,25,8,0,0,,,,,,,,,,,"-2","0","1","0.0","0","1","0.0","0","0",,"0","0",,"5","5","100.0",,,,,,,,"27.8"
"Semien, Marcus",543760,2026,35,64,70,12,9,2,0,1,14,4,20,5.7,".188",".266",".243","0.509","0.078",".220","6","31","17","0","0","18","73","35","0","39","2","18","1","0","0","1","3","2","51","7","0","20","9","7","3","0","0","0","0","0","0","0","0","1","24","0","0","0","0","0","0","0","0","2","0","0","0","77","1","153","24","230",,"0","0","0","0",".212",".352",".235",".276",".269",".140",".253",".309",".235",".271","-0.024","-0.086","-0.041","67.6",1,11,8.7,43.9,35,"7.8",5,16.1,-4.5,65,34.6,"86.7","21.2",29.4,3,5.9,11.8,23.5,37.3,11.8,9.8,39.2,"97.794193846","93.007055686",71.9,14.9,28.4,48.4,51.6,15,31,47.4,109,77.8,7.8,32,122,50,230,85.1,13,87,52.6,121,43,99,23.7,51.3,37.3,51,11.8,51,71.4,23.5,12,43.1,22,27.5,14,5.9,3,,,,,,,,,,,,,,,,,,,,,,,,,,,,,,,,,,"28.2"
"Machado, Manny",592518,2026,33,51,68,10,6,2,0,2,12,15,17.6,22.1,".196",".353",".368","0.721","0.157",".205","9","20","18","0","1","11","116","44","0","43","3","16","2","0","0","0","0","2","41","8","0","8","16","3","3","0","1","0","0","0","0","0","0","2","30","0","0","0","1","0","0","0","0","9","0","1","0","120","2","162","30","282",,"0","2","0","0",".242",".392",".332",".366",".413",".150",".299",".356",".244",".319","-0.046","-0.039","-0.034","73.2",26.5,14.7,10.8,29.3,21.6,"7.7",2,4.4,3.2,44.1,27.6,"86.4","7.4",31.7,3,7.3,7.3,22,26.8,26.8,9.8,34.1,"98.115708571","93.199582683",67.5,25.9,21.2,36.4,63.6,12,33,55.3,156,77.8,6.4,26,167,44,282,74.1,22,85,44.7,126,40.8,115,28.8,41.8,41.5,39,19.5,41,62.7,39,16,24.4,10,29.3,12,7.3,3,,,,,,,,,,,,,,,,,,,,,,,,,,,,,,,,,,"25.2"
"Torrens, Luis",620443,2026,30,19,19,5,4,1,0,0,2,0,10.5,0,".263",".316",".263","0.579","0.053",".294","4","9","6","0","0","7","24","10","0","12","0","7","0","0","0","0","1","0","17","4","0","2","6","3","1","0","0","0","2","0","0","0","0","0","8","0","0","0","0","0","0","0","0","2","0","0","0","25","0","49","8","74",,"0","0","0","0",".313",".425",".260",".318",".313",".113",".290",".356",".294",".350","-0.050","-0.109","-0.058","70",12.1,20,15.2,44,33.3,"7.1",1,7.3,10.4,60.6,31.6,"89.3","10.4",47.1,0,0,17.6,35.3,11.8,35.3,0,52.9,"100.425191111","94.578042353",71.4,20,35.9,28.6,71.4,4,14,52.7,39,100,8.1,14,41,18,74,80,5,25,47.3,35,40.5,30,23.1,52.7,41.2,29.4,29.4,17,63.2,41.2,7,11.8,2,41.2,7,5.9,1,"1","1.89",,"1.89","0",,,,"0.57","81.1",,,,,,,,,,,,,,,,,,,,,,,,"25.8"
"Doyle, Brenton",686668,2026,28,48,53,9,7,1,0,1,20,5,37.7,9.4,".188",".271",".264","0.535","0.083",".296","1","29","13","2","2","13","57","24","0","36","4","16","0","0","0","0","5","1","28","3","0","5","9","4","1","0","0","0","2","0","0","0","0","0","25","2","0","0","0","0","0","0","0","8","2","0","0","61","0","118","25","179",,"0","1","0","0",".179",".270",".252",".241",".256",".091",".349",".329",".321",".307",".009",".001",".011","72.1",17.1,13.6,9.8,25.4,18.3,"7.2",3,11.8,0.1,58.5,29.7,"90.6","9.1",28.6,1,3.6,10.7,28.6,21.4,28.6,7.1,35.7,"98.834871429","93.703431481",71.8,9.8,35.1,72.7,27.3,24,33,52.5,94,71.4,3.9,20,98,33,179,90.2,6,61,47.5,85,43.6,78,31.9,52.5,50,46.4,3.6,28,66,50,14,21.4,6,25,7,3.6,1,,,,,,,,,,,"0","0","1","0.0","0","0",,"1","1","100.0","3","4","75.0","1","1","100.0","-0.6","1.2","0.7","1.3","34.5","1",,"28.2"
"Mitchell, Garrett",669003,2026,27,39,50,11,7,3,0,1,19,10,38,20,".282",".436",".429","0.865","0.154",".526","13","16","17","2","3","12","94","37","0","28","5","14","0","0","0","0","6","2","21","3","0","2","4","3","1","0","1","0","2","0","0","1","1","0","33","2","0","0","0","0","1","0","0","5","3","0","0","100","1","127","33","227",,"1","0","0","0",".253",".482",".391",".387",".406",".228",".618",".609",".550",".494",".029","-0.046",".004","76.2",68.8,24.4,14.3,31.1,18.2,"7.3",2,10.8,8.5,54.5,33.5,"96.8","8.9",52.4,4,19,9.5,28.6,14.3,19,9.5,61.9,"107.183448","99.8679195",60.6,33.3,23.4,66.7,33.3,20,30,56.4,128,68.8,7,47,109,55,227,66.7,20,60,43.6,99,36.6,83,44.4,39.6,23.8,38.1,38.1,21,54,47.6,10,19,4,28.6,6,4.8,1,,,,,,,,,,,"1","0","2","0.0","1","2","50.0","1","1","100.0","2","2","100.0","2","2","100.0","-0.1","1.2","0.4","1.5","37.4","1",,"28.3"
"Adames, Willy",642715,2026,30,66,71,18,6,9,0,3,16,5,22.5,7,".273",".545",".324","0.869","0.272",".319","6","20","36","1","0","11","111","52","0","58","2","17","1","0","1","0","4","7","50","7","0","10","9","5","8","0","0","0","0","0","0","0","0","0","22","1","0","0","0","0","0","0","0","8","0","0","0","114","0","184","22","298",,"0","1","0","0",".239",".459",".380",".324",".293",".220",".469",".389",".360",".315",".034",".086",".056","72.6",28.2,15.8,12.8,29.5,23.9,"8.1",1,14.3,-0.5,70.9,33,"88.4","24.7",40,6,12,14,18,36,18,2,40,"98.8900072","93.543434",67.6,13.5,23.1,30.6,69.4,11,36,52.3,156,73.7,6.4,24,196,58,298,86.5,13,96,47.7,142,37.9,113,18.2,44.3,40,32,28,50,57.7,26,13,34,17,24,12,16,8,,,,,,,,,,,,,,,,,,,,,,,,,,,,,,,,,,"27.4"
"Triolo, Jared",669707,2026,28,23,26,5,4,1,0,0,5,2,19.2,7.7,".217",".261",".308","0.569","0.044",".278","1","13","6","0","0","7","40","19","0","14","1","6","2","0","0","1","2","0","18","3","0","5","7","1","0","0","0","0","0","0","0","0","0","0","9","0","0","0","0","0","0","0","0","2","0","0","0","42","0","61","9","103",,"0","0","0","0",".211",".258",".273",".266",".305",".047",".274",".264",".278",".272",".006",".003",".007","72.5",15.8,6.5,5.3,29,23.7,"7.4",1,2.3,6.6,39.5,38,"85.7","8.3",27.8,0,0,0,27.8,27.8,33.3,5.6,27.8,"95.759626667","92.129474706",66,17.1,14,57.1,42.9,4,7,48.5,50,88.9,8.7,13,56,18,103,82.9,6,35,51.5,53,35,36,23.8,40.8,22.2,33.3,44.4,18,57.7,50,9,27.8,5,22.2,4,0,0,,,,,,,,,,,,,,,,,,,,,,,,,,,,,,,,,,"28.5"
"Wood, James",695578,2026,23,68,83,18,7,6,0,5,26,14,31.3,16.9,".265",".574",".398","0.972","0.309",".351","14","25","39","0","3","13","135","73","0","45","3","17","1","0","0","1","4","3","42","11","0","4","18","1","1","0","1","0","0","0","0","2","0","0","43","0","0","0","0","0","0","0","0","15","1","1","1","148","0","207","43","355",,"0","1","0","0",".263",".535",".423",".401",".396",".272",".588",".546",".429",".426",".002",".039",".022","76.2",60.7,22.2,15.4,28.4,19.7,"7.3",7,11.5,3.8,46.2,39.4,"94.7","3.3",33.3,10,23.8,9.5,19,4.8,40.5,2.4,59.5,"108.200404286","99.32044",53.7,19.3,24.1,65.2,34.8,30,46,53.8,191,52.9,9.6,52,184,93,355,80.7,17,88,46.2,164,36.3,129,35.1,37.7,31,40.5,28.6,42,65.1,52.4,22,16.7,7,28.6,12,2.4,1,,,,,,,,,,,"-2","0","3","0.0","0","1","0.0","0","0",,"2","3","66.7","2","2","100.0","0.9","-1.4","-1.9","-2.3","29.9","1",,"27.2"
"Alonso, Pete",624413,2026,31,63,74,13,7,4,0,2,20,11,27,14.9,".206",".365",".324","0.689","0.159",".268","7","37","23","0","1","20","116","61","0","46","2","17","2","0","0","0","4","2","43","7","0","11","14","5","0","0","0","0","0","0","0","2","0","0","37","0","0","0","0","0","0","0","0","8","1","0","0","122","0","191","37","313",,"0","0","0","0",".225",".392",".319",".329",".340",".167",".367",".385",".302",".330","-0.019","-0.027","-0.010","73.1",26.5,22.2,15.4,38.3,26.5,"7.2",3,11.7,0.3,54.7,34.3,"95","10.8",34.9,3,7,16.3,25.6,18.6,30.2,2.3,58.1,"102.434153636","97.079924419",59.5,22.7,25.5,50,50,21,42,52.7,165,70.8,7.7,35,172,81,313,77.3,20,88,47.3,148,38,119,31.5,41.5,34.9,53.5,11.6,43,64.9,41.9,18,30.2,13,27.9,12,0,0,,,,,,,,,,,,,,,,,,,,,,,,,,,,,,,,,,"24.5"
"Garcia, Maikel",672580,2026,26,66,75,19,12,5,0,2,11,8,14.7,10.7,".288",".455",".360","0.815","0.167",".315","8","19","30","1","1","10","109","64","0","37","1","17","1","0","0","0","9","1","56","9","0","14","16","5","2","0","0","0","0","0","0","0","0","1","16","1","0","0","0","0","1","0","0","10","1","0","0","116","1","175","16","291",,"1","1","0","0",".307",".459",".364",".382",".386",".152",".386",".410",".339",".374","-0.019","-0.004","-0.018","72",21.2,22.1,19.2,40.7,35.4,"7.2",1,5.3,-0.7,50.5,26.8,"93.6","11.6",37.5,7,12.5,3.6,30.4,26.8,23.2,3.6,51.8,"102.134161786","96.002852545",57.6,7.2,19,42.9,57.1,12,28,50.5,147,67.9,9.6,17,198,48,291,92.8,6,83,49.5,144,38.8,113,16.2,38.1,39.3,41.1,19.6,56,58.7,44.6,25,26.8,15,25,14,3.6,2,,,,,,,,,,,,,,,,,,,,,,,,,,,,,,,,,,"27.3"
"Mangum, Jake",663968,2026,30,35,39,8,7,1,0,0,7,3,17.9,7.7,".229",".257",".289","0.546","0.028",".286","1","19","9","0","1","10","40","15","0","28","0","14","0","0","0","0","4","0","29","4","0","3","16","0","2","0","0","0","0","0","0","0","1","0","13","0","0","0","0","0","0","0","0","6","1","0","0","43","1","88","13","131",,"0","1","0","0",".267",".337",".258",".299",".326",".070",".274",".331",".286",".336","-0.038","-0.080","-0.041","67.3",5.2,4.3,3.4,21.3,17.2,"6.7",4,3.2,9.5,29.3,31.6,"83.7","6.4",24.1,0,0,6.9,24.1,6.9,41.4,17.2,31,"95.890466923","92.1030428",75.4,18.6,40.5,23.3,76.7,7,30,56.5,74,75,6.1,21,76,28,131,81.4,8,43,43.5,57,44.3,58,20.5,55.7,24.1,37.9,37.9,29,56.4,69,20,10.3,3,13.8,4,6.9,2,,,,,,,,,,,,,,,,,,,,,,,,,,,,,,,,"1",,"28.4"
"Mullins, Cedric",656775,2026,31,51,56,7,4,1,1,1,13,2,23.2,3.6,".137",".255",".182","0.437","0.118",".158","5","34","13","0","2","16","75","32","0","46","1","14","1","0","0","1","3","0","40","4","0","14","8","5","6","0","0","0","1","0","0","0","1","1","23","0","0","0","1","0","0","0","0","5","2","0","0","78","2","146","23","224",,"0","0","0","0",".161",".277",".197",".212",".204",".117",".223",".243",".179",".210","-0.024","-0.022","-0.015","70.1",5.1,8.8,7.1,31.3,25.5,"7.3",1,12.6,-3.9,59.2,30,"87","28.6",25,1,2.5,15,10,45,20,7.5,32.5,"96.844652632","92.446466579",71.2,19,31,28.6,71.4,10,35,50.4,113,87.5,7.1,31,146,22,224,81,15,79,49.6,111,45.1,101,21.9,50.9,40,40,20,40,53.6,27.5,11,35,14,22.5,9,15,6,,,,,,,,,,,"0","0","1","0.0","0","0",,"3","4","75.0","3","4","75.0","3","3","100.0","1.9","-1","-1.9","-1","32.9",,,"27.6"
"Pauley, Graham",688363,2026,25,40,42,7,2,5,0,0,12,1,28.6,2.4,".175",".300",".195","0.495","0.125",".250","5","27","12","0","1","14","56","35","0","22","2","14","2","0","1","0","2","4","29","1","0","7","11","1","3","0","0","0","2","0","0","0","1","0","18","0","0","0","1","0","0","0","0","5","0","1","0","58","1","107","18","165",,"0","0","0","0",".107",".169",".220",".133",".129",".062",".296",".169",".250",".154",".068",".131",".087","72.1",14.1,6.3,4.7,29.2,21.9,"7.4",2,13.2,-8.1,62.5,28.9,"81.7","21.1",31,1,3.4,3.4,6.9,41.4,34.5,10.3,17.2,"94.257055","91.142442143",61.9,21.2,24.7,50,50,10,20,49.1,81,72.7,6.7,36,87,34,165,78.8,11,52,50.9,84,41.2,68,29.2,43.6,48.3,37.9,13.8,29,61.9,44.8,13,37.9,11,6.9,2,10.3,3,,,,,,,,,,,,,,,,,,,,,,,,,,,,,,,,,,"26.1"
"Ramos, Heliot",671218,2026,26,62,64,14,12,2,0,0,23,2,35.9,3.1,".226",".258",".250","0.508","0.032",".359","6","32","16","0","0","20","88","38","0","55","4","16","0","0","0","0","7","1","39","6","0","5","16","2","2","0","0","0","1","0","0","0","0","0","37","0","0","0","1","0","0","0","0","5","0","0","0","93","0","175","37","268",,"0","0","0","0",".213",".266",".233",".225",".238",".053",".346",".335",".359",".343",".013","-0.008",".008","71",17.2,6.3,4.3,25,17.2,"6.7",2,7.1,4.2,41.4,34.2,"89.3","6.5",30.8,2,5.1,2.6,30.8,17.9,35.9,5.1,38.5,"101.386351579","94.793940789",70.2,17.2,34.7,56,44,28,50,53.7,144,84.2,7.1,31,158,53,268,82.8,15,87,46.3,124,37.7,101,31.4,51.1,30.8,46.2,23.1,39,60.9,59,23,15.4,6,20.5,8,5.1,2,,,,,,,,,,,,,,,,,,,,,,,,,,,,,,,,,"4.72","26.6"
"Yorke, Nick",694377,2026,24,40,49,11,8,3,0,0,9,6,18.4,12.2,".275",".350",".388","0.738","0.075",".344","2","26","14","0","0","14","66","34","0","37","1","13","3","0","0","2","4","2","32","5","0","8","11","1","1","0","0","0","0","1","0","1","0","1","9","0","0","0","0","0","0","0","0","3","0","0","0","74","1","116","9","190",,"0","0","1","0",".290",".391",".345",".362",".404",".101",".349",".374",".344",".368","-0.015","-0.041","-0.017","71.8",13.5,18.5,16.2,30.8,27,"7.4",3,3.5,4.1,36.5,35.4,"89.4","9.7",31.3,2,6.3,9.4,25,18.8,37.5,3.1,50,"102.8498325","95.693884063",63.6,5.4,25.5,38.5,61.5,10,26,53.7,102,80,5.3,24,105,37,190,94.6,3,56,46.3,88,40.5,77,15.9,43.2,21.9,46.9,31.3,32,59.2,46.9,15,31.3,10,18.8,6,3.1,1,,,,,,,,,,,,,,,,,,,,,,,,,,,,,,,,,,"27.6"
"Young, Cole",702284,2026,22,61,69,14,9,2,1,2,18,7,26.1,10.1,".230",".393",".319","0.712","0.163",".293","9","26","24","1","0","16","105","47","0","56","2","18","0","0","0","1","3","3","43","8","0","8","12","3","6","0","0","0","0","0","0","0","0","0","35","1","0","0","0","0","0","0","0","11","0","0","0","112","0","183","35","295",,"0","0","0","0",".226",".355",".324",".304",".316",".129",".387",".355",".326",".321",".004",".038",".020","71.7",23.8,5.6,4.1,22.2,16.4,"6.9",3,7.2,-3.4,55.7,28.1,"84.9","18.1",34.9,3,7,4.7,30.2,30.2,27.9,0,27.9,"95.365448182","92.108459535",63.4,27.1,31.7,27.5,72.5,14,51,54.6,161,63.2,6.4,58,173,55,295,72.9,23,85,45.4,134,44.1,130,27.2,46.1,51.2,30.2,18.6,43,55.1,34.9,15,25.6,11,25.6,11,14,6,,,,,,,,,,,,,,,,,,,,,,,,,,,,,,,,,,"27.4"
"Sánchez, Gary",596142,2026,33,27,34,7,2,0,0,5,10,7,29.4,20.6,".259",".815",".412","1.227","0.556",".167","9","14","22","0","0","8","56","34","0","18","1","10","0","0","0","0","2","5","17","0","0","1","3","2","4","0","0","0","3","0","0","3","0","0","14","0","0","0","0","0","0","0","0","7","0","0","0","65","0","87","14","152",,"0","0","0","0",".230",".700",".510",".452",".389",".470",".728",".610",".412",".366",".029",".115",".058","71.5",23.4,18.2,12.8,30.3,21.3,"7.3",4,11.4,-7.7,62.5,30,"91.4","27.8",29.4,5,29.4,0,17.6,29.4,17.6,5.9,52.9,"102.797406667","96.110540588",46.8,13.8,26.7,58.3,41.7,14,24,59.2,90,77.8,5.9,31,73,36,152,86.2,4,29,40.8,62,42.8,65,34,34.9,64.7,17.6,17.6,17,55.9,29.4,5,35.3,6,11.8,2,23.5,4,"1","1.88",,"1.88","0",,,,"0.87","84.9",,,,,,,,,,,,,,,,,,,,,,,,
"Wiemer, Joey",686894,2026,27,33,39,12,9,0,1,2,13,6,33.3,15.4,".364",".606",".462","1.068","0.242",".556","4","13","20","0","0","9","46","30","0","24","1","12","2","0","0","0","6","3","20","3","0","2","5","1","0","0","0","0","1","1","0","0","0","0","20","0","0","0","0","0","0","0","0","9","0","0","0","51","0","96","20","147",,"0","0","0","0",".255",".411",".470",".350",".369",".156",".702",".470",".600",".420",".109",".195",".120","71.7",31.5,21.6,14.8,29.7,20.4,"7.2",5,6.5,2.1,50.9,22.6,"91","0.9",30,2,10,0,35,10,35,10,40,"100.712751","94.865789474",62.3,21.1,32.6,50,50,14,28,58.5,86,70,6.8,22,82,32,147,78.9,8,38,41.5,61,38.1,56,33.3,44.9,40,30,30,20,74.4,55,11,25,5,20,4,0,0,,,,,,,,,,,"0","0","1","0.0","0","2","0.0","0","0",,"1","1","100.0","4","4","100.0",,,,,,,,"28.6"
"Friedl, TJ",670770,2026,30,59,70,9,9,0,0,0,18,10,25.7,14.3,".153",".153",".286","0.439","0.000",".220","1","23","9","0","3","9","108","52","0","40","2","16","0","0","0","1","7","0","41","2","0","6","18","1","6","0","0","0","0","0","0","0","0","0","28","0","0","0","1","0","0","0","0","6","3","0","0","114","0","165","28","279",,"0","0","0","0",".138",".154",".229",".226",".282",".016",".200",".192",".220",".205",".015","-0.001",".003","70.8",9.8,4.3,3.3,25.7,19.6,"6.9",2,10.2,-8.4,67.4,28.6,"84.1","15.1",9.8,0,0,0,17.1,29.3,34.1,9.8,17.1,"94.317578235","91.311302353",57.9,8.2,26.1,60,40,24,40,54.8,153,57.1,5,51,173,39,279,91.8,6,73,45.2,126,50.5,141,26.5,40.5,34.1,39,26.8,41,55.7,61,25,14.6,6,9.8,4,14.6,6,,,,,,,,,,,"0","0","2","0.0","0","0",,"0","0",,"5","7","71.4","6","6","100.0","2.4","-1.1","-1.1","0.2","34.3",,"4.48","26.6"
"Wallner, Matt",670242,2026,28,65,72,13,8,2,0,3,31,5,43.1,6.9,".200",".369",".278","0.647","0.169",".323","6","41","24","1","0","18","99","36","0","52","8","17","1","0","0","2","3","2","34","8","0","6","12","2","1","0","0","0","0","0","0","0","0","0","57","1","0","0","0","0","0","0","0","10","0","0","0","107","0","192","57","299",,"0","0","0","0",".207",".347",".295",".283",".284",".139",".476",".452",".382",".396","-0.007",".022",".012","74.9",53.2,15.9,9.4,24.4,14.4,"7.5",10,10.8,-6.8,61.9,27.2,"89.4","10.6",32.4,3,8.8,2.9,35.3,20.6,23.5,8.8,50,"103.052185294","96.005176765",76.6,30.6,29.2,80,20,36,45,51.5,154,58.8,5.7,45,174,64,299,69.4,34,111,48.5,145,41.8,125,44.9,52.2,50,35.3,14.7,34,65.3,44.1,15,23.5,8,29.4,10,2.9,1,,,,,,,,,,,"0","0","5","0.0","0","0",,"0","0",,"1","2","50.0","2","2","100.0","-2.8","-5.2","1.3","-6.7","25.9",,,"25.7"
"Schneemann, Daniel",682177,2026,29,41,44,11,4,6,0,1,12,3,27.3,6.8,".268",".488",".318","0.806","0.220",".357","7","14","20","0","1","9","59","30","0","30","1","14","0","0","0","0","2","4","29","5","0","6","8","4","0","0","0","0","1","1","0","0","0","0","29","0","0","0","0","0","0","0","0","5","0","1","0","64","0","121","29","185",,"0","0","0","0",".267",".500",".356",".351",".317",".234",".466",".459",".379",".377",".001","-0.012",".005","71.6",15.4,16.7,11.5,37,25.6,"7.1",3,13.1,-0.8,59,32.3,"91.6","11.4",44.8,3,10.3,13.8,31,17.2,24.1,3.4,51.7,"101.076881333","95.419092414",63.6,16.1,36.1,65.7,34.3,23,35,52.4,97,73.3,8.1,27,105,32,185,83.9,9,56,47.6,88,48.6,90,35.2,49.2,51.7,27.6,20.7,29,59.1,34.5,10,34.5,10,31,9,0,0,,,,,,,,,,,,,,,,,,,,,,,,,,,,,,,,,,"27.6"
"Stewart, Sal",701398,2026,22,58,72,18,9,4,0,5,12,13,16.7,18.1,".310",".638",".431","1.069","0.328",".310","11","21","37","0","3","14","101","39","0","59","3","17","1","0","1","0","5","8","47","5","0","10","14","3","2","0","1","0","0","0","0","1","0","1","29","0","0","0","0","0","0","0","0","11","3","0","0","113","1","178","29","291",,"0","2","0","0",".304",".629",".457",".442",".428",".324",".509",".487",".383",".377",".006",".009",".015","70.7",17.6,17,13.4,29.8,23.5,"7.4",7,10.2,7.9,54.6,32.6,"93.4","13.8",40.4,10,21.3,8.5,23.4,21.3,23.4,0,51.1,"104.064955217","96.680550435",69.6,19.8,28.1,32.6,67.4,14,43,52.6,153,63.2,6.5,39,133,80,291,80.2,19,96,47.4,138,39.5,115,23.7,47.8,25.5,34,40.4,47,62,40.4,19,38.3,18,17,8,4.3,2,,,,,,,,,,,,,,,,,,,,,,,,,,,,,,,,,,"26.3"
"Sullivan, Brett",664954,2026,32,25,26,7,4,3,0,0,6,1,23.1,3.8,".280",".400",".308","0.708","0.120",".368","4","8","10","0","0","6","26","18","0","29","1","11","0","0","0","0","2","0","19","5","0","2","5","1","4","0","0","0","0","3","0","0","0","0","7","0","0","0","0","0","0","0","0","0","0","0","0","28","0","75","7","103",,"0","0","0","0",".245",".311",".317",".260",".274",".066",".396",".318",".368",".323",".035",".089",".057","66.6",4,8.9,8,33.3,30,"7.1",2,7.6,-4.6,66,30.2,"87.3","24",36.8,0,0,10.5,31.6,31.6,21.1,5.3,31.6,"96.62184","92.537810526",69.1,13.2,39.6,21.1,78.9,4,19,46.6,48,50,5.8,19,52,20,103,86.8,5,38,53.4,55,46.6,48,15.8,55.3,57.9,15.8,26.3,19,76.9,36.8,7,10.5,2,31.6,6,21.1,4,"6","1.98","1.98","2","0",,,,"0.72","82.6",,,,,,,,,,,,,,,,,,,,,,,,"27.5"
"Millas, Drew",686452,2026,28,25,30,3,3,0,0,0,7,4,23.3,13.3,".120",".120",".241","0.361","0.000",".167","3","12","3","0","0","6","44","25","0","19","0","12","0","0","0","0","1","1","19","1","0","1","9","4","1","0","0","0","2","0","0","0","1","0","8","0","0","0","0","0","0","0","0","1","0","0","0","46","1","72","8","118",,"0","0","0","0",".202",".224",".192",".258",".312",".022",".152",".258",".167",".281","-0.082","-0.104","-0.066","66.9",0,0,0,12.9,10.3,"6.9",0,7.2,-0.5,30.8,33.1,"73.3","10.9",36.8,0,0,0,21.1,15.8,42.1,21.1,5.3,"84.753395556","88.533607778",61.5,6.3,22.7,46.7,53.3,7,15,55.9,66,42.9,5.9,19,72,22,118,93.8,2,32,44.1,52,50,59,19.1,39.8,31.6,36.8,31.6,19,63.3,52.6,10,10.5,2,31.6,6,5.3,1,"3","1.94","1.94",,"0",,,,"0.67","85.6",,,,,,,,,,,,,,,,,,,,,,,,"26.4"
"Springer, George",543807,2026,36,54,62,10,4,4,0,2,14,8,22.6,12.9,".185",".370",".290","0.660","0.185",".211","6","28","20","1","1","19","88","30","0","57","4","14","0","0","0","0","2","3","40","5","0","9","14","1","6","0","0","0","2","0","0","14","0","0","25","0","1","0","0","0","0","0","0","4","1","0","0","93","0","158","25","251",,"0","2","0","0",".184",".351",".302",".289",".289",".168",".326",".306",".250",".248",".001",".019",".013","73.6",39.1,12.1,9.6,23.1,18.3,"7.5",2,11.3,-0.4,65.2,34.6,"88.9","22.6",25,4,10,10,20,32.5,27.5,0,42.5,"99.516342","93.81343225",78.2,13.4,24.4,58.1,41.9,18,31,50.6,127,66.7,6,30,119,65,251,86.6,13,97,49.4,124,41.4,104,24.2,51,47.5,22.5,30,40,58.1,40,16,30,12,15,6,15,6,,,,,,,,,,,,,,,,,,,,,,,,,,,,,,,,,,"26.4"
"Andujar, Miguel",609280,2026,31,37,40,11,7,3,1,0,8,2,20,5,".297",".432",".350","0.782","0.135",".379","2","13","16","1","1","7","54","30","0","31","1","12","0","0","0","1","5","1","29","5","0","5","11","1","1","0","0","0","0","0","0","9","0","0","14","1","0","0","0","0","0","0","0","4","1","0","0","57","0","106","14","163",,"0","1","0","0",".256",".339",".351",".292",".311",".084",".410",".328",".379",".326",".041",".093",".059","71.2",16.7,11.5,9.1,36.5,28.8,"7.7",2,7.4,-6.5,66.7,26.9,"91.2","4.7",27.6,0,0,10.3,24.1,17.2,48.3,0,48.3,"100.562749333","95.098104483",62.3,10.4,32.6,39.3,60.7,11,28,52.8,86,61.5,8,17,86,31,163,89.6,5,48,47.2,77,39.9,65,21.1,46.6,51.7,27.6,20.7,29,67.5,55.2,16,20.7,6,20.7,6,3.4,1,,,,,,,,,,,,,,,,,,,,,,,,,,,,,,,,,"4.46","27.7"
"Schmitt, Casey",669477,2026,27,41,46,14,8,5,0,1,13,2,28.3,4.3,".341",".537",".413","0.950","0.196",".481","4","12","22","0","1","8","46","28","0","22","4","12","0","0","2","3","5","3","28","6","0","4","6","1","3","0","0","0","0","0","0","5","0","0","20","0","0","0","0","0","0","0","0","5","1","0","0","51","0","106","20","157",,"0","0","0","0",".265",".429",".424",".343",".345",".164",".566",".433",".500",".388",".076",".108",".081","71.1",17.9,26.7,17.9,42.2,28.4,"7.5",2,10.4,-6,46.3,35.1,"93.3","17.9",42.9,3,10.7,3.6,39.3,28.6,17.9,0,53.6,"102.994318571","96.148012143",64.2,17.3,34.2,65.4,34.6,17,26,48.4,76,60,9.6,20,93,26,157,82.7,9,52,51.6,81,36.9,58,33.3,49.7,42.9,35.7,21.4,28,58.7,39.3,11,25,7,25,7,10.7,3,,,,,,,,,,,,,,,,,,,,,,,,,,,,,,,,,,"27.5"
"Chisholm Jr., Jazz",665862,2026,28,62,66,11,6,5,0,0,20,3,30.3,4.5,".177",".258",".227","0.485","0.081",".262","3","37","16","1","6","21","91","46","0","41","3","17","0","0","0","1","5","0","42","5","1","10","15","1","5","0","0","0","0","1","0","1","0","0","30","1","0","0","0","0","1","0","0","4","4","2","0","95","0","164","30","259",,"1","0","0","0",".164",".211",".224",".198",".215",".048",".284",".244",".262",".244",".013",".047",".026","72.7",24.5,10.7,7.8,33.3,24.5,"7.9",4,13.8,-7.7,73.5,31.4,"88.1","16.8",16.7,2,4.8,0,16.7,40.5,33.3,2.4,33.3,"98.092382857","93.233450244",61.4,24.4,30.3,40,60,16,40,51,132,82.6,8.9,51,127,62,259,75.6,19,78,49,127,40.5,105,29.7,45.6,52.4,28.6,19,42,59.1,47.6,20,23.8,10,14.3,6,14.3,6,,,,,,,,,,,,,,,,,,,,,,,,,,,,,,,,"1","4.29","27.9"
"McNeil, Jeff",643446,2026,34,52,56,15,12,3,0,0,10,4,17.9,7.1,".288",".346",".339","0.685","0.058",".357","3","14","18","0","1","10","69","18","0","42","4","16","1","0","0","0","5","0","42","9","1","3","15","6","3","0","0","0","0","0","0","0","0","0","20","0","0","0","0","0","0","0","0","5","0","1","0","70","0","128","20","198",,"0","0","0","0",".302",".356",".315",".319",".352",".054",".352",".357",".357",".374","-0.014","-0.010","-0.004","67.5",1,10.1,8.2,35.4,28.6,"7",5,3.6,1.2,30.6,35.5,"86.3","9.3",33.3,0,0,0,38.1,19,38.1,4.8,33.3,"96.703614762","92.35824881",81.1,11.7,32,48.5,51.5,16,33,52,103,90.5,10.6,33,113,33,198,88.3,9,77,48,95,36.9,73,22.7,55.6,35.7,38.1,26.2,42,51.8,47.6,20,7.1,3,35.7,15,9.5,4,,,,,,,,,,,,,,,,,,,,,,,,,,,,,,,,,,"26.0"
"Trammell, Taylor",666211,2026,28,13,15,4,3,1,0,0,6,2,40,13.3,".308",".385",".400","0.785","0.077",".571","3","5","5","0","0","4","13","13","0","7","1","5","0","0","0","0","3","1","7","0","0","1","2","0","0","0","0","0","0","0","0","0","0","0","7","0","0","0","0","0","0","0","0","2","0","0","0","15","0","36","7","51",,"0","0","0","0",".166",".314",".363",".272",".277",".148",".575",".379",".571",".309",".142",".071",".091","72.5",33.3,21.4,14.3,35.7,23.8,"7.6",2,5.4,-0.5,38.1,30,"94.8","0.6",14.3,1,14.3,0,28.6,14.3,42.9,0,57.1,"104.1243925","97.213938571",55.2,37.5,31.8,42.9,57.1,3,7,43.1,22,66.7,11.8,3,25,20,51,62.5,6,16,56.9,29,39.2,20,39.1,45.1,28.6,28.6,42.9,7,80,71.4,5,28.6,2,0,0,0,0,,,,,,,,,,,,,,,,,,,,,,,,,,,,,,,,,,"26.9"
"Smith, Dominic",642086,2026,31,38,41,15,10,2,0,3,6,2,14.6,4.9,".395",".684",".415","1.099","0.289",".400","15","10","26","0","0","9","48","18","0","40","0","14","1","0","0","0","2","4","33","9","0","5","10","2","0","0","0","0","3","0","0","11","0","1","16","0","0","0","0","0","0","0","0","9","0","0","0","51","1","107","16","158",,"0","0","1","0",".386",".599",".474",".443",".420",".213",".546",".508",".455",".461",".009",".085",".031","68.2",3.8,12.3,10.1,35.4,29.1,"6.9",1,9.5,-5.1,50.6,32.2,"91.5","10.8",42.4,3,9.1,6.1,42.4,15.2,27.3,0,42.4,"99.233889412","94.268735152",73,9.3,41.7,31.4,68.6,11,35,53.2,84,88.9,5.7,23,81,29,158,90.7,5,54,46.8,74,46.2,73,18,56.3,33.3,48.5,18.2,33,70.7,36.4,12,27.3,9,36.4,12,0,0,,,,,,,,,,,,,,,,,,,,,,,,,,,,,,,,,,"25.5"
"Pages, Andy",681624,2026,25,63,67,25,16,4,0,5,18,4,26.9,6,".397",".698",".433","1.131","0.301",".500","20","23","44","1","2","18","101","47","0","65","3","17","0","0","0","0","9","7","45","9","0","5","7","2","6","0","0","0","0","0","0","0","0","0","29","1","0","0","0","0","0","0","0","9","2","0","0","107","0","192","29","299",,"0","1","0","0",".298",".490",".494",".360",".340",".192",".673",".472",".556",".418",".099",".208",".134","72.9",30,17.5,13.8,26.2,20.8,"7.8",5,6.8,-2.8,42.3,41.3,"91.9","19.3",35.6,4,8.9,13.3,37.8,22.2,17.8,0,55.6,"102.235013913","95.780420889",67.1,14.9,32.1,41.2,58.8,21,51,53.2,159,69.2,8.7,31,182,69,299,85.1,14,94,46.8,140,39.1,117,24.1,48.5,42.2,26.7,31.1,45,62.7,35.6,16,26.7,12,24.4,11,13.3,6,,,,,,,,,,,"1","1","4","25.0","0","0",,"1","2","50.0","5","6","83.3","2","2","100.0","1.1","2","-0.1","3.1","38.4",,,"27.9"
"Loftin, Nick",679845,2026,27,9,11,2,1,1,0,0,1,2,9.1,18.2,".222",".333",".364","0.697","0.111",".250","0","4","3","0","0","1","18","5","0","4","0","4","0","0","0","0","1","0","8","1","0","3","2","0","1","0","0","0","1","0","0","0","0","0","1","0","0","0","0","0","0","0","0","3","0","0","0","19","0","19","1","38",,"0","0","0","0",".189",".353",".330",".315",".336",".164",".275",".255",".250",".212",".033","-0.020",".015","70.7",9.1,0,0,30,27.3,"7.6",0,12,-20.9,81.8,31.8,"87.2","21.2",25,1,12.5,0,12.5,37.5,37.5,0,37.5,"99.906865","93.9534325",66.7,10,17.4,0,100,0,4,60.5,23,,0,3,24,7,38,90,1,10,39.5,15,34.2,13,7.1,36.8,50,37.5,12.5,8,45.5,37.5,3,37.5,3,12.5,1,12.5,1,,,,,,,,,,,,,,,,,,,,,,,,,,,,,,,,,,"27.5"
"Heineman, Tyler",623168,2026,35,18,20,6,6,0,0,0,3,1,15,5,".333",".333",".400","0.733","0.000",".400","0","5","6","0","0","4","23","7","0","20","0","9","0","0","0","1","2","0","15","4","0","1","7","0","1","0","0","0","1","0","0","0","0","0","3","0","0","0","0","0","0","0","0","3","0","0","0","24","0","49","3","73",,"0","0","0","0",".307",".351",".346",".335",".380",".044",".364",".350",".400",".372",".026","-0.018",".011","65.4",0,6.7,5.9,23.3,20.6,"6.8",1,3.5,-6,44.1,29.7,"86.6","2.9",20,0,0,0,33.3,13.3,46.7,0,33.3,"98.13035","93.065175",79.4,7.4,38.5,20,80,3,15,53.4,39,100,12.3,8,43,17,73,92.6,2,27,46.6,34,35.6,26,11.9,57.5,46.7,26.7,26.7,15,65,60,9,6.7,1,26.7,4,6.7,1,"1","1.88","1.88",,"0",,,,"0.5","74.3",,,,,,,,,,,,,,,,,,,,,,,,"24.2"
"Sánchez, Jesús",660821,2026,28,48,54,14,9,3,0,2,11,3,20.4,5.6,".292",".479",".352","0.831","0.187",".333","9","29","23","0","0","15","65","23","0","45","1","15","1","0","0","2","5","2","38","7","0","7","11","5","1","0","1","0","0","0","0","1","0","1","27","0","0","0","0","0","0","0","0","7","0","0","0","70","1","134","27","204",,"0","0","0","0",".314",".508",".362",".376",".373",".194",".429",".448",".368",".399","-0.022","-0.029","-0.014","71.8",34.1,10.8,8,33.8,25,"6.7",0,6.4,7,43.2,28.9,"91.4","11.6",42.1,3,7.9,7.9,34.2,21.1,28.9,0,44.7,"100.747947368","94.617917895",70.8,16.2,39.8,39.5,60.5,17,43,52.9,108,77.8,4.4,36,111,46,204,83.8,11,68,47.1,96,43.6,89,25.2,54.4,21.1,50,28.9,38,67.9,42.1,16,23.7,9,31.6,12,2.6,1,,,,,,,,,,,"0","0","1","0.0","0","1","0.0","0","0",,"0","0",,"2","2","100.0",,,,,,,,"25.4"
"Lawlar, Jordan",691783,2026,23,18,20,6,4,1,0,1,6,1,30,5,".333",".556",".400","0.956","0.223",".455","2","6","10","0","1","4","36","15","0","13","0","6","0","0","1","1","2","2","12","2","0","4","2","0","0","0","0","0","0","0","0","0","0","0","12","0","0","0","0","0","0","0","0","3","1","0","0","37","0","54","12","91",,"0","0","0","0",".275",".474",".425",".361",".348",".199",".587",".481",".500",".413",".058",".082",".064","71",3,21.7,15.2,39.1,27.3,"7.6",2,17.5,-7.9,60.6,36.1,"90.4","23.4",33.3,1,8.3,8.3,41.7,33.3,0,8.3,41.7,"101.669213333","95.877385833",64.1,16,26.9,57.1,42.9,8,14,57.1,52,66.7,6.6,14,43,25,91,84,4,25,42.9,39,42.9,39,30.8,42.9,75,8.3,16.7,12,45,33.3,4,50,6,16.7,2,0,0,,,,,,,,,,,,,,,,,,,,,,,,,,,,,,,,,,
"Arenado, Nolan",571448,2026,35,58,60,11,8,1,0,2,15,1,25,1.7,".190",".310",".200","0.510","0.120",".214","8","25","18","0","0","14","83","45","0","31","2","16","3","0","0","0","3","6","44","2","0","6","12","6","8","0","0","0","1","0","0","0","0","1","30","0","0","0","0","0","0","0","0","6","0","0","0","89","1","152","30","241",,"0","0","0","0",".208",".299",".225",".225",".219",".091",".291",".290",".250",".276","-0.018",".011",".000","71.2",13.7,7.5,5.3,31.3,22.1,"8.4",2,13.6,-12.8,57.9,32.6,"83.8","23.7",27.3,2,4.5,0,25,40.9,25,4.5,25,"95.095640455","91.621313636",59.3,20.3,32.3,44.2,55.8,19,43,55.2,133,53.3,6.2,31,125,61,241,79.7,13,64,44.8,108,41.5,100,29.9,44.4,40.9,43.2,15.9,44,51.7,34.1,15,27.3,12,20.5,9,18.2,8,,,,,,,,,,,,,,,,,,,,,,,,,,,,,,,,,,"24.8"
"Abreu, Wilyer",677800,2026,27,66,71,22,14,4,1,3,15,5,21.1,7,".333",".561",".380","0.941","0.228",".396","10","30","37","0","0","13","89","44","0","50","1","17","2","0","1","0","8","6","51","8","0","9","13","3","4","0","0","0","0","0","0","0","0","0","21","0","0","0","0","0","0","0","0","9","0","0","0","95","0","168","21","263",,"0","0","0","0",".292",".497",".415",".363",".343",".205",".508",".437",".431",".380",".041",".064",".052","73.4",33,20.7,17.4,32.6,27.5,"7.1",3,7.2,-0.2,51.4,32.1,"91","16.5",29.4,7,13.7,11.8,23.5,19.6,25.5,3.9,51,"103.4443356","96.2121792",64.2,11.6,29.5,34.2,65.8,13,38,49,129,61.9,8,41,160,41,263,88.4,10,86,51,134,44.1,116,18.5,47.1,45.1,33.3,21.6,51,54.9,41.2,21,29.4,15,21.6,11,7.8,4,,,,,,,,,,,"1","0","3","0.0","1","2","50.0","0","0",,"1","1","100.0","2","2","100.0","1.5","1.8","0.2","3.5","35.5",,,"28.0"
"Johnson, Bryce",669369,2026,30,11,13,1,0,1,0,0,6,1,46.2,7.7,".091",".182",".167","0.349","0.091",".200","1","8","2","1","1","4","16","8","0","6","2","10","1","0","0","0","0","0","6","1","0","1","3","0","1","0","0","0","2","4","0","1","1","0","9","1","0","0","0","0","0","0","0","1","1","0","0","18","1","32","9","50",,"0","0","0","0",".055",".087",".167",".114",".134",".032",".259",".132",".200",".121",".036",".095",".053","68.4",0,0,0,40,20,"7.5",0,12.7,-0.7,40,38.8,"85.8","21.9",33.3,0,0,0,0,50,33.3,16.7,16.7,"91.83839","90.303034",63,41.2,30.4,57.1,42.9,4,7,46,23,75,8,13,26,10,50,58.8,7,17,54,27,42,21,45.8,48,33.3,16.7,50,6,69.2,50,3,16.7,1,16.7,1,16.7,1,,,,,,,,,,,,,,,,,,,,,,,,,,,,,,,,,,"27.5"
"Mountcastle, Ryan",663624,2026,29,14,15,4,3,1,0,0,2,1,13.3,6.7,".286",".357",".333","0.690","0.071",".333","1","7","5","0","0","2","15","4","0","19","0","8","0","0","0","0","3","0","12","1","0","2","4","2","0","0","0","0","1","0","0","2","0","0","3","0","0","0","0","0","0","0","0","0","0","0","0","16","0","38","3","54",,"0","0","0","0",".279",".348",".316",".301",".327",".069",".335",".318",".333",".326",".007",".009",".015","74.4",45.2,10.3,9.7,17.2,16.1,"7.5",0,6.9,2.6,54.8,35,"90","8.8",33.3,0,0,16.7,25,16.7,41.7,0,41.7,"103.053788333","95.526894167",84,0,44.8,23.1,76.9,3,13,53.7,29,100,3.7,5,29,7,54,100,0,21,46.3,25,46.3,25,8.8,63,25,41.7,33.3,12,73.3,58.3,7,16.7,2,25,3,0,0,,,,,,,,,,,,,,,,,,,,,,,,,,,,,,,,,,"26.2"
"Sosa, Edmundo",624641,2026,30,17,19,5,2,2,0,1,2,2,10.5,10.5,".294",".588",".368","0.956","0.294",".286","5","8","10","0","0","5","21","9","0","18","2","8","1","0","0","0","1","1","15","3","0","1","6","2","1","0","0","0","1","0","0","0","0","0","4","0","0","0","0","0","0","0","0","4","0","0","0","25","0","48","4","73",,"0","0","0","0",".306",".540",".418",".396",".379",".234",".434",".407",".333",".347","-0.012",".048",".022","72.3",20,13.3,11.4,33.3,28.6,"8.1",0,10.6,-1.4,68.6,35.2,"91.8","11.3",40,1,6.7,13.3,13.3,20,46.7,0,40,"99.28341125","94.419197333",76.5,3.8,33.3,38.5,61.5,5,13,53.4,39,80,6.8,9,39,21,73,96.2,1,26,46.6,34,31.5,23,15.4,53.4,66.7,20,13.3,15,42.1,46.7,7,13.3,2,33.3,5,6.7,1,,,,,,,,,,,,,,,,,,,,,,,,,,,,,,,,"2",,"28.3"
"Gonzales, Nick",693304,2026,27,49,53,12,9,3,0,0,10,4,18.9,7.5,".245",".306",".302","0.608","0.061",".308","8","23","15","0","1","14","59","21","0","46","6","14","2","0","0","0","5","1","39","6","0","6","16","3","2","0","0","0","0","0","0","0","0","0","18","0","0","0","0","0","0","0","0","7","1","0","0","65","0","134","18","199",,"0","0","0","0",".274",".374",".281",".313",".329",".100",".309",".352",".308",".344","-0.029","-0.068","-0.032","69.2",7.1,13.5,10.2,29.7,22.4,"7.4",0,8.5,1.5,41.8,35.2,"87.3","5.1",33.3,1,2.6,10.3,30.8,15.4,38.5,2.6,41,"99.3906445","94.067025128",80.6,15.2,34.3,44.1,55.9,15,34,50.3,99,86.7,7.6,22,97,59,199,84.8,12,79,49.7,98,39.6,78,23.9,56.8,33.3,30.8,35.9,39,64.2,53.8,21,17.9,7,23.1,9,5.1,2,,,,,,,,,,,,,,,,,,,,,,,,,,,,,,,,,"4.42","28.2"
"Higashioka, Kyle",543309,2026,36,21,24,7,6,0,0,1,6,3,25,12.5,".333",".476",".417","0.893","0.143",".429","3","6","10","0","0","4","27","21","0","9","0","7","1","0","0","0","2","1","15","4","0","3","3","1","1","0","0","0","0","0","0","0","0","0","11","0","0","0","0","0","0","0","0","4","0","0","0","33","0","58","11","91",,"0","0","0","0",".288",".486",".404",".379",".377",".198",".505",".463",".467",".403",".045","-0.010",".025","71.6",21.9,13.6,9.4,50,34.4,"7.1",1,9.9,-3.2,56.3,32.5,"93.4","17",33.3,2,13.3,0,40,26.7,20,0,53.3,"100.274045","95.647386",55.8,20.8,27.1,61.5,38.5,8,13,52.7,48,62.5,8.8,9,47,23,91,79.2,5,24,47.3,43,33,30,35.1,40.7,40,33.3,26.7,15,79.2,33.3,5,26.7,4,33.3,5,6.7,1,"3","2.03","2.08","1.92","0",,,,"0.82","74.8",,,,,,,,,,,,,,,,,,,,,,,,
"Pereira, Everson",677592,2026,25,20,21,5,2,1,0,2,9,1,42.9,4.8,".250",".600",".286","0.886","0.350",".333","4","13","12","0","0","4","11","8","0","13","3","6","0","0","0","0","1","2","11","2","0","2","2","1","1","0","0","0","1","0","0","0","0","0","15","0","0","0","0","0","0","0","0","4","0","0","0","13","0","52","15","65",,"0","0","0","0",".267",".636",".383",".395",".302",".369",".667",".689",".455",".485","-0.017","-0.036","-0.012","75.2",57.5,26.1,15,39.1,22.5,"8.2",2,14.3,-2.4,72.5,28.1,"93.6","19.2",63.6,3,27.3,9.1,18.2,18.2,18.2,9.1,54.5,"103.796033333","97.026236364",77.4,25,58.8,70,30,14,20,52.3,34,66.7,9.2,11,29,15,65,75,6,24,47.7,31,43.1,28,45.5,67.7,18.2,45.5,36.4,11,81,27.3,3,36.4,4,27.3,3,9.1,1,,,,,,,,,,,,,,,,,,,,,,,,,,,,,,,,,,"24.6"
"O'Neill, Tyler",641933,2026,31,29,34,7,6,0,0,1,6,3,17.6,8.8,".241",".345",".353","0.698","0.104",".273","4","11","10","0","0","6","45","16","0","16","2","10","0","0","0","2","2","4","23","1","0","3","6","2","5","0","0","0","0","0","0","1","0","0","16","0","0","0","0","0","0","0","0","6","0","0","0","48","0","73","16","121",,"0","0","0","0",".215",".359",".329",".316",".330",".145",".329",".310",".304",".271",".026","-0.014",".013","70.7",3.9,13.9,9.8,30.6,21.6,"7.2",0,15.2,-7.4,64.7,33.3,"86.8","27",34.8,1,4.3,0,21.7,47.8,26.1,0,34.8,"97.834270833","93.188306522",75.4,25.6,21.9,50,50,7,14,52.9,64,90,8.3,9,72,25,121,74.4,11,43,47.1,57,37.2,45,31.6,47.1,39.1,47.8,13,23,58.8,34.8,8,30.4,7,13,3,21.7,5,,,,,,,,,,,,,,,,,,,,,,,,,,,,,,,,,,"26.7"
"Burger, Jake",669394,2026,30,69,72,17,9,4,0,4,22,2,30.6,2.8,".246",".478",".278","0.756","0.232",".302","12","29","33","0","0","18","63","50","0","39","1","17","3","0","0","1","3","4","47","10","0","6","21","3","0","0","0","0","0","0","0","0","0","0","43","0","0","0","0","0","0","0","0","7","0","0","0","69","0","182","43","251",,"0","1","0","0",".248",".463",".333",".319",".279",".215",".464",".442",".362",".364","-0.002",".015",".014","74.4",44.1,24.1,16.9,31.3,22,"7.4",8,9.9,-9.3,62.7,25.7,"90.6","5",34,6,12.8,14.9,14.9,8.5,46.8,2.1,53.2,"103.434559583","96.232625957",63.7,16.7,43.5,56.7,43.3,34,60,55,138,64.7,6.8,28,117,73,251,83.3,12,72,45,113,40.2,101,34.8,52.6,44.7,38.3,17,47,76.4,51.1,24,21.3,10,27.7,13,0,0,,,,,,,,,,,,,,,,,,,,,,,,,,,,,,,,,"4.54","26.5"
"Laureano, Ramón",657656,2026,31,60,66,17,9,3,1,4,14,5,21.2,7.6,".283",".567",".348","0.915","0.284",".310","11","19","34","0","3","13","88","27","0","53","0","16","1","0","0","1","4","6","46","7","0","11","13","3","2","0","0","0","0","0","0","1","0","0","35","0","0","0","0","0","0","0","0","11","1","2","0","93","0","164","35","257",,"0","0","0","0",".291",".557",".401",".392",".356",".266",".482",".469",".370",".380","-0.008",".010",".009","72.1",23.8,16.9,12.3,31.5,23,"7",2,14.5,-2.3,46.7,32.8,"89.3","12.5",37,7,15.2,2.2,28.3,23.9,19.6,10.9,50,"100.973098696","95.29771587",76.6,17.9,31.6,50,50,21,42,51.8,133,81.3,6.2,43,163,33,257,82.1,17,95,48.2,124,38.9,100,27.7,53.3,37,37,26.1,46,65.2,37,17,37,17,21.7,10,4.3,2,,,,,,,,,,,"2","0","2","0.0","2","3","66.7","0","0",,"4","4","100.0","1","1","100.0","1","1.3","0.4","2.7","36.7",,,"28.2"
"Hill, Derek",656537,2026,30,18,22,4,4,0,0,0,8,4,36.4,18.2,".222",".222",".364","0.586","0.000",".400","0","10","4","3","3","4","30","13","0","15","1","13","1","0","0","0","2","0","10","2","0","1","4","1","0","0","0","0","3","1","1","1","0","0","8","3","0","0","0","0","0","0","0","2","3","0","0","35","0","53","8","88",,"0","0","0","0",".244",".285",".295",".324",".388",".041",".364",".440",".400",".461","-0.022","-0.063","-0.029","71.4",6.5,9.5,6.5,28.6,19.4,"7.4",1,15.5,3.6,45.2,38.6,"87.4","8.7",30,0,0,0,40,10,40,0,40,"97.047078","93.10815",69.4,20,28.8,53.3,46.7,8,15,59.1,52,87.5,9.1,16,49,17,88,80,5,25,40.9,36,38.6,34,32.5,45.5,60,30,10,10,59.1,60,6,10,1,30,3,0,0,,,,,,,,,,,,,,,,,,,,,,,,,,,,,,,,"1",,"29.3"
"Torres, Gleyber",650402,2026,29,60,73,12,10,1,0,1,14,12,19.2,16.4,".200",".267",".329","0.596","0.067",".239","4","27","16","0","0","15","120","54","0","51","4","16","1","0","0","0","2","1","47","9","0","13","18","4","0","0","0","0","0","0","0","5","0","1","23","0","0","0","0","0","0","0","0","10","0","0","0","124","1","179","23","303",,"0","0","0","0",".248",".353",".288",".331",".369",".105",".266",".332",".255",".318","-0.048","-0.086","-0.043","67.7",1.8,4.4,3.6,32.2,25.9,"7",1,9.5,8.1,63.4,34.6,"83.9","7.8",44.7,3,6.4,2.1,31.9,21.3,29.8,8.5,23.4,"94.150482917","91.152367021",65.4,18.6,15.6,34.8,65.2,8,23,48.5,147,78.3,7.6,23,179,55,303,81.4,19,102,51.5,156,42.2,128,21.6,41.3,12.8,42.6,44.7,47,56.2,42.6,20,29.8,14,27.7,13,0,0,,,,,,,,,,,,,,,,,,,,,,,,,,,,,,,,,,"24.8"
"Heim, Jonah",641680,2026,31,19,22,3,2,1,0,0,3,3,13.6,13.6,".158",".211",".273","0.484","0.053",".188","2","14","4","0","0","8","28","14","0","8","0","6","0","0","1","0","0","2","16","1","0","3","5","1","4","0","0","0","1","0","0","0","0","0","6","0","0","0","0","0","0","0","0","1","0","0","0","28","0","44","6","72",,"0","0","0","0",".136",".206",".239",".225",".253",".071",".195",".176",".188",".161",".022",".005",".014","70.3",11.1,4.8,3.7,23.8,18.5,"7.3",0,6.9,6.7,70.4,29,"82","27.3",12.5,1,6.3,0,12.5,43.8,31.3,6.3,18.8,"92.178395","90.388039375",56.8,14.3,25.7,33.3,66.7,3,9,48.6,35,100,1.4,8,44,15,72,85.7,3,21,51.4,37,45.8,33,20,41.7,50,12.5,37.5,16,54.5,31.3,5,31.3,5,12.5,2,25,4,"3","1.91","1.91",,"0",,,,"0.7","84.5",,,,,,,,,,,,,,,,,,,,,,,,"24.0"
"Ortiz, Joey",687401,2026,27,45,48,9,9,0,0,0,11,2,22.9,4.2,".200",".200",".234","0.434","0.000",".265","3","29","9","0","3","14","44","47","0","36","2","12","0","0","0","0","6","1","35","2","0","6","17","2","1","0","0","0","1","0","0","0","1","0","11","0","0","0","0","0","0","0","0","7","2","1","0","46","1","133","11","179",,"0","0","0","0",".204",".274",".205",".229",".238",".070",".241",".274",".265",".270","-0.004","-0.074","-0.024","70.8",16,7.9,6.7,31.7,26.7,"7.4",0,0.1,2.8,30.7,29.3,"85.4","-4",14.3,2,5.7,2.9,22.9,17.1,40,11.4,34.3,"96.699267059","92.477259706",55.3,7.7,40,32.4,67.6,11,34,47.5,85,35.7,7.8,14,107,36,179,92.3,4,52,52.5,94,50.8,91,17.4,48,31.4,51.4,17.1,35,62.5,65.7,23,20,7,11.4,4,2.9,1,,,,,,,,,,,,,,,,,,,,,,,,,,,,,,,,,"4.38","28.7"
"Matos, Luis",682641,2026,24,12,13,3,3,0,0,0,6,1,46.2,7.7,".250",".250",".308","0.558","0.000",".500","0","6","3","0","0","3","14","7","0","7","0","5","1","0","0","0","2","0","6","1","0","1","1","0","1","0","0","0","0","0","0","2","0","0","8","0","0","0","0","0","0","0","0","0","0","0","0","15","0","29","8","44",,"0","0","0","0",".127",".183",".265",".177",".194",".056",".455",".266",".500",".255",".123",".067",".088","71.1",15,23.1,15,30.8,20,"7",1,5.9,-1.3,55,24.4,"90.2","19.6",16.7,0,0,16.7,33.3,33.3,16.7,0,50,"102.795326667","96.015783333",63.2,16.7,40,70,30,7,10,56.8,25,50,9.1,4,34,6,44,83.3,2,12,43.2,19,43.2,19,40.9,50,50,33.3,16.7,6,38.5,50,3,16.7,1,16.7,1,16.7,1,,,,,,,,,,,,,,,,,,,,,,,,,,,,,,,,,,
"Alexander, Blaze",677942,2026,27,38,43,8,7,1,0,0,13,2,30.2,4.7,".211",".237",".268","0.505","0.026",".320","1","20","9","1","2","10","44","13","1","35","2","13","3","0","0","1","2","1","26","5","0","2","14","2","0","0","0","0","0","0","0","0","1","0","32","1","0","0","0","0","0","0","0","5","2","0","0","48","1","109","32","157",,"0","1","0","1",".334",".418",".240",".356",".382",".084",".307",".497",".320",".507","-0.123","-0.181","-0.116","72.5",28.9,16.7,10.8,31.5,20.5,"7.5",2,10.7,8.7,50.6,38,"92.1","6.8",38.5,1,3.8,3.8,53.8,3.8,30.8,3.8,53.8,"100.195199231","94.9294256",84.6,30.3,38,50,50,15,30,50.3,79,100,6.4,10,93,44,157,69.7,20,66,49.7,78,47.1,74,36.5,61.1,34.6,46.2,19.2,26,67.4,61.5,16,11.5,3,26.9,7,0,0,,,,,,,,,,,,,,,,,,,,,,,,,,,,,,,,,,"27.8"
"Crawford, Justin",702222,2026,22,52,57,15,10,4,1,0,13,4,22.8,7,".288",".404",".351","0.755","0.116",".385","1","21","21","1","1","11","58","35","0","37","4","16","0","0","0","1","10","3","39","2","0","1","17","4","2","0","0","0","3","0","0","0","0","0","19","1","0","0","0","0","0","0","0","7","1","0","0","62","0","135","19","197",,"0","0","1","0",".220",".275",".342",".260",".288",".055",".408",".288",".385",".293",".068",".129",".082","68.8",4.5,13,10.1,37.7,29.2,"6.9",1,5.4,10.9,46.1,29.2,"88.1","-3.6",25.6,1,2.6,5.1,28.2,10.3,48.7,5.1,30.8,"98.082287368","93.143772105",63.7,13.8,36.8,42.9,57.1,15,35,48.2,95,76.9,6.6,19,136,35,197,86.2,9,65,51.8,102,39.6,78,24,50.8,23.1,38.5,38.5,39,70.2,69.2,27,10.3,4,15.4,6,5.1,2,,,,,,,,,,,"-1","0","3","0.0","0","0",,"0","1","0.0","0","1","0.0","2","2","100.0","-1.9","-0.7","1.2","-1.4","32.7","8","4.15","29.0"
"Caballero, José",676609,2026,29,56,59,10,6,3,0,1,17,2,28.8,3.4,".179",".286",".220","0.506","0.107",".237","6","19","16","0","6","9","81","42","0","40","7","16","2","0","0","1","5","1","39","4","0","10","15","2","2","0","0","0","3","0","0","0","0","0","30","0","0","0","0","0","1","0","0","5","5","1","0","85","0","159","30","244",,"1","2","0","0",".191",".290",".231",".233",".232",".099",".294",".297",".256",".275","-0.012","-0.004","-0.002","68.4",2.9,7.2,4.9,27.5,18.4,"6.8",2,10.4,2,52.4,31.6,"82.2","8.6",30.8,2,5.1,2.6,20.5,28.2,30.8,12.8,28.2,"96.568605789","92.363419211",66.4,30.1,32.8,36.4,63.6,16,44,54.9,134,87.5,6.6,37,145,43,244,69.9,22,73,45.1,110,41,100,32.5,48,56.4,30.8,12.8,39,61,51.3,20,28.2,11,15.4,6,5.1,2,,,,,,,,,,,,,,,,,,,,,,,,,,,,,,,,,"4.29","28.1"
"Canzone, Dominic",686527,2026,28,35,40,7,2,3,0,2,7,3,17.5,7.5,".200",".457",".275","0.732","0.257",".185","5","22","16","0","1","11","47","23","0","18","3","14","0","0","0","1","0","3","29","4","0","10","6","2","3","0","0","0","6","0","0","13","0","1","17","0","0","0","1","0","0","0","0","7","1","0","0","55","1","92","17","147",,"0","0","0","0",".280",".558",".320",".386",".351",".278",".342",".434",".241",".347","-0.080","-0.101","-0.066","74.6",45.2,26.2,17.7,47.6,32.3,"7.6",1,15.3,-6.4,64.5,31.5,"94.1","27.6",37.9,4,13.8,3.4,24.1,44.8,13.8,0,48.3,"101.68377","96.13038931",64.7,25,31.6,44,56,11,25,53.7,79,75,5.4,45,61,36,147,75,11,44,46.3,68,42.9,63,31.9,46.9,34.5,34.5,31,29,55,20.7,6,44.8,13,24.1,7,10.3,3,,,,,,,,,,,,,,,,,,,,,,,,,,,,,,,,,,"25.7"
"Williams, Carson",700246,2026,23,23,25,3,2,1,0,0,9,1,36,4,".130",".174",".167","0.341","0.044",".214","3","11","4","0","0","7","28","15","0","16","0","7","0","0","0","0","2","0","15","1","0","4","5","1","2","0","0","0","0","1","0","0","1","0","16","0","0","0","0","0","0","0","0","4","0","0","0","30","1","62","16","92",,"0","0","0","0",".178",".201",".159",".190",".213",".023",".222",".275",".214",".293","-0.048","-0.027","-0.031","74",29.3,6.9,4.9,24.1,17.1,"7.3",1,10,4.2,61,33.1,"83.5","18",20,0,0,0,33.3,26.7,13.3,26.7,20,"97.07588","92.850607857",66,25.8,35.6,50,50,8,16,48.9,45,88.9,9.8,12,57,9,92,74.2,8,31,51.1,47,42.4,39,34,51.1,20,33.3,46.7,15,64,46.7,7,26.7,4,13.3,2,13.3,2,,,,,,,,,,,,,,,,,,,,,,,,,,,,,,,,,,"27.2"
"Carroll, Corbin",682998,2026,25,57,66,17,8,4,3,2,17,8,25.8,12.1,".298",".579",".379","0.958","0.281",".385","11","16","33","0","1","13","97","42","0","39","3","16","0","0","0","0","5","4","41","8","0","7","13","4","0","0","0","0","1","0","0","3","0","1","34","0","0","0","0","0","0","0","0","10","1","0","0","102","1","163","34","265",,"0","0","0","0",".308",".550",".413",".403",".388",".242",".527",".510",".415",".429","-0.010",".029",".010","75.2",54.6,14.7,10.2,32,22.2,"7.7",1,12.5,0.4,65.7,26.5,"91.9","6.4",39,5,12.2,2.4,29.3,17.1,39,0,43.9,"101.281461905","94.967522683",60.7,23.1,35.4,46.4,53.6,26,56,59.6,158,66.7,2.3,40,144,76,265,76.9,15,65,40.4,107,44.2,117,33.9,45.7,41.5,31.7,26.8,41,50,43.9,18,26.8,11,29.3,12,0,0,,,,,,,,,,,"1","0","2","0.0","1","1","100.0","3","3","100.0","3","3","100.0","0","1","0.0","1.3","0.2","-0.8","0.8","34.9","6",,"29.7"
"Chapman, Matt",656305,2026,33,66,71,18,13,3,1,1,13,5,18.3,7,".273",".394",".324","0.718","0.121",".327","7","24","26","1","0","16","91","51","0","41","0","17","3","0","0","0","7","2","53","9","0","4","22","3","6","0","0","0","0","0","0","0","0","0","20","1","0","0","2","0","0","0","0","8","0","0","0","95","0","166","20","261",,"0","1","0","0",".254",".333",".324",".287",".307",".079",".367",".318",".340",".317",".019",".061",".037","75.5",55.2,17.9,14.6,34.6,28.1,"7.3",1,2.1,0.2,35.4,26.2,"88.7","4.5",18.9,2,3.8,3.8,24.5,22.6,39.6,3.8,34,"101.132560385","94.664897308",61.4,12.8,27.6,29.7,70.3,11,37,51.3,134,80,5.7,32,162,47,261,87.2,10,78,48.7,127,45.2,118,18.3,44.1,37.7,34,28.3,53,63.4,54.7,29,11.3,6,22.6,12,11.3,6,,,,,,,,,,,,,,,,,,,,,,,,,,,,,,,,,"4.44","28.2"
"Albies, Ozzie",645277,2026,29,69,76,20,16,1,0,3,13,5,17.1,6.6,".290",".435",".342","0.777","0.145",".315","7","28","30","1","0","16","106","21","0","57","4","18","1","0","0","1","7","4","57","9","0","14","18","2","3","0","0","0","1","0","0","0","0","1","32","1","0","0","0","0","1","0","0","12","0","0","0","110","1","173","32","283",,"1","0","0","0",".233",".361",".348",".289",".291",".128",".389",".309",".351",".283",".057",".074",".059","69.6",5.2,7.9,6,34.7,26.1,"7.3",2,12.3,-7.2,59.7,34.5,"86","14.2",33.3,2,3.5,8.8,22.8,26.3,33.3,5.3,29.8,"96.74434931","92.448879474",83.2,19.1,34.1,34.5,65.5,20,58,60.1,170,82.4,6,62,127,71,283,80.9,18,94,39.9,113,35.3,100,25,53.7,31.6,57.9,10.5,57,50,43.9,25,31.6,18,19.3,11,5.3,3,,,,,,,,,,,,,,,,,,,,,,,,,,,,,,,,,,"27.3"
"Fernandez, Jose",699912,2026,22,44,44,14,10,2,0,2,12,0,27.3,0,".318",".500",".318","0.818","0.182",".400","8","12","22","0","1","11","56","35","0","27","2","13","1","0","0","0","5","4","32","5","0","2","8","2","6","0","0","0","0","1","0","5","0","0","24","0","0","0","0","0","0","0","0","8","1","0","0","61","0","120","24","181",,"0","1","0","0",".245",".419",".362",".284",".245",".174",".497",".390",".438",".336",".073",".081",".078","75.1",53.3,17.3,12,30.8,21.3,"8",1,9.6,-9.6,53.3,33.2,"86","14.8",37.5,3,9.4,0,31.3,28.1,15.6,15.6,34.4,"100.032175625","94.226333548",55.4,19.6,39.8,43.6,56.4,17,39,54.1,98,66.7,6.6,21,101,37,181,80.4,9,46,45.9,83,37.6,68,30.6,47,53.1,31.3,15.6,32,56.8,40.6,13,18.8,6,21.9,7,18.8,6,,,,,,,,,,,,,,,,,,,,,,,,,,,,,,,,"1",,"29.4"
"Sanoja, Javier",691594,2026,23,42,43,15,12,3,0,0,6,1,14,2.3,".357",".429",".372","0.801","0.072",".417","7","13","18","1","2","14","38","33","0","24","2","13","0","0","0","0","8","0","36","7","0","6","10","4","1","0","0","0","0","0","0","0","0","0","9","1","0","0","0","0","0","0","0","1","1","1","0","40","0","106","9","146",,"0","0","0","0",".265",".322",".361",".265",".282",".057",".411",".297",".417",".310",".092",".107",".096","69.5",9.1,10.5,9.1,47.4,40.9,"7.4",2,3.8,-4.2,47,22.9,"89.4","8.4",33.3,1,2.8,0,22.2,27.8,47.2,0,36.1,"98.073270556","93.234641389",54.8,12.5,45.2,21.2,78.8,7,33,50,73,75,5.5,27,69,45,146,87.5,5,40,50,73,42.5,62,16.4,50,44.4,38.9,16.7,36,74.4,50,18,16.7,6,30.6,11,2.8,1,,,,,,,,,,,,,,,,,,,,,,,,,,,,,,,,"1","4.37","27.8"
"Goldschmidt, Paul",502671,2026,38,15,19,3,0,2,0,1,5,3,26.3,15.8,".200",".533",".368","0.901","0.333",".222","3","4","8","0","0","2","27","18","0","23","0","6","0","0","0","1","1","1","10","1","0","0","5","1","1","0","0","0","2","0","0","0","0","0","6","0","0","0","0","0","0","0","0","4","0","0","0","29","0","57","6","86",,"0","0","0","0",".206",".378",".399",".346",".373",".172",".470",".370",".300",".310","-0.006",".155",".053","73.5",31.4,13.3,11.4,16.7,14.3,"7.7",0,10.1,3.2,42.9,34.2,"86.1","4.3",20,1,10,0,20,10,50,10,40,"101.293702","94.646851",65.2,13.3,22.5,22.2,77.8,2,9,46.5,40,75,9.3,21,38,27,86,86.7,4,30,53.5,46,39.5,34,15.4,45.3,30,50,20,10,63.2,60,6,10,1,20,2,10,1,,,,,,,,,,,,,,,,,,,,,,,,,,,,,,,,,,"25.2"
"Schneider, Davis",676914,2026,27,24,30,6,3,2,0,1,9,6,30,20,".250",".458",".400","0.858","0.208",".357","5","8","11","0","0","5","63","28","0","21","0","11","0","0","1","0","1","1","15","4","0","3","5","0","1","0","0","0","2","1","0","0","0","0","7","0","0","0","0","0","0","0","0","8","0","0","0","63","0","72","7","135",,"0","0","0","0",".243",".456",".390",".379",".395",".212",".495",".474",".400",".389",".007",".002",".011","71.7",23.7,18.8,15.8,37.5,31.6,"7",1,16.6,1.2,57.9,33,"93.9","22.2",46.7,4,26.7,0,26.7,26.7,13.3,6.7,60,"103.2284075","97.59247",54.8,14.7,13.7,30,70,3,10,54.1,73,73.3,11.1,10,72,34,135,85.3,5,34,45.9,62,35.6,48,18.2,32.6,60,20,20,15,50,40,6,26.7,4,26.7,4,6.7,1,,,,,,,,,,,,,,,,,,,,,,,,,,,,,,,,,,"26.4"
"Arraez, Luis",650333,2026,29,60,67,20,17,1,2,0,4,4,6,6,".333",".417",".364","0.781","0.084",".345","6","16","25","0","2","10","94","49","0","52","3","16","1","0","0","0","11","3","59","6","0","13","18","4","4","0","0","0","0","0","0","1","1","2","9","0","0","0","2","0","0","0","0","6","1","1","0","97","3","173","9","270",,"0","0","0","0",".286",".353",".347",".301",".324",".067",".346",".294",".345",".299",".047",".064",".046","62.1",0,1.1,1,42.1,38.1,"5.7",0,8.6,4.4,55.2,36.6,"85.4","14.6",30.5,0,0,5.1,20.3,32.2,37.3,5.1,18.6,"93.665246897","90.896088276",64.6,8.6,24.6,12.9,87.1,4,31,46.7,126,74.1,10,17,207,34,270,91.4,8,93,53.3,144,40.4,109,9.7,45.9,35.6,40.7,23.7,59,46.3,49.2,29,27.1,16,16.9,10,6.8,4,,,,,,,,,,,,,,,,,,,,,,,,,,,,,,,,,"4.66","26.1"
"Horwitz, Spencer",687462,2026,28,43,52,10,8,1,0,1,10,8,19.2,15.4,".233",".326",".346","0.672","0.093",".273","3","24","14","0","0","15","81","48","0","25","2","15","2","0","1","0","5","1","34","4","0","7","8","3","5","0","0","0","4","0","0","0","0","1","11","0","0","0","0","0","0","0","0","6","0","0","0","87","1","123","11","210",,"0","0","0","0",".164",".225",".315",".256",".296",".061",".314",".224",".294",".217",".069",".101",".059","66.8",3,9.3,7.5,42.6,34.3,"6.8",1,8.5,-0.9,50.7,34.4,"83.7","20.1",23.5,0,0,8.8,17.6,38.2,29.4,5.9,26.5,"95.015097059","91.510045882",44.6,11.1,27.5,36.7,63.3,11,30,51.9,109,35.7,6.7,38,119,43,210,88.9,5,45,48.1,101,40,84,21.3,35.7,26.5,26.5,47.1,34,53.8,38.2,13,23.5,8,23.5,8,14.7,5,,,,,,,,,,,,,,,,,,,,,,,,,,,,,,,,,,"23.4"
"Refsnyder, Rob",608701,2026,35,16,19,0,0,0,0,0,5,3,26.3,15.8,".000",".000",".158","0.158","0.000",".000","0","6","0","0","0","1","36","17","0","16","2","8","0","0","0","0","0","0","11","0","0","2","3","1","5","0","0","0","4","0","0","6","0","0","5","0","0","0","0","0","0","0","0","0","0","0","0","39","0","51","5","90",,"0","0","0","0",".065",".102",".112",".172",".213",".037",".000",".103",".000",".094","-0.065","-0.102","-0.060","72.7",23.3,4.2,3.3,20.8,16.7,"7.5",0,10.6,5.7,56.7,35.1,"84.3","37.6",9.1,0,0,0,9.1,54.5,27.3,9.1,27.3,"94.105173333","91.478231818",64.4,13.8,11.1,60,40,3,5,50,45,50,8.9,14,58,13,90,86.2,4,29,50,45,42.2,38,20.6,37.8,27.3,18.2,54.5,11,63.2,27.3,3,18.2,2,9.1,1,45.5,5,,,,,,,,,,,,,,,,,,,,,,,,,,,,,,,,,,
"Witt Jr., Bobby",677951,2026,26,63,74,17,14,3,0,0,13,10,17.6,13.5,".270",".317",".365","0.682","0.047",".333","7","30","20","1","8","15","101","44","0","52","5","17","4","0","0","0","6","1","51","10","0","9","11","5","7","0","2","0","0","0","0","0","0","1","27","1","0","0","0","0","0","0","0","1","7","1","0","103","1","180","27","283",,"0","0","0","0",".312",".461",".310",".379",".410",".149",".326",".424",".333",".399","-0.042","-0.144","-0.069","73.1",36.4,18.5,13.6,29.6,21.8,"7",1,6.3,-1.9,54.5,27.7,"93.4","17.8",35.3,6,11.8,3.9,35.3,31.4,13.7,3.9,54.9,"104.714033077","97.341974118",68.8,17.4,31.6,36,64,18,50,55.8,158,65,7.1,15,169,68,283,82.6,15,86,44.2,125,42.4,120,24.3,48.1,27.5,41.2,31.4,51,64.4,33.3,17,19.6,10,31.4,16,15.7,8,,,,,,,,,,,,,,,,,,,,,,,,,,,,,,,,"10",,"29.7"
"Wetherholt, JJ",802139,2026,23,65,77,15,11,1,0,3,14,10,18.2,13,".231",".385",".338","0.723","0.154",".245","8","21","25","0","3","13","120","45","0","55","2","17","0","0","0","1","3","4","52","8","0","12","19","3","3","0","0","0","0","0","0","0","0","1","32","0","0","0","0","0","0","0","0","13","3","0","0","131","1","187","32","318",,"0","0","1","0",".227",".388",".331",".337",".344",".161",".339",".349",".288",".297",".004","-0.003","-0.006","72.1",21.7,10.6,8.5,30.8,24.8,"7.5",5,13.2,4.5,65.1,31.8,"89.8","13.8",38.5,4,7.7,13.5,19.2,23.1,34.6,0,40.4,"99.045950385","93.712911569",69.7,19.8,21.7,38.9,61.1,14,36,52.2,166,66.7,4.7,45,194,44,318,80.2,21,106,47.8,152,43.7,139,24.6,44.7,53.8,34.6,11.5,52,59.7,42.3,22,30.8,16,21.2,11,5.8,3,,,,,,,,,,,,,,,,,,,,,,,,,,,,,,,,,"4.33","27.2"
"Moniak, Mickey",666160,2026,28,37,39,9,4,0,0,5,9,1,23.1,2.6,".243",".649",".256","0.905","0.406",".167","9","16","24","0","0","7","40","18","0","40","0","11","1","0","0","0","1","6","29","2","0","6","6","1","7","0","0","0","2","0","0","1","0","1","14","0","0","0","0","0","0","0","0","6","0","0","0","44","1","105","14","149",,"0","0","0","0",".221",".552",".382",".323",".235",".331",".489",".410",".310",".282",".022",".097",".059","74.3",40.8,7.9,6.6,27,22.4,"7.9",1,15.3,-11.3,48.7,33.4,"87.3","32.7",24.1,4,13.8,3.4,13.8,48.3,20.7,0,31,"97.533024667","92.961037931",77,5.3,40,50,50,15,30,50.3,75,81.8,7.4,34,62,36,149,94.7,3,57,49.7,74,37.6,56,20.7,58.4,41.4,24.1,34.5,29,69.2,24.1,7,41.4,12,10.3,3,24.1,7,,,,,,,,,,,"-2","0","0",,"0","0",,"0","0",,"2","2","100.0","1","1","100.0",,,,,,,,"27.3"
"Mateo, Jorge",622761,2026,31,16,17,7,5,1,0,1,5,1,29.4,5.9,".438",".688",".471","1.159","0.250",".600","3","3","11","0","1","2","21","11","0","17","1","9","0","0","1","0","2","1","11","4","0","3","1","0","0","0","0","0","2","2","0","2","0","0","8","0","0","0","0","0","0","0","0","7","0","1","0","22","0","51","8","73",,"0","0","0","0",".322",".511",".510",".378",".362",".189",".723",".519",".636",".468",".116",".177",".132","74",44.1,19.2,14.7,30.8,23.5,"7.8",1,9.7,-8.5,58.8,31.5,"95.9","17.8",54.5,2,18.2,0,36.4,27.3,18.2,0,45.5,"104.19538","96.92289",65.7,13,44.7,41.2,58.8,7,17,52.1,38,75,5.5,7,42,17,73,87,3,23,47.9,35,39.7,29,25,54.8,63.6,27.3,9.1,11,52.9,27.3,3,36.4,4,36.4,4,0,0,,,,,,,,,,,,,,,,,,,,,,,,,,,,,,,,"3",,"29.6"
"Kirk, Alejandro",672386,2026,27,20,22,3,1,1,0,1,2,2,9.1,9.1,".150",".350",".227","0.577","0.200",".118","2","11","7","0","0","6","22","11","0","16","1","5","1","0","0","0","0","1","18","2","0","1","10","2","2","0","0","0","0","0","0","0","0","0","4","0","0","0","0","0","0","0","0","2","0","0","0","23","0","51","4","74",,"0","0","0","0",".254",".343",".261",".299",".322",".090",".240",".286",".167",".282","-0.104",".007","-0.038","70.5",17.6,10.3,8.8,27.6,23.5,"7.1",1,3,7.7,47.1,23.3,"85.5","4.7",33.3,1,5.6,5.6,27.8,11.1,33.3,16.7,44.4,"100.058673333","94.029336667",65.8,4,41.7,33.3,66.7,5,15,48.6,36,83.3,8.1,7,39,20,74,96,1,25,51.4,38,47.3,35,15,54.1,38.9,44.4,16.7,18,68.2,55.6,10,11.1,2,22.2,4,11.1,2,"5","1.97","1.97","1.97","0",,,,"0.61","79.8",,,,,,,,,,,,,,,,,,,,,,,,"22.8"
"Murakami, Munetaka",808959,2026,26,54,70,9,4,0,0,5,22,15,31.4,21.4,".167",".444",".343","0.787","0.277",".143","9","19","24","0","0","8","115","54","0","30","4","17","1","0","0","0","3","5","33","1","0","8","12","2","2","0","2","0","0","0","0","1","0","1","36","0","0","0","0","0","0","0","0","12","0","0","0","124","1","158","36","282",,"0","0","0","0",".207",".506",".345",".375",".377",".299",".430",".495",".273",".343","-0.040","-0.062","-0.030","74.1",45.7,26.7,17,38.3,24.5,"7.7",2,17.6,-0.5,45.7,33.1,"92.8","13.3",33.3,7,21.2,9.1,18.2,18.2,27.3,3,57.6,"104.524930625","97.50803875",57,28.8,20.1,64.5,35.5,20,31,54.6,154,76,8.9,51,145,70,282,71.2,21,73,45.4,128,35.5,100,39.4,36.9,48.5,42.4,9.1,33,60.3,45.5,15,39.4,13,9.1,3,6.1,2,,,,,,,,,,,,,,,,,,,,,,,,,,,,,,,,,,"26.8"
"Kiner-Falefa, Isiah",643396,2026,31,15,16,2,2,0,0,0,3,1,18.8,6.3,".133",".133",".188","0.321","0.000",".167","0","9","2","0","0","2","12","11","0","8","0","7","1","0","0","0","1","1","12","0","0","3","5","0","0","0","0","0","2","0","0","0","0","0","7","0","0","0","0","0","0","0","0","2","0","0","0","12","0","38","7","50",,"0","0","0","0",".148",".158",".158",".172",".204",".010",".152",".170",".167",".188","-0.015","-0.025","-0.014","66",0,5.9,4.5,23.5,18.2,"6.5",1,3.5,2.6,36.4,32.2,"78.4","28.1",16.7,0,0,0,8.3,41.7,25,16.7,16.7,"91.149028","91.117656",57.7,13.3,50,41.7,58.3,5,12,48,24,40,10,5,27,11,50,86.7,2,15,52,26,36,18,25.9,54,41.7,16.7,41.7,12,93.8,50,6,33.3,4,0,0,16.7,2,,,,,,,,,,,,,,,,,,,,,,,,,,,,,,,,,,"26.5"
"Correa, Carlos",621043,2026,31,59,65,17,13,3,0,1,9,6,13.8,9.2,".288",".390",".354","0.744","0.102",".327","9","45","23","0","1","26","86","41","0","43","3","15","3","0","1","0","7","1","50","9","0","7","17","7","2","0","1","0","1","0","0","0","0","0","26","0","0","0","0","0","0","0","0","13","1","0","0","91","0","163","26","254",,"0","1","0","0",".311",".500",".334",".376",".374",".190",".356",".411",".340",".367","-0.023","-0.110","-0.042","73.6",36.8,19.5,15.1,36.6,28.3,"7.3",1,8.6,-2.1,38.7,35.3,"91.2","8.7",40,5,10,6,28,18,38,0,44,"102.5679092","95.3845182",64.5,18.8,32.3,33.3,66.7,14,42,51.2,130,68.2,8.7,25,141,61,254,81.3,15,80,48.8,124,40.2,102,23.8,48,40,36,24,50,54.7,48,24,16,8,32,16,4,2,,,,,,,,,,,,,,,,,,,,,,,,,,,,,,,,,,"27.2"
"Marchán, Rafael",665561,2026,27,19,20,1,0,0,0,1,3,0,15,0,".053",".211",".100","0.311","0.158",".000","2","11","4","0","0","4","20","11","0","17","0","5","0","0","0","1","0","1","16","0","0","8","1","2","4","0","0","0","0","0","0","0","0","0","6","0","0","0","0","0","0","0","0","1","0","0","0","23","0","50","6","73",,"0","0","0","0",".086",".199",".143",".150",".132",".112",".132",".141",".063",".103","-0.033",".012","-0.007","66.2",0,0,0,43.3,37.1,"7.5",0,12.2,-3.4,57.1,34.4,"87.3","41.8",31.3,1,6.3,6.3,0,75,6.3,6.3,25,"95.31439625","91.872358125",68.3,10.7,34.4,27.3,72.7,3,11,43.8,32,87.5,11,12,51,10,73,89.3,3,28,56.2,41,39.7,29,15.4,53.4,25,50,25,16,60,6.3,1,56.3,9,12.5,2,25,4,"2","1.94","1.88","2","0",,,,"0.62","81.4",,,,,,,,,,,,,,,,,,,,,,,,
"Soderstrom, Tyler",691016,2026,24,64,72,13,7,3,1,2,16,8,22.2,11.1,".203",".375",".292","0.667","0.172",".239","13","33","24","0","1","20","94","39","0","49","3","17","3","0","0","0","2","5","48","5","1","8","23","2","2","0","0","0","0","0","0","0","0","0","32","0","0","0","0","0","0","0","0","7","1","0","0","104","0","171","32","275",,"0","1","0","0",".227",".408",".303",".319",".313",".181",".336",".359",".271",".302","-0.024","-0.033","-0.016","74.2",50.8,15.1,11,31.4,22.9,"7.5",2,11.4,-4.3,55.9,28.6,"89.7","9",22.9,4,8.3,8.3,12.5,25,39.6,6.3,43.8,"101.3019925","94.854672292",69.2,13.3,29,54.8,45.2,23,42,52.7,145,76.5,6.2,48,135,75,275,86.7,12,90,47.3,130,42.9,118,26.5,48,41.7,47.9,10.4,48,59.7,52.1,25,27.1,13,14.6,7,6.3,3,,,,,,,,,,,"-1","0","4","0.0","0","0",,"1","2","50.0","2","3","66.7","4","4","100.0","1","-0.1","0.7","1.6","34.4",,"4.49","26.4"
"Dingler, Dillon",693307,2026,27,48,57,13,8,2,0,3,10,3,17.5,5.3,".271",".500",".364","0.864","0.229",".286","12","19","24","0","0","13","61","30","2","36","2","15","3","0","0","4","4","4","39","5","0","5","15","5","0","0","0","0","0","0","0","1","0","0","21","0","0","0","0","0","0","0","0","8","0","0","0","68","0","128","21","196",,"0","1","0","2",".306",".605",".387",".428",".396",".298",".426",".487",".342",".389","-0.035","-0.105","-0.041","71.5",11.6,19.7,15.1,40.9,31.4,"7.7",1,11.9,2.7,61.6,40.9,"92.8","7.4",42.1,6,15.8,5.3,21.1,15.8,39.5,0,57.9,"101.901257895","96.150811892",66.3,9.5,34.7,48.6,51.4,17,35,51.5,101,66.7,7.7,24,108,35,196,88.9,6,63,48.5,95,43.4,85,23.5,50,44.7,36.8,18.4,38,64.9,50,19,23.7,9,26.3,10,0,0,"6","1.9","1.9","1.93","0",,,,"0.64","88.3",,,,,,,,,,,,,,,,,,,,,,,"4.57","27.3"
"Beavers, Dylan",687637,2026,24,43,49,10,8,1,0,1,10,5,20.4,10.2,".233",".326",".306","0.632","0.093",".273","5","17","14","1","1","9","78","41","0","37","3","14","1","0","0","0","5","2","34","3","0","6","12","3","3","0","0","0","5","1","0","5","0","1","14","1","0","0","0","0","0","0","0","7","1","0","0","80","1","130","14","210",,"0","0","0","0",".234",".337",".291",".289",".308",".103",".314",".312",".294",".297","-0.001","-0.011",".002","71.7",17.3,11.1,8.6,31.7,24.7,"7.5",0,9.2,-5.2,50.6,37.8,"86.6","15",26.5,1,2.9,2.9,29.4,26.5,35.3,2.9,32.4,"98.119212941","93.132680882",61.9,12.3,22.9,41.7,58.3,10,24,50,105,86.7,7.1,52,99,49,210,87.7,8,65,50,105,36.2,76,20.2,42.4,38.2,44.1,17.6,34,63.3,50,17,23.5,8,17.6,6,8.8,3,,,,,,,,,,,"-3","0","2","0.0","0","1","0.0","0","1","0.0","0","1","0.0","3","3","100.0","-1.1","-0.6","0.1","-1.6","32.5",,,"29.2"
"Abrams, CJ",682928,2026,25,59,68,21,13,2,0,6,10,6,14.7,8.8,".356",".695",".426","1.121","0.339",".341","19","23","41","2","4","20","75","39","0","33","2","16","2","0","0","2","5","8","50","8","0","8","13","5","3","0","0","0","1","0","0","0","0","1","32","2","0","0","0","0","1","0","0","12","4","0","0","86","1","157","32","243",,"1","1","0","0",".337",".603",".483",".432",".410",".266",".542",".472",".420",".398",".019",".092",".051","72",23.3,24.7,17.5,41.1,29.1,"7.7",4,13.2,-6.8,58.7,29.4,"91.9","16.6",38,7,14,10,32,20,24,0,50,"102.0747536","95.4489742",67.3,16.2,33.1,52.3,47.7,23,44,54.7,133,92.3,5.3,30,102,79,243,83.8,12,74,45.3,110,41.2,100,29.7,48.6,44,36,20,50,61.8,36,18,32,16,26,13,6,3,,,,,,,,,,,,,,,,,,,,,,,,,,,,,,,,"1",,"28.3"
"Nuñez, Nasim",683083,2026,25,52,58,11,10,1,0,0,12,5,20.7,8.6,".212",".231",".293","0.524","0.019",".275","5","23","12","1","7","15","84","37","0","50","4","15","0","0","0","1","5","1","40","4","1","6","15","7","1","0","0","0","0","1","0","1","0","0","27","0","1","0","0","0","0","1","0","8","7","0","0","87","0","165","27","252",,"1","0","0","0",".225",".269",".253",".267",".305",".044",".260",".280",".275",".293","-0.013","-0.038","-0.014","67.2",1.8,7.5,5.5,28.7,21.1,"6.7",2,4.4,9,42.2,32.2,"85.1","7.8",30,0,0,0,25,27.5,42.5,5,17.5,"94.418902105","91.243953421",69.2,21.7,34.1,33.3,66.7,15,45,52.4,132,88.9,7.1,43,142,48,252,78.3,18,83,47.6,120,43.7,110,25.8,50.8,30,45,25,40,69,50,20,17.5,7,27.5,11,5,2,,,,,,,,,,,,,,,,,,,,,,,,,,,,,,,,"9",,"29.8"
"Baty, Brett",683146,2026,26,55,57,12,8,3,1,0,18,0,31.6,0,".218",".309",".211","0.520","0.091",".308","7","28","17","0","2","12","63","39","0","46","3","15","2","0","0","0","6","0","39","6","0","10","13","3","1","0","0","0","0","0","0","3","0","2","29","0","0","0","0","0","0","0","0","6","2","0","0","69","2","157","29","226",,"0","2","0","0",".216",".326",".225",".227",".210",".110",".328",".332",".308",".307",".002","-0.017","-0.002","74.8",54.4,15.6,11.7,33.8,25.2,"7.6",3,10.6,1.7,46.6,37.7,"90.8","8.3",30.8,3,7.7,5.1,23.1,23.1,38.5,2.6,35.9,"99.936393684","94.38461",65.8,18.7,38.4,41.9,58.1,18,43,49.6,112,80,8.8,55,128,24,226,81.3,14,75,50.4,114,46,104,27.1,52.2,35.9,30.8,33.3,39,70.2,48.7,19,25.6,10,23.1,9,2.6,1,,,,,,,,,,,,,,,,,,,,,,,,,,,,,,,,,"4.38","27.1"
"Jeffers, Ryan",680777,2026,29,41,51,13,9,2,0,2,10,8,19.6,15.7,".317",".512",".440","0.952","0.195",".367","10","10","21","0","0","11","75","40","0","38","2","12","1","0","0","1","3","2","32","8","0","6","8","1","4","0","0","0","0","0","0","1","0","0","18","0","0","0","0","0","0","0","0","10","0","0","0","80","0","130","18","210",,"0","2","0","0",".283",".506",".420",".402",".412",".222",".469",".439",".406",".372",".034",".006",".018","72.9",36.3,20.6,16.3,31.7,25,"7.2",2,9.3,-2.9,52.5,29,"92.7","18.8",34.4,5,15.6,9.4,18.8,28.1,25,3.1,50,"105.08188125","97.054900625",60.6,11.7,27,43.3,56.7,13,30,52.9,111,87.5,7.6,37,107,50,210,88.3,7,60,47.1,99,45.2,95,22.2,42.9,46.9,28.1,25,32,62.7,34.4,11,25,8,28.1,9,12.5,4,"4","2.01","2.01",,"1","1.51",,"1.51","0.68","81.2",,,,,,,,,,,,,,,,,,,,,,,,"26.3"
"Crow-Armstrong, Pete",691718,2026,24,68,73,15,12,2,0,1,22,3,30.1,4.1,".221",".294",".264","0.558","0.073",".311","5","35","20","1","4","18","69","30","0","66","3","17","2","0","0","1","9","1","47","4","1","12","13","0","7","0","1","0","0","0","0","0","1","0","36","1","0","0","1","0","0","0","0","11","3","1","0","75","1","185","36","260",,"0","0","0","0",".202",".319",".250",".245",".247",".116",".339",".331",".326",".299",".019","-0.025",".005","74",43.5,15.7,12.2,24.5,19.1,"7.3",7,16,-8.2,54.2,33.8,"91.8","23.5",17,2,4.3,6.4,23.4,36.2,21.3,8.5,44.7,"102.225194545","95.485553488",71,15.9,49.3,40.3,59.7,27,67,52.3,136,81.8,4.2,45,122,65,260,84.1,14,88,47.7,124,44.6,116,26.5,59.6,48.9,27.7,23.4,47,70.8,46.8,22,27.7,13,8.5,4,17,8,,,,,,,,,,,"3","2","3","66.7","1","1","100.0","0","1","0.0","4","4","100.0","4","4","100.0","1.8","3.6","0.5","5.9","41","3",,"29.3"
"Bauers, Jake",641343,2026,30,50,55,12,6,1,0,5,11,5,20,9.1,".240",".560",".309","0.869","0.320",".206","13","32","28","1","2","18","68","28","0","34","4","15","1","0","0","0","3","5","39","4","0","6","16","3","2","0","1","0","2","0","0","0","0","0","22","0","1","0","0","0","0","0","0","10","2","0","0","76","0","128","22","204",,"0","0","0","0",".278",".570",".373",".384",".343",".293",".444",".459",".308",".356","-0.038","-0.010","-0.011","76.1",71.6,23.5,18.2,36.8,28.4,"7.6",6,10.8,-2.4,52.3,33.7,"93.7","7.7",28.2,6,15.4,5.1,17.9,17.9,41,2.6,56.4,"103.9082925","97.325938205",75.9,18.3,18.8,66.7,33.3,12,18,47.1,96,82.4,8.3,31,106,50,204,81.7,15,82,52.9,108,38.7,79,27,49,51.3,33.3,15.4,39,70.9,48.7,19,28.2,11,17.9,7,5.1,2,,,,,,,,,,,,,,,,,,,,,,,,,,,,,,,,,"4.46","27.2"
"Tawa, Tim",694374,2026,27,32,38,3,2,1,0,0,7,4,18.4,10.5,".094",".125",".189","0.314","0.031",".115","1","13","4","1","0","8","56","26","0","24","3","12","1","0","0","0","1","0","27","2","0","4","16","2","2","0","0","0","1","0","0","1","1","1","16","1","0","0","0","0","1","0","0","1","0","0","0","59","2","101","16","160",,"1","1","0","0",".205",".270",".161",".257",".288",".065",".120",".256",".115",".255","-0.111","-0.145","-0.096","74.1",37.7,11.1,8.2,26.7,19.7,"7.2",1,9.3,-5.6,57.4,30.1,"87","6.1",22.2,1,3.7,3.7,14.8,18.5,44.4,7.4,29.6,"96.937531538","92.8410804",67.6,24,29.1,36,64,9,25,53.8,86,66.7,5.6,24,87,29,160,76,12,50,46.3,74,43.8,70,28,46.9,40.7,44.4,14.8,27,44.7,63,17,14.8,4,14.8,4,7.4,2,,,,,,,,,,,,,,,,,,,,,,,,,,,,,,,,,,"27.7"
"Moncada, Yoán",660162,2026,31,49,62,9,6,0,1,2,23,11,37.1,17.7,".184",".347",".355","0.702","0.163",".292","7","29","17","0","0","16","102","59","0","41","2","15","1","0","0","2","2","4","26","3","0","6","9","2","0","0","0","0","0","0","0","1","0","0","25","0","0","0","0","0","0","0","0","7","0","0","0","109","0","153","25","262",,"0","0","0","0",".142",".252",".333",".283",".322",".110",".435",".315",".346",".267",".042",".095",".050","71.6",25.3,11.9,8.4,27.1,19.3,"7.4",2,9.7,-0.7,36.1,37.6,"90.3","11.4",38.5,2,7.7,7.7,11.5,34.6,38.5,0,38.5,"99.298033077","93.856843462",53.9,18.8,18.7,56,44,14,25,51.1,134,52.4,8,34,142,65,262,81.2,13,69,48.9,128,42,110,28.7,35.9,50,30.8,19.2,26,58.1,42.3,11,38.5,10,19.2,5,0,0,,,,,,,,,,,,,,,,,,,,,,,,,,,,,,,,,,"26.5"
"Steer, Spencer",668715,2026,28,54,58,10,4,3,0,3,16,3,27.6,5.2,".185",".407",".224","0.631","0.222",".194","5","29","22","0","0","11","61","42","0","38","3","15","0","0","0","0","3","4","39","3","0","13","11","2","3","0","0","0","0","0","0","0","0","1","20","0","0","0","0","0","0","0","0","6","0","0","0","69","1","143","20","212",,"0","0","0","0",".208",".485",".276",".314",".250",".277",".355",".417",".256",".298","-0.023","-0.078","-0.038","71.6",9.9,15.3,12.1,31.9,25.3,"7.5",2,13.3,-2.8,59.3,29.7,"87.6","20.8",38.5,7,17.9,10.3,5.1,25.6,28.2,7.7,30.8,"99.65396","94.116545676",63.1,18.5,33,33.3,66.7,12,36,51.4,109,83.3,5.7,31,129,34,212,81.5,12,65,48.6,103,44.8,95,23.8,47.6,48.7,35.9,15.4,39,75.9,35.9,14,43.6,17,12.8,5,7.7,3,,,,,,,,,,,"-1","0","5","0.0","0","1","0.0","1","2","50.0","2","3","66.7","1","1","100.0","0.2","0.1","-0.4","-0.1","31.3",,,"28.0"
"Espinal, Santiago",669289,2026,31,13,14,2,1,1,0,0,2,0,14.3,0,".154",".231",".154","0.385","0.077",".182","2","8","3","0","0","4","18","9","0","14","1","7","2","0","0","0","0","0","12","2","0","1","8","1","0","0","0","0","1","0","0","0","1","0","2","0","0","0","0","0","0","0","0","1","0","0","0","19","1","38","2","57",,"0","0","0","0",".264",".361",".170",".268",".264",".098",".200",".316",".182",".311","-0.110","-0.130","-0.098","68.7",0,18.2,16,45.5,40,"7.8",0,10,-1.6,60,33.8,"92.5","2.7",33.3,0,0,8.3,25,8.3,50,8.3,50,"99.016366667","95.039318182",73.3,13.6,25.9,0,100,0,7,47.4,27,100,5.3,10,30,10,57,86.4,3,22,52.6,30,40.4,23,10.3,50.9,41.7,58.3,0,12,57.1,66.7,8,8.3,1,25,3,0,0,,,,,,,,,,,,,,,,,,,,,,,,,,,,,,,,,,"26.3"
"Benge, Carson",701807,2026,23,49,55,7,6,0,0,1,14,6,25.5,10.9,".143",".204",".236","0.440","0.061",".176","3","28","10","0","5","14","81","31","0","49","3","15","1","0","0","0","4","0","35","3","0","6","15","6","1","0","0","0","1","0","0","0","0","0","22","0","0","0","0","0","0","0","0","4","5","0","0","84","0","144","22","228",,"0","2","0","0",".197",".292",".215",".264",".284",".095",".216",".293",".200",".275","-0.054","-0.088","-0.049","70.6",15.2,13.3,10.1,30.7,23.2,"6.3",3,0.2,9.8,34.3,32.6,"89.9","6.2",37.1,1,2.9,8.6,17.1,25.7,42.9,2.9,40,"100.523255556","94.569443143",71.2,20.3,29.1,35.3,64.7,12,34,51.3,117,73.1,11.4,31,148,39,228,79.7,16,79,48.7,111,39,89,24.8,49.6,28.6,34.3,37.1,35,50.9,54.3,19,17.1,6,25.7,9,2.9,1,,,,,,,,,,,"1","0","4","0.0","1","2","50.0","0","0",,"1","1","100.0","3","3","100.0","0.9","1.8","-0.1","2.7","36.9",,"4.26","28.6"
"Rosario, Amed",642708,2026,30,30,33,9,5,1,1,2,6,2,18.2,6.1,".300",".600",".333","0.933","0.300",".304","6","12","18","0","0","6","28","15","0","25","0","11","1","0","0","0","1","3","25","4","1","6","8","1","0","0","0","0","2","0","0","0","0","1","18","0","0","0","0","0","0","0","0","2","0","0","0","31","1","84","18","115",,"0","0","0","0",".326",".676",".398",".433",".361",".350",".468",".514",".360",".397","-0.026","-0.076","-0.035","74.2",49.2,16.3,11.9,32.6,23.7,"7.3",0,6.3,-3.8,59.3,30.7,"90","13.4",40,4,16,8,24,24,24,4,40,"101.201843077","95.0430868",71.7,16.3,47.3,46.2,53.8,12,26,47.8,55,83.3,5.2,15,53,29,115,83.7,7,43,52.2,60,47.8,55,27.5,60,28,52,20,25,69.7,36,9,36,9,24,6,4,1,,,,,,,,,,,,,,,,,,,,,,,,,,,,,,,,,,"28.2"
"Altuve, Jose",514888,2026,36,66,79,19,12,5,0,2,14,13,17.7,16.5,".288",".455",".405","0.860","0.167",".340","6","34","30","1","1","18","113","50","0","45","2","18","2","0","0","0","6","3","52","10","0","5","21","3","3","0","1","0","2","0","0","2","0","0","24","0","0","1","0","0","1","0","1","13","1","0","0","116","0","173","24","289",,"2","1","0","0",".271",".404",".386",".354",".391",".133",".416",".367",".365",".344",".017",".051",".032","69.7",12.1,10.5,8.4,34.9,28,"7.7",2,15.9,-5,49.5,28.6,"84.7","5.9",32.7,4,7.7,1.9,28.8,11.5,36.5,13.5,38.5,"98.028988462","93.098220577",63,13.8,26.5,34.9,65.1,15,43,56.1,162,59.1,7.6,38,156,63,289,86.3,11,80,43.9,127,41.5,120,21.1,42.6,48.1,48.1,3.8,52,55.7,51.9,27,15.4,8,25,13,7.7,4,,,,,,,,,,,,,,,,,,,,,,,,,,,,,,,,"1","4.28","27.7"
"Ramírez, Agustín",682663,2026,24,63,73,16,11,3,1,1,15,8,20.5,11,".254",".381",".342","0.723","0.127",".313","9","29","24","0","1","17","93","39","0","44","1","17","2","0","0","1","6","2","49","8","0","6","17","2","8","0","1","0","0","0","0","7","0","1","39","0","0","0","1","0","1","1","0","10","1","0","0","106","1","172","39","278",,"2","0","0","0",".229",".343",".324",".295",".322",".115",".360",".317",".327",".295",".025",".038",".029","76.1",61,10.7,7.6,26.2,18.6,"7.7",3,9.3,-7.5,56.8,25,"88.5","11",26.5,3,6.1,8.2,16.3,24.5,40.8,4.1,34.7,"100.0697904","94.180812449",70.3,21.6,25.7,52.8,47.2,19,36,50.4,140,85.7,7.6,46,147,61,278,78.4,21,97,49.6,138,41.7,116,30.1,47.8,34.7,40.8,24.5,49,56.2,46.9,23,16.3,8,20.4,10,16.3,8,"7","1.98","2.01","1.9","0",,,,"0.72","82.7",,,,,,,,,,,,,,,,,,,,,,,"4.68","27.2"
"Santana, Carlos",467793,2026,40,24,26,2,1,1,0,0,8,2,30.8,7.7,".083",".125",".154","0.279","0.042",".125","0","10","3","0","0","5","35","17","0","22","1","8","0","0","0","0","0","1","16","1","0","4","4","2","4","0","0","0","0","0","0","0","0","0","12","0","0","0","0","0","0","0","0","1","0","0","0","35","0","71","12","106",,"0","0","0","0",".141",".192",".139",".188",".208",".051",".138",".217",".125",".212","-0.058","-0.067","-0.049","71.6",16.7,8.6,6.3,28.6,20.8,"7.8",1,15.4,-7.3,58.3,29,"87.8","29.5",25,0,0,6.3,18.8,50,18.8,6.3,43.8,"98.43934875","93.358594375",68,14.7,35.7,55,45,11,20,52.8,56,66.7,8.5,23,59,21,106,85.3,5,34,47.2,50,34,36,29.6,50.9,43.8,31.3,25,16,61.5,25,4,31.3,5,18.8,3,25,4,,,,,,,,,,,,,,,,,,,,,,,,,,,,,,,,,,"23.7"
"Slater, Austin",596103,2026,33,21,24,4,4,0,0,0,8,2,33.3,8.3,".190",".190",".250","0.440","0.000",".286","1","4","4","0","1","1","31","19","0","13","0","9","0","0","0","0","2","1","14","1","0","4","3","1","2","0","0","0","6","0","0","0","0","1","13","0","0","0","0","0","0","0","0","1","1","0","0","33","1","59","13","92",,"0","0","0","0",".175",".229",".211",".212",".236",".054",".260",".262",".286",".262",".015","-0.039","-0.001","72.2",11.1,4.2,2.8,33.3,22.2,"7.1",0,15.6,-2.5,66.7,33.6,"85.1","17.7",28.6,0,0,14.3,14.3,35.7,35.7,0,14.3,"93.727428571","90.863714286",59.5,16,30,60,40,9,15,54.3,50,50,6.5,20,60,7,92,84,4,25,45.7,42,43.5,40,32.5,43.5,35.7,35.7,28.6,14,62.5,35.7,5,35.7,5,14.3,2,14.3,2,,,,,,,,,,,,,,,,,,,,,,,,,,,,,,,,,,"26.0"
"De La Cruz, Elly",682829,2026,24,67,75,19,11,3,0,5,21,8,28,10.7,".284",".552",".360","0.912","0.268",".341","10","32","37","1","5","19","109","61","0","43","2","17","0","0","0","0","7","5","46","7","0","9","15","3","0","0","0","0","0","0","0","0","0","0","33","1","0","0","0","0","0","0","0","13","5","0","0","117","0","190","33","307",,"0","0","0","0",".281",".538",".402",".388",".360",".258",".531",".517",".413",".418",".003",".014",".014","74.7",45.6,23.8,16.7,35,24.6,"7",3,9.7,-1.6,54.4,34,"94.7","13.1",37,7,15.2,2.2,26.1,19.6,28.3,2.2,52.2,"104.500677273","97.711030233",57,15.1,27.6,62.8,37.2,27,43,50.8,156,83.3,7.8,70,143,76,307,84.9,13,86,49.2,151,41.4,127,31,42,34.8,43.5,21.7,46,58.7,47.8,22,30.4,14,21.7,10,0,0,,,,,,,,,,,,,,,,,,,,,,,,,,,,,,,,,,"27.7"
"Herrera, Iván",671056,2026,26,60,78,12,8,3,0,1,10,15,12.8,19.2,".200",".300",".372","0.672","0.100",".220","7","26","18","0","0","14","125","56","0","53","3","17","2","0","0","2","3","2","51","7","0","3","26","6","4","0","3","0","0","0","0","10","0","1","14","0","0","0","0","0","0","0","0","5","0","0","0","134","1","179","14","313",,"0","1","0","0",".294",".453",".311",".392",".446",".159",".260",".379",".235",".348","-0.094","-0.153","-0.081","73.8",41.1,17.7,15.2,34.4,29.5,"7.9",1,9,-5,50.9,29.8,"90","3.8",31.4,3,5.9,11.8,25.5,11.8,41.2,3.9,51,"101.817157692","95.760461569",59.4,8.9,24.4,27.3,72.7,12,44,57.5,180,70,6.4,39,179,58,313,91.1,7,79,42.5,133,44.1,138,15.4,39.3,39.2,31.4,29.4,51,61.3,56.9,29,9.8,5,25.5,13,7.8,4,"3","1.99","1.99",,"0",,,,"0.6","78.6",,,,,,,,,,,,,,,,,,,,,,,,"25.0"
"Rengifo, Luis",650859,2026,29,47,50,6,2,4,0,0,9,3,18,6,".128",".213",".180","0.393","0.085",".158","2","29","10","0","0","15","58","26","0","41","1","13","1","0","0","0","2","0","38","4","0","5","19","6","2","0","1","0","0","0","0","0","0","0","21","0","0","0","0","0","0","0","0","4","0","0","0","63","0","128","21","191",,"0","0","0","0",".221",".305",".172",".247",".267",".084",".184",".281",".158",".273","-0.093","-0.092","-0.075","69.9",11,9.7,7.7,29.2,23.1,"7.1",1,7.2,0.5,48.4,33.9,"85.6","3.7",23.7,3,7.9,2.6,28.9,15.8,42.1,2.6,34.2,"97.505705789","92.752852895",72.6,18.8,34.4,30.3,69.7,10,33,50.3,96,100,7.3,24,105,42,191,81.2,13,69,49.7,95,47.6,91,22.5,53.4,52.6,31.6,15.8,38,56,55.3,21,13.2,5,26.3,10,5.3,2,,,,,,,,,,,,,,,,,,,,,,,,,,,,,,,,,,"26.8"
"Karros, Kyle",691720,2026,23,47,55,10,9,1,0,0,13,8,23.6,14.5,".213",".234",".327","0.561","0.021",".294","1","20","11","0","2","10","87","46","0","28","1","17","1","0","0","0","4","0","34","6","0","3","10","7","4","0","0","0","1","0","0","0","0","0","26","0","0","0","0","0","0","0","0","6","1","1","0","93","0","137","26","230",,"0","0","0","0",".261",".374",".276",".336",".369",".113",".279",".377",".294",".361","-0.048","-0.140","-0.060","70.3",6.5,7.3,5.2,36.4,26,"7.1",3,6.6,-7,44.2,37.3,"89.3","13.5",47.1,2,5.9,2.9,32.4,26.5,29.4,2.9,38.2,"99.569699412","93.961824118",58.3,18.3,24.4,54.8,45.2,17,31,55.2,127,75,7,27,110,56,230,81.7,11,60,44.8,103,42.2,97,30.8,39.6,35.3,35.3,29.4,34,54.5,41.2,14,8.8,3,38.2,13,11.8,4,,,,,,,,,,,,,,,,,,,,,,,,,,,,,,,,,,"27.3"
"Sheets, Gavin",657757,2026,30,50,52,11,4,5,0,2,14,2,26.9,3.8,".220",".440",".250","0.690","0.220",".265","6","22","22","0","1","11","57","42","0","39","2","15","1","0","0","0","1","3","36","6","1","2","14","4","5","0","0","0","2","0","0","1","0","0","21","0","0","0","0","0","0","0","0","6","1","0","0","58","0","141","21","199",,"0","0","1","0",".260",".445",".303",".315",".289",".185",".398",".416",".306",".361","-0.040","-0.005","-0.012","74.6",47.1,13.2,10.3,32.4,25.3,"7.7",2,7.7,-4.9,51.7,29.7,"88.7","10.7",38.9,4,11.1,5.6,30.6,16.7,36.1,0,44.4,"100.283997222","94.269323056",58.8,12.3,41.2,40.5,59.5,17,42,51.3,102,65,10.1,34,125,30,199,87.7,7,57,48.7,97,41.7,83,24.2,49.7,36.1,33.3,30.6,36,61.5,41.7,15,13.9,5,27.8,10,16.7,6,,,,,,,,,,,,,,,,,,,,,,,,,,,,,,,,,,"26.7"
"Buxton, Byron",621439,2026,32,65,72,16,9,3,1,3,19,5,26.4,6.9,".246",".462",".306","0.768","0.216",".295","4","25","30","0","0","8","75","37","0","39","2","16","0","0","0","1","6","4","47","6","0","13","3","6","9","0","0","0","0","0","0","2","0","1","37","0","0","0","0","0","0","0","0","15","0","0","0","84","1","164","37","248",,"0","0","0","0",".219",".430",".338",".308",".281",".211",".426",".380",".340",".303",".027",".032",".030","73.7",39.4,14.1,10.1,28.2,20.2,"8.1",3,15.5,-11.7,53.2,35.8,"89.8","29.7",36.2,7,14.9,4.3,21.3,44.7,10.6,4.3,46.8,"100.17791125","94.49628617",71,20.5,31.5,59,41,23,39,50,124,75,4.8,53,119,64,248,79.5,18,88,50,124,47.2,117,32.3,51.2,38.3,36.2,25.5,47,66.7,19.1,9,36.2,17,25.5,12,19.1,9,,,,,,,,,,,"1","0","3","0.0","0","2","0.0","3","3","100.0","2","2","100.0","4","4","100.0","-1.3","0.3","0.3","-0.7","34.8","4",,"29.2"
"Acuña Jr., Ronald",660670,2026,28,69,81,16,10,4,1,1,15,10,18.5,12.3,".232",".362",".333","0.695","0.130",".278","5","22","25","2","4","10","124","40","0","50","3","18","0","0","0","1","4","4","55","8","0","11","18","4","5","0","0","0","0","0","0","1","0","1","38","2","0","0","0","0","2","0","0","5","4","0","0","127","1","188","38","315",,"2","1","0","0",".284",".554",".320",".405",".383",".270",".328",".453",".291",".364","-0.052","-0.192","-0.085","75.5",57.3,18.6,13.7,28.9,21.4,"7.5",5,9.7,6.5,58.8,38.9,"88","15",38.2,9,16.4,10.9,18.2,16.4,30.9,7.3,43.6,"101.268966071","94.909909818",75.6,23.5,25.6,41.3,58.7,19,46,57.1,180,91.7,7.6,39,190,62,315,76.5,24,102,42.9,135,41.6,131,29.1,47,40,25.5,34.5,55,58,40,22,27.3,15,23.6,13,9.1,5,,,,,,,,,,,"-1","0","5","0.0","0","0",,"1","1","100.0","2","3","66.7","1","2","50.0","-1.5","-0.8","0.8","-1.4","33.1",,"4.5","27.0"
"Adell, Jo",666176,2026,27,73,77,23,20,1,0,2,13,1,16.9,1.3,".315",".411",".351","0.762","0.096",".362","8","29","30","0","1","17","81","36","0","59","1","18","1","0","0","3","8","3","60","12","0","19","14","2","2","0","0","0","0","0","0","1","0","0","36","0","0","0","0","0","0","0","0","8","1","0","0","89","0","195","36","284",,"0","0","0","0",".285",".439",".346",".333",".323",".154",".395",".379",".383",".348",".030","-0.028",".013","76.6",68.1,12.1,9.4,29,22.5,"7.9",2,11.8,-5.9,50.7,34.7,"90.9","19.7",23.3,3,5,3.3,35,33.3,20,1.7,46.7,"101.420787","95.35606",75.7,14.2,36.8,47.2,52.8,25,53,50.7,144,72.7,7.7,30,149,68,284,85.8,15,106,49.3,140,41.2,117,25.2,56,35,35,30,60,64.9,36.7,22,36.7,22,23.3,14,3.3,2,,,,,,,,,,,"-1","0","7","0.0","0","0",,"0","0",,"2","3","66.7","3","3","100.0","-2.1","-0.8","0.4","-2.6","32.1",,,"28.2"
"Hoskins, Rhys",656555,2026,33,43,50,9,3,5,0,1,15,7,30,14,".209",".395",".320","0.715","0.186",".296","5","20","17","0","0","10","86","37","0","40","3","13","1","0","0","0","1","3","28","5","0","8","9","1","1","0","0","0","1","0","0","2","0","0","22","0","0","0","0","0","0","0","0","6","0","0","0","92","0","130","22","222",,"0","0","0","0",".185",".330",".326",".288",".299",".145",".404",".336",".321",".283",".024",".065",".038","72.5",12,10.9,8.4,28.1,21.7,"8.2",2,16.6,-5.4,57.8,33.2,"89","18.7",35.7,4,14.3,3.6,21.4,32.1,25,3.6,42.9,"99.820342857","94.297344643",64.1,27.3,22.7,25.9,74.1,7,27,53.6,119,62.5,3.6,20,128,60,222,72.7,18,66,46.4,103,45,100,26.9,41.9,53.6,17.9,28.6,28,56,35.7,10,39.3,11,21.4,6,3.6,1,,,,,,,,,,,,,,,,,,,,,,,,,,,,,,,,,,"24.7"
"Encarnacion, Jerar",666464,2026,28,22,22,5,4,1,0,0,4,0,18.2,0,".227",".273",".227","0.500","0.046",".278","0","5","6","0","0","1","31","17","0","27","0","8","0","0","0","0","2","1","18","2","0","4","7","1","1","0","0","1","1","0","0","2","0","0","10","0","0","0","0","0","0","0","0","1","0","0","0","32","0","72","10","104",,"0","0","0","0",".183",".264",".224",".192",".183",".082",".274",".235",".278",".223",".044",".009",".032","74.4",51,9.8,8.2,22,18.4,"7.5",1,5.5,3.9,57.1,36.7,"85.9","5.1",38.9,1,5.6,5.6,16.7,27.8,33.3,11.1,33.3,"98.118725556","93.059362778",66.7,6.3,41.1,34.8,65.2,8,23,53.8,56,20,4.8,11,52,20,104,93.8,2,32,46.2,48,47.1,49,18.2,52.9,33.3,33.3,33.3,18,59.1,50,9,27.8,5,16.7,3,5.6,1,,,,,,,,,,,,,,,,,,,,,,,,,,,,,,,,,,"26.1"
"Jansen, Danny",643376,2026,31,39,43,9,6,2,0,1,14,4,32.6,9.3,".231",".359",".302","0.661","0.128",".333","6","13","14","1","0","7","69","31","0","32","1","12","2","0","0","0","4","2","25","3","0","4","6","3","3","0","0","0","0","0","0","0","0","0","22","1","0","0","0","0","0","0","0","3","0","0","0","73","0","113","22","186",,"0","0","0","0",".179",".283",".302",".244",".255",".104",".406",".306",".360",".279",".052",".076",".058","70.8",6.8,13,9.5,31.5,23,"7.2",1,16.3,-8.5,52.7,31,"89.5","19.8",32,1,4,4,28,40,20,4,36,"98.872146923","93.7977808",64.5,20,23.7,59.1,40.9,13,22,50,93,50,6.5,16,115,38,186,80,12,60,50,93,41.9,78,30.5,44.1,56,24,20,25,58.1,40,10,24,6,24,6,12,3,"2","1.96","1.95","1.97","0",,,,"0.63","77.6",,,,,,,,,,,,,,,,,,,,,,,,"26.4"
"Dubón, Mauricio",643289,2026,31,62,66,21,13,6,0,2,11,4,16.7,6.1,".339",".532",".379","0.911","0.193",".388","11","23","33","1","0","18","73","39","0","42","2","17","1","0","1","0","4","6","51","11","0","5","16","3","6","0","0","0","0","0","0","0","0","0","17","1","0","0","0","0","0","0","0","11","0","0","0","80","0","155","17","235",,"0","1","0","0",".278",".431",".404",".329",".322",".152",".467",".370",".412",".338",".061",".101",".075","69.5",3,15.1,12.9,36,30.7,"7.7",2,6.2,-0.5,40.6,31.1,"88.3","16.2",37.3,4,7.8,7.8,23.5,25.5,33.3,2,35.3,"98.394661154","93.374746471",67.6,8,33.1,39,61,16,41,52.8,124,93.8,6.8,19,133,57,235,92,6,75,47.2,111,38.7,91,19,49.4,35.3,39.2,25.5,51,60.6,39.2,20,21.6,11,27.5,14,11.8,6,,,,,,,,,,,,,,,,,,,,,,,,,,,,,,,,,"4.56","26.3"
"Rice, Ben",700250,2026,27,47,62,17,7,6,0,4,18,14,29,22.6,".362",".745",".500","1.245","0.383",".500","13","21","35","0","1","16","112","54","0","46","0","16","0","0","1","0","6","5","30","6","0","4","7","1","1","0","1","0","0","0","0","1","0","1","27","0","0","0","0","0","0","0","0","15","1","0","0","123","1","158","27","281",,"0","0","0","0",".297",".680",".522",".467",".451",".382",".752",".641",".567",".466",".065",".065",".055","71.9",24.7,23.9,18.3,35.2,26.9,"7.4",3,11.1,-4.9,57,31,"96.8","13.8",43.3,7,23.3,10,23.3,10,33.3,0,70,"104.149217333","98.313677",55.7,13.2,22.6,52.8,47.2,19,36,56.6,159,71.4,5,62,118,76,281,86.8,9,68,43.4,122,41.3,116,26.9,37,50,36.7,13.3,30,59,43.3,13,30,9,23.3,7,3.3,1,,,,,,,,,,,,,,,,,,,,,,,,,,,,,,,,,,"27.1"
"Johnston, Troy",687859,2026,29,47,51,14,9,3,0,2,10,3,19.6,5.9,".298",".489",".340","0.829","0.191",".343","7","11","23","1","0","9","54","30","0","28","2","14","0","0","0","0","4","3","38","7","0","7","14","2","1","0","0","0","1","0","0","1","1","0","19","1","0","0","0","0","0","0","0","6","0","0","0","57","1","118","19","175",,"0","0","0","0",".255",".447",".368",".325",".300",".193",".440",".381",".378",".324",".043",".042",".043","70.9",9.2,14,10.5,43.9,32.9,"7",1,13.1,-3.6,53.9,34.8,"88.5","7.8",36.8,2,5.3,10.5,21.1,21.1,31.6,10.5,36.8,"98.545235556","93.635027222",64.1,14,39.2,39.5,60.5,15,38,55.4,97,58.3,6.9,35,86,42,175,86,7,50,44.6,78,44,77,25,50.3,34.2,44.7,21.1,38,62.7,47.4,18,26.3,10,23.7,9,2.6,1,,,,,,,,,,,,,,,,,,,,,,,,,,,,,,,,,"4.47","26.3"
"Stephenson, Tyler",663886,2026,29,37,44,6,4,0,0,2,12,7,27.3,15.9,".162",".324",".295","0.619","0.162",".174","3","14","12","0","0","6","76","33","0","32","1","13","1","0","0","0","2","2","25","2","0","11","5","2","1","0","0","0","0","0","0","0","0","0","19","0","0","0","0","0","0","0","0","3","0","0","0","78","0","110","19","188",,"0","1","0","0",".215",".407",".292",".336",".343",".192",".314",".394",".240",".323","-0.053","-0.083","-0.044","71.5",11.6,13.5,10.1,40.4,30.4,"7.4",2,13.4,4,65.2,37.9,"94.9","26.8",28,3,12,12,24,36,12,0,44,"100.496925833","95.52576375",66,18.2,12.5,72.7,27.3,8,11,46.8,88,87.5,12.8,27,112,35,188,81.8,12,66,53.2,100,36.7,69,26,41,32,32,36,25,59.1,28,7,52,13,16,4,4,1,"8","1.98","1.98","1.96","1","1.64","1.64",,"0.67","82.8",,,,,,,,,,,,,,,,,,,,,,,,
"Jiménez, Leo",677870,2026,25,11,12,3,3,0,0,0,0,1,0,8.3,".273",".273",".333","0.606","0.000",".273","0","5","3","0","0","2","14","6","0","6","0","6","0","0","0","0","2","0","11","1","0","0","6","1","1","0","0","0","3","0","0","2","0","0","1","0","0","0","0","0","0","0","0","0","0","0","0","15","0","24","1","39",,"0","0","0","0",".280",".305",".287",".297",".340",".025",".248",".259",".273",".280","-0.007","-0.032","-0.010","71.8",12.5,6.7,6.3,40,37.5,"7.3",0,6.9,2.2,43.8,30.9,"86.1","-6.2",18.2,0,0,0,27.3,9.1,63.6,0,27.3,"95.576853333","92.132829091",70,0,21.1,25,75,1,4,48.7,19,0,2.6,6,20,8,39,100,0,14,51.3,20,41,16,5.6,46.2,18.2,63.6,18.2,11,50,72.7,8,0,0,18.2,2,9.1,1,,,,,,,,,,,,,,,,,,,,,,,,,,,,,,,,,,"27.9"
"Call, Alex",669743,2026,31,12,16,5,3,2,0,0,1,4,6.3,25,".417",".583",".563","1.146","0.166",".455","1","4","7","1","0","3","32","12","0","18","0","5","0","0","0","0","0","1","11","4","0","1","2","0","3","0","0","0","0","0","0","0","0","0","0","0","1","0","0","0","0","0","0","4","0","0","0","34","0","41","0","75",,"0","0","0","0",".410",".472",".510",".466",".558",".062",".483",".419",".455",".448",".007",".111",".044","70",15.4,0,0,19.2,19.2,"6.9",0,10.6,-3.5,50,31.4,"81.7","23.4",36.4,0,0,0,45.5,27.3,18.2,9.1,27.3,"92.061203333","90.624751818",64.9,0,13.2,0,100,0,5,50.7,38,100,10.7,4,48,23,75,100,0,24,49.3,37,30.7,23,0,38.7,45.5,36.4,18.2,11,56.3,18.2,2,18.2,2,36.4,4,27.3,3,,,,,,,,,,,,,,,,,,,,,,,,,,,,,,,,,,"26.4"
"Martin, Austin",668885,2026,27,34,47,10,8,2,0,0,7,11,14.9,23.4,".294",".353",".489","0.842","0.059",".370","2","8","12","3","2","4","98","42","0","29","1","16","1","0","0","2","5","2","27","3","0","3","9","3","2","0","0","0","6","1","0","0","0","0","6","3","0","0","0","0","2","0","0","8","2","0","0","104","0","109","6","213",,"2","0","0","0",".254",".346",".408",".385",".460",".092",".365",".325",".370",".320",".040",".007",".023","68.3",3.7,12.5,11.1,35.4,31.5,"6.4",1,9.3,1,61.1,38,"83.2","5.4",25.9,1,3.7,0,22.2,25.9,40.7,7.4,29.6,"95.755572143","92.07920037",56.7,9.1,10.6,33.3,66.7,4,12,53.8,113,85.7,6.7,37,129,34,213,90.9,5,55,46.2,97,36.2,76,13.4,31.5,40.7,33.3,25.9,27,66,51.9,14,18.5,5,22.2,6,7.4,2,,,,,,,,,,,"1","0","0",,"1","1","100.0","1","1","100.0","2","2","100.0","1","1","100.0",,,,,,,"4.51","27.8"
"Kelly, Carson",608348,2026,31,45,55,15,11,3,0,1,8,10,14.5,18.2,".333",".467",".455","0.922","0.134",".389","7","18","21","0","0","13","80","30","0","36","0","15","1","0","0","0","6","3","37","6","0","5","9","5","3","0","0","0","0","0","0","1","0","0","16","0","0","0","0","0","0","0","0","7","0","0","0","85","0","119","16","204",,"0","1","1","0",".322",".530",".420",".427",".446",".208",".432",".442",".405",".392",".011","-0.063","-0.007","70.6",6.2,28.4,23.5,46.3,38.3,"6.9",0,10.3,-4.3,48.1,32.7,"95.2","15.9",37.8,5,13.5,5.4,35.1,21.6,24.3,0,62.2,"102.735896842","97.056954324",66.7,8.1,24.3,40.7,59.3,11,27,54.4,111,64.7,8.3,20,120,42,204,91.9,5,62,45.6,93,39.7,81,18,43.6,40.5,40.5,18.9,37,49.1,40.5,15,21.6,8,29.7,11,8.1,3,"9","1.93","1.93",,"2","1.43","1.38","1.49","0.61","81.2",,,,,,,,,,,,,,,,,,,,,,,,"25.0"
"Ward, Taylor",621493,2026,32,68,80,22,12,10,0,0,17,10,21.3,12.5,".324",".471",".412","0.883","0.147",".423","8","15","32","1","1","9","134","88","0","34","3","17","0","0","0","1","4","2","52","16","0","11","13","2","4","0","0","0","0","0","0","2","0","1","22","1","0","0","0","0","0","0","0","9","1","0","0","147","1","200","22","347",,"0","0","0","0",".278",".352",".396",".330",".374",".074",".459",".357",".423",".364",".046",".119",".066","67.9",1,11.4,9.2,43,34.7,"6.9",6,6.9,-1.2,59.2,29.4,"87.8","18.5",42.3,0,0,9.6,32.7,30.8,25,1.9,30.8,"97.531564231","92.837170577",51.5,13.8,14,56,44,14,25,51.3,178,69,8.4,39,187,85,347,86.2,12,87,48.7,169,37.5,130,23.2,32.3,32.7,36.5,30.8,52,57.5,32.7,17,25,13,34.6,18,7.7,4,,,,,,,,,,,"0","0","4","0.0","0","0",,"0","0",,"3","4","75.0","4","4","100.0","-1.3","-2.5","0","-3.8","29.4",,,"26.3"
"Manzardo, Kyle",700932,2026,25,48,54,7,5,1,0,1,18,4,33.3,7.4,".146",".229",".241","0.470","0.083",".207","2","24","11","0","0","11","80","33","0","47","2","15","3","0","0","2","2","2","30","3","0","4","13","2","4","0","0","0","2","0","0","6","0","0","31","0","0","0","0","0","0","0","0","3","0","0","0","85","0","147","31","232",,"0","0","0","0",".213",".390",".228",".307",".300",".177",".265",".408",".233",".340","-0.067","-0.161","-0.079","70.2",12.2,14.5,10.2,30.4,21.4,"7.4",3,17.2,-0.3,56.1,38,"91","16.1",26.7,4,13.3,0,26.7,23.3,30,6.7,36.7,"99.832336","94.40703931",68.9,17.8,32.5,58.5,41.5,24,41,54.3,126,76.9,5.6,40,120,58,232,82.2,13,73,45.7,106,40.1,93,32.5,49.1,43.3,46.7,10,30,61.1,50,15,20,6,16.7,5,13.3,4,,,,,,,,,,,,,,,,,,,,,,,,,,,,,,,,,,"24.5"
"Jung, Josh",673962,2026,28,49,53,12,9,3,0,0,12,4,22.6,7.5,".245",".306",".302","0.608","0.061",".324","3","21","15","0","0","10","66","34","0","43","1","14","1","0","0","0","7","0","37","5","0","3","14","7","1","0","0","0","0","0","0","0","0","0","18","0","0","0","0","0","0","0","0","4","0","0","0","70","0","134","18","204",,"0","0","0","0",".314",".377",".281",".332",".366",".063",".326",".399",".324",".416","-0.069","-0.071","-0.051","70.8",14,13.9,11.6,30.6,25.6,"7",2,11.3,2.4,57,35.3,"89.7","5.5",43.2,0,0,2.7,51.4,8.1,32.4,5.4,48.6,"99.825586316","94.348697297",63,8.6,37.5,35.7,64.3,15,42,54.9,112,66.7,8.8,27,101,47,204,91.4,5,58,45.1,92,39.2,80,20,49,32.4,48.6,18.9,37,75.5,56.8,21,8.1,3,32.4,12,2.7,1,,,,,,,,,,,,,,,,,,,,,,,,,,,,,,,,,"4.71","26.2"
"Massey, Michael",686681,2026,28,11,11,2,1,1,0,0,3,0,27.3,0,".182",".273",".182","0.455","0.091",".250","0","8","3","0","0","2","11","8","0","10","0","6","1","0","0","0","1","0","8","1","0","2","2","2","0","0","0","0","2","0","0","0","0","0","5","0","0","0","0","0","0","0","0","0","0","0","0","13","0","32","5","45",,"0","0","0","0",".234",".302",".200",".237",".234",".069",".275",".326",".250",".321","-0.052","-0.029","-0.037","71.5",9.1,11.8,9.1,29.4,22.7,"7.4",0,15.7,0.7,54.5,34.6,"90.7","6.9",25,0,0,0,37.5,25,37.5,0,50,"99.73269","94.38825625",62.5,20,42.9,33.3,66.7,3,9,46.7,21,100,6.7,10,24,8,45,80,3,15,53.3,24,51.1,23,25,53.3,62.5,37.5,0,8,54.5,37.5,3,25,2,37.5,3,0,0,,,,,,,,,,,,,,,,,,,,,,,,,,,,,,,,,,"26.6"
"Frazier, Adam",624428,2026,34,19,26,6,5,1,0,0,6,6,23.1,23.1,".316",".368",".480","0.848","0.052",".462","2","6","7","0","0","4","39","19","0","18","0","10","0","0","0","0","3","0","14","3","0","1","6","0","1","0","0","0","0","0","0","0","1","0","12","0","0","0","0","0","0","0","0","6","0","0","0","39","1","63","12","102",,"0","0","0","0",".206",".247",".404",".322",".397",".041",".449",".290",".462",".301",".110",".121",".082","65",2.6,0,0,28.6,21.1,"6.7",0,11.6,3.7,44.7,40.5,"85.3","10.2",21.4,0,0,7.1,35.7,14.3,35.7,7.1,28.6,"93.05211","91.330663846",60.9,10.7,28.6,56.3,43.8,9,16,54.9,56,100,2,12,66,23,102,89.3,3,28,45.1,46,47.1,48,27.3,43.1,50,28.6,21.4,14,50,64.3,9,7.1,1,21.4,3,7.1,1,,,,,,,,,,,,,,,,,,,,,,,,,,,,,,,,,,"24.5"
"Vientos, Mark",668901,2026,26,44,47,10,7,2,0,1,11,2,23.4,4.3,".227",".341",".255","0.596","0.114",".273","5","25","15","0","0","16","60","22","0","26","1","14","1","0","0","0","6","2","34","2","0","9","10","3","2","0","0","0","3","0","0","2","0","1","31","0","0","0","0","0","0","0","0","5","0","0","0","67","1","114","31","181",,"0","0","0","0",".233",".344",".266",".261",".261",".111",".325",".320",".294",".302","-0.006","-0.003",".005","73.6",28.6,12.7,8.3,36.4,23.8,"7.4",2,11.7,0.3,58.3,32.1,"87.2","12.1",35.3,1,2.9,2.9,20.6,29.4,41.2,2.9,35.3,"97.883529412","93.068958824",73.8,23.7,32.7,54.5,45.5,18,33,55.8,101,71.4,3.9,35,94,45,181,76.3,14,59,44.2,80,44.8,81,34.8,50.8,41.2,38.2,20.6,34,46.8,47.1,16,32.4,11,14.7,5,5.9,2,,,,,,,,,,,,,,,,,,,,,,,,,,,,,,,,,,"25.2"
"Freeland, Alex",690976,2026,24,42,47,8,5,2,0,1,14,4,29.8,8.5,".190",".310",".261","0.571","0.120",".259","2","20","13","0","0","10","66","37","0","25","2","14","1","0","0","0","3","1","29","4","0","3","16","1","1","0","0","0","4","0","0","0","1","0","19","0","0","0","0","0","0","0","0","5","0","0","0","72","1","115","19","187",,"0","0","0","0",".222",".353",".263",".287",".289",".132",".330",".370",".286",".332","-0.032","-0.043","-0.024","71",7.5,18.4,13.4,40.8,29.9,"7",3,10.5,3.4,55.2,30,"92.1","4.9",27.6,2,6.9,6.9,24.1,13.8,44.8,3.4,44.8,"101.18166","95.236215714",60.8,22,21.1,52.6,47.4,10,19,48.1,90,80,8,31,105,45,187,78,13,59,51.9,97,42.2,79,29.5,41.7,48.3,37.9,13.8,29,55.3,65.5,19,13.8,4,17.2,5,3.4,1,,,,,,,,,,,,,,,,,,,,,,,,,,,,,,,,,,"27.1"
"Rutschman, Adley",668939,2026,28,34,39,10,4,6,0,0,6,5,15.4,12.8,".294",".471",".385","0.856","0.177",".357","3","15","16","0","0","11","55","34","0","27","0","10","0","0","0","0","2","1","28","7","0","6","8","2","2","0","0","0","0","0","0","0","0","0","7","0","0","0","0","0","0","0","0","3","0","0","0","57","0","96","7","153",,"0","0","0","0",".198",".322",".384",".283",".301",".124",".407",".267",".357",".240",".096",".149",".101","70.8",10.5,13.7,12.3,41.2,36.8,"6.9",0,7.1,-0.1,43.9,33.3,"90.5","18.5",35.7,1,3.6,7.1,10.7,42.9,35.7,0,42.9,"99.557759286","94.07614",55.6,2.2,23.6,35.3,64.7,6,17,47.1,72,50,5.2,31,81,28,153,97.8,1,45,52.9,81,44.4,68,11.3,40.5,46.4,32.1,21.4,28,64.1,35.7,10,25,7,32.1,9,7.1,2,"7","1.97","1.97","1.96","0",,,,"0.69","82.5",,,,,,,,,,,,,,,,,,,,,,,,"26.1"
"Wilson, Jacob",805779,2026,24,67,68,16,13,3,0,0,10,1,14.7,1.5,".239",".284",".250","0.534","0.045",".281","5","27","19","0","0","14","50","37","0","55","3","16","2","0","1","0","7","0","57","9","0","7","25","6","3","0","0","0","0","0","0","0","0","0","15","0","0","0","0","0","0","0","0","5","0","0","0","53","0","170","15","223",,"0","1","0","0",".267",".316",".241",".261",".278",".049",".276",".299",".281",".314","-0.028","-0.032","-0.020","63.2",0.9,6.3,5.4,38.5,33.3,"6.1",2,1.2,2.6,30.4,35.5,"84.5","3.6",26.3,0,0,0,29.8,19.3,38.6,12.3,35.1,"96.654198214","92.449046429",72.4,13.1,45.8,20.4,79.6,10,49,48,107,66.7,5.4,24,134,48,223,86.9,11,84,52,116,42.2,94,15.8,59.6,26.3,47.4,26.3,57,75,56.1,32,12.3,7,26.3,15,5.3,3,,,,,,,,,,,,,,,,,,,,,,,,,,,,,,,,,"4.5","27.1"
"Clarke, Denzel",672016,2026,26,43,47,7,6,1,0,0,19,3,40.4,6.4,".163",".186",".217","0.403","0.023",".292","5","21","8","0","0","11","66","35","0","28","1","16","0","0","0","0","6","0","25","1","0","2","11","3","2","0","0","0","5","2","0","0","1","0","24","0","0","0","0","0","0","0","0","4","0","0","0","69","1","120","24","189",,"0","0","0","0",".174",".205",".193",".201",".229",".031",".281",".301",".292",".318","-0.011","-0.019","-0.008","76.9",71.4,17.4,11.4,32.6,21.4,"7.6",1,5.1,-1.3,44.3,29.8,"93","5.6",16,1,4,0,28,16,44,4,52,"102.9776075","96.862243478",64,22.8,28,50,50,14,28,52.9,100,58.8,9,23,119,34,189,77.2,13,57,47.1,89,40.2,76,31.8,45,56,20,24,25,70.2,68,17,8,2,16,4,8,2,,,,,,,,,,,"2","0","1","0.0","1","1","100.0","1","1","100.0","2","2","100.0","1","1","100.0","-0.3","0","0","-0.3","33.7","3","4.3","28.7"
"Hays, Austin",669720,2026,30,32,33,7,5,1,0,1,12,1,36.4,3,".219",".344",".242","0.586","0.125",".316","6","15","11","1","0","10","41","18","0","17","2","9","0","0","0","0","2","1","20","4","0","2","10","1","0","0","1","0","0","0","0","0","0","0","26","1","0","0","0","0","0","0","0","2","0","0","0","43","0","84","26","127",,"0","0","0","0",".260",".347",".249",".264",".283",".087",".398",".422",".350",".416","-0.041","-0.003","-0.015","71.7",22.8,17.6,10.5,32.4,19.3,"7.1",6,14.7,-1.8,59.6,30.8,"85.1","-2.8",25,1,5,5,40,10,25,15,55,"101.624084","95.3766265",70.9,23.1,37.5,70.4,29.6,19,27,56.7,72,55.6,7.1,14,46,46,127,76.9,9,39,43.3,55,38.6,49,42.4,52,50,35,15,20,65.6,60,12,15,3,25,5,0,0,,,,,,,,,,,,,,,,,,,,,,,,,,,,,,,,,,"27.3"
"Realmuto, J.T.",592663,2026,35,42,49,12,9,2,0,1,10,5,20.4,10.2,".286",".405",".388","0.793","0.119",".355","4","16","17","0","0","12","70","36","0","23","2","13","1","0","0","2","2","3","32","7","0","6","11","3","0","0","0","0","1","0","0","0","0","0","23","0","0","0","0","0","0","0","0","5","0","0","0","77","0","116","23","193",,"0","0","0","0",".269",".366",".366",".338",".374",".097",".403",".360",".375",".353",".017",".039",".028","73.7",40.3,19.1,13.4,38.3,26.9,"7.5",0,13.5,-2.6,49.3,32.7,"88.5","6.3",40.6,1,3.1,9.4,28.1,21.9,31.3,6.3,40.6,"99.017269375","93.871794375",55.8,20.8,29.9,46.9,53.1,15,32,55.4,107,83.3,6.2,20,116,34,193,79.2,10,48,44.6,86,47.7,92,31.3,41.5,34.4,40.6,25,32,57.1,40.6,13,28.1,9,31.3,10,0,0,"6","1.92","1.96","1.84","0",,,,"0.6","82.7",,,,,,,,,,,,,,,,,,,,,,,,"28.1"
"Raleigh, Cal",663728,2026,29,69,78,10,6,2,0,2,26,8,33.3,10.3,".145",".261",".231","0.492","0.116",".190","10","38","18","0","1","18","120","40","0","79","3","18","1","0","1","0","2","5","44","3","0","17","10","1","6","0","0","0","0","0","0","4","0","1","59","0","0","0","0","0","0","0","0","6","1","0","0","128","1","226","59","354",,"0","0","1","0",".184",".371",".230",".282",".266",".187",".279",".370",".227",".290","-0.039","-0.110","-0.052","74.7",48.2,7.1,4.9,15.9,11,"7.9",2,17,-5.4,47,34.9,"83.8","24.5",34.1,4,9.1,4.5,18.2,47.7,9.1,11.4,25,"96.059418182","92.193437727",73.1,30.7,36.4,38.9,61.1,28,72,55.9,198,95.2,5.9,52,187,96,354,69.3,35,114,44.1,156,43.5,154,33.9,52.5,47.7,29.5,22.7,44,64.1,27.3,12,50,22,9.1,4,13.6,6,"6","1.99","2.01","1.97","0",,,,"0.68","80",,,,,,,,,,,,,,,,,,,,,,,,"25.8"
"Urías, Ramón",602104,2026,32,32,37,7,2,3,0,2,8,4,21.6,10.8,".219",".500",".324","0.824","0.281",".227","4","13","16","1","0","4","48","21","0","23","2","14","1","0","0","1","1","3","24","3","0","3","9","3","2","0","0","0","3","0","0","0","0","0","12","1","0","0","0","0","0","0","0","5","0","0","0","52","0","83","12","135",,"0","0","0","0",".239",".505",".365",".367",".342",".266",".413",".416",".292",".319","-0.020","-0.005","-0.002","70.6",3.7,13.6,11.1,38.6,31.5,"7.4",2,12.3,4.3,79.6,28.1,"93.1","12.3",37.5,4,16.7,4.2,12.5,29.2,37.5,0,50,"101.480390833","95.386240833",69.2,17.8,24.3,35.3,64.7,6,17,51.9,70,71.4,5.2,15,78,26,135,82.2,8,45,48.1,65,43,58,22.6,45.9,29.2,50,20.8,24,56.8,41.7,10,25,6,25,6,8.3,2,,,,,,,,,,,,,,,,,,,,,,,,,,,,,,,,,,"26.4"
"Fortes, Nick",663743,2026,29,46,48,14,9,4,0,1,5,1,10.4,2.1,".304",".457",".333","0.790","0.153",".325","7","21","21","0","0","13","50","21","0","32","1","14","3","0","0","1","6","2","41","6","0","5","15","3","4","0","0","0","1","0","0","0","0","0","10","0","0","0","0","0","0","0","0","4","0","0","0","54","0","106","10","160",,"0","0","0","0",".304",".411",".353",".327",".333",".108",".377",".347",".341",".341",".000",".046",".026","72",17.8,12.5,11,28.1,24.7,"7.3",0,4.7,-7.7,39.7,18.5,"87.2","8.4",31.7,1,2.4,7.3,36.6,22,22,9.8,41.5,"100.706974","94.4868055",70.4,8,39.3,20,80,7,35,55.6,89,61.5,8.1,19,99,24,160,92,4,50,44.4,71,36.9,59,12.9,53.1,41.5,41.5,17.1,41,45.8,51.2,21,17.1,7,22,9,9.8,4,"18","1.97","1.98","1.87","0",,,,"0.69","81.4",,,,,,,,,,,,,,,,,,,,,,,,"26.0"
"Marsh, Brandon",669016,2026,28,59,63,18,12,4,0,2,14,3,22.2,4.8,".305",".475",".333","0.808","0.170",".364","11","25","28","0","2","15","68","39","0","45","2","16","1","0","0","0","7","3","46","8","0","10","15","3","0","0","0","0","2","0","0","0","0","1","21","0","0","0","0","0","0","0","0","8","2","0","0","71","1","156","21","227",,"0","1","0","0",".308",".483",".356",".351",".336",".175",".442",".434",".391",".395","-0.003","-0.008",".005","71.1",15.7,14.6,11.8,34.1,27.5,"7.1",0,9.9,-1.8,45.1,37.2,"90.9","10.1",45.7,3,6.5,6.5,32.6,17.4,34.8,2.2,47.8,"100.964877826","94.913992826",66.4,9.9,38.3,37,63,17,46,52.9,120,78.6,6.2,35,123,48,227,90.1,7,71,47.1,107,45.8,104,20.5,51.5,34.8,34.8,30.4,46,55.6,47.8,22,28.3,13,23.9,11,0,0,,,,,,,,,,,"-1","0","2","0.0","0","1","0.0","0","1","0.0","1","1","100.0","5","5","100.0","-1.9","-1","-0.5","-3.4","30.7",,,"28.1"
"Pagés, Pedro",686780,2026,27,31,35,6,4,1,0,1,8,1,22.9,2.9,".194",".323",".257","0.580","0.129",".217","4","18","10","0","0","9","32","21","0","21","1","11","2","0","0","2","2","1","24","3","0","7","10","0","1","0","0","0","3","0","0","0","0","1","19","0","0","0","0","0","0","0","0","3","0","0","0","39","1","91","19","130",,"0","0","0","0",".213",".352",".264",".277",".274",".139",".293",".312",".250",".275","-0.019","-0.029","-0.013","73.1",23,12.2,8.2,34.1,23,"7.3",2,12.7,-8.4,31.1,31.8,"88.2","9.7",33.3,1,4.2,12.5,20.8,25,33.3,4.2,41.7,"99.706323333","94.095875",70.3,20,37.9,56,44,14,25,50.8,66,80,7.7,22,69,25,130,80,9,45,49.2,64,43.8,57,32.9,53.8,33.3,50,16.7,24,74.3,50,12,33.3,8,12.5,3,4.2,1,"9","1.94","1.95","1.92","0",,,,"0.62","82.7",,,,,,,,,,,,,,,,,,,,,,,,"25.3"
"Cronenworth, Jake",630105,2026,32,55,62,8,6,1,0,1,12,7,19.4,11.3,".145",".218",".242","0.460","0.073",".167","3","28","12","0","0","14","88","38","0","45","5","16","1","0","0","0","5","2","43","1","0","6","18","8","3","0","0","0","0","0","0","0","0","0","23","0","0","0","0","0","0","0","0","8","0","0","0","92","0","156","23","248",,"0","0","0","0",".251",".372",".223",".318",".336",".120",".206",".343",".186",".322","-0.106","-0.154","-0.095","71.9",21.3,16.7,12.8,26.4,20.2,"7.1",1,8.6,-0.8,27.7,32,"89.3","8.4",27.9,2,4.7,4.7,34.9,20.9,27.9,7,34.9,"99.383720476","93.874089268",67.5,9.9,28.9,54.1,45.9,20,37,51.6,128,60,6,37,164,31,248,90.1,8,81,48.4,120,45.2,112,23.7,47.6,30.2,48.8,20.9,43,59.7,53.5,23,18.6,8,20.9,9,7,3,,,,,,,,,,,,,,,,,,,,,,,,,,,,,,,,"1",,"28.9"
"Acuña, Luisangel",682668,2026,24,50,54,9,9,0,0,0,7,1,13,1.9,".180",".180",".208","0.388","0.000",".205","2","21","9","0","4","12","64","24","0","24","0","15","2","0","0","1","7","0","45","2","0","11","20","3","2","0","0","0","2","0","0","0","1","1","21","0","0","0","0","0","0","0","0","4","3","1","0","66","2","120","21","186",,"0","0","0","0",".217",".266",".182",".225",".242",".049",".186",".238",".205",".246","-0.037","-0.086","-0.043","72.6",30,15.4,12.5,43.1,35,"7.5",2,9.2,0.9,72.5,26,"87.8","4.9",11.1,1,2.2,0,20,28.9,42.2,6.7,33.3,"98.165895455","93.20334",73.1,10.5,36.1,43.6,56.4,17,39,58.1,108,80,5.4,23,86,59,186,89.5,6,57,41.9,78,36,67,24,51.6,26.7,44.4,28.9,45,61.1,60,27,24.4,11,11.1,5,4.4,2,,,,,,,,,,,"-1","0","0",,"0","0",,"1","2","50.0","1","1","100.0","1","1","100.0",,,,,,"9","4.21","29.4"
"Muncy, Max",691777,2026,23,63,67,19,11,5,1,2,24,3,35.8,4.5,".302",".508",".343","0.851","0.206",".459","5","21","32","0","1","12","79","47","0","48","3","17","2","0","0","1","8","4","39","7","0","5","12","2","1","0","0","0","0","0","0","1","0","0","39","0","0","0","0","0","0","0","0","12","1","0","0","84","0","178","39","262",,"0","0","0","0",".273",".460",".376",".336",".316",".187",".573",".503",".487",".440",".029",".048",".040","74.6",53.8,28.2,20.2,36.5,26.1,"7.7",3,11.1,-7.5,52.9,30.6,"95.3","6.2",43.6,5,12.8,12.8,28.2,12.8,28.2,5.1,69.2,"105.3764325","99.020542821",64.9,18.8,35.1,60.9,39.1,28,46,50,131,66.7,6.9,42,133,65,262,81.2,16,85,50,131,45,118,33.6,50,43.6,35.9,20.5,39,64.2,51.3,20,23.1,9,23.1,9,2.6,1,,,,,,,,,,,,,,,,,,,,,,,,,,,,,,,,,"4.45","27.8"
"Grisham, Trent",663757,2026,29,52,65,8,4,1,1,2,13,13,20,20,".154",".327",".323","0.650","0.173",".162","9","21","17","0","1","11","116","60","0","34","2","17","1","0","1","0","2","3","39","3","0","8","15","4","4","0","0","0","0","0","0","0","0","0","17","0","0","0","0","0","0","0","0","9","1","0","0","122","0","152","17","274",,"0","0","0","0",".243",".459",".308",".379",".395",".215",".277",".395",".205",".324","-0.089","-0.132","-0.071","69.5",5.2,26.6,22.1,42.2,35.1,"7.4",1,17.6,-0.8,48.1,28.5,"92.1","15.1",25.6,5,12.8,10.3,20.5,28.2,25.6,2.6,64.1,"101.7169735","96.432399231",51.8,9.7,14.8,60,40,12,20,49.3,135,62.5,8.8,37,165,52,274,90.3,7,72,50.7,139,46,126,20.7,33.6,38.5,53.8,7.7,39,61.5,43.6,17,28.2,11,17.9,7,10.3,4,,,,,,,,,,,"0","0","0",,"0","0",,"0","0",,"1","1","100.0","1","1","100.0",,,,,,,,"26.8"
"Rivas, Leo",660844,2026,28,38,47,6,5,0,1,0,16,9,34,19.1,".158",".211",".319","0.530","0.053",".273","3","19","8","0","0","11","91","52","0","38","1","13","1","0","0","0","2","1","22","3","0","5","8","1","2","0","0","0","0","0","0","0","0","0","17","0","0","0","0","0","1","0","0","4","0","0","0","96","0","135","17","231",,"1","0","0","0",".132",".162",".268",".238",".298",".030",".281",".218",".273",".228",".026",".049",".030","65",0,0,0,31.5,23.9,"7.1",4,15.2,-4.4,49.3,36.5,"85.4","14.5",27.3,0,0,0,22.7,40.9,31.8,4.5,4.5,"92.483770909","90.268555455",53.2,15.3,20,50,50,12,24,51.9,120,78.6,6.1,26,147,44,231,84.7,9,59,48.1,111,43.3,100,25.3,35.9,45.5,27.3,27.3,22,38.3,45.5,10,27.3,6,18.2,4,9.1,2,,,,,,,,,,,,,,,,,,,,,,,,,,,,,,,,,,"27.6"
"Scott II, Victor",687363,2026,25,45,52,12,11,1,0,0,11,1,21.2,1.9,".267",".289",".277","0.566","0.022",".343","3","17","13","1","2","11","54","32","0","20","2","17","1","0","0","0","6","1","40","5","0","2","20","4","1","0","0","0","5","0","0","0","5","1","20","1","0","0","0","0","0","0","0","4","2","0","0","56","6","117","20","173",,"0","0","0","0",".264",".310",".256",".258",".277",".047",".323",".327",".343",".343",".003","-0.021","-0.002","69.5",4.8,7.1,4.8,40.5,27.4,"6.7",2,10,-1.2,54.8,32.6,"87.1","0.4",32.5,0,0,2.5,30,12.5,32.5,20,22.5,"96.235109375","92.118515313",68.8,13.6,24.7,73.7,26.3,14,19,44.5,77,71.4,8.1,22,97,37,173,86.4,9,66,55.5,96,39.3,68,27.1,49.1,40,35,25,40,55.8,65,26,7.5,3,25,10,2.5,1,,,,,,,,,,,"1","0","0",,"0","1","0.0","3","3","100.0","4","4","100.0","2","2","100.0","-0.1","1.6","1.1","2.6","37.8","7","4.17","29.5"
"Reynolds, Bryan",668804,2026,31,65,76,19,14,1,1,3,20,9,26.3,11.8,".292",".477",".382","0.859","0.185",".372","12","24","31","0","1","17","111","55","0","48","6","17","1","0","0","1","6","4","46","9","0","8","13","5","1","0","0","0","1","0","0","3","0","1","31","0","0","0","0","0","0","0","0","13","1","0","0","122","1","189","31","311",,"0","1","0","0",".278",".516",".384",".382",".369",".239",".478",".476",".413",".393",".014","-0.039",".002","73",25,16.9,12.1,34.9,25,"7",3,9.2,4.3,47.4,38.3,"93.1","9.2",41.3,5,10.9,8.7,28.3,17.4,32.6,2.2,50,"103.385333043","96.546523261",65.9,19.1,25.6,51.1,48.9,23,45,56.6,176,72.7,3.5,72,145,80,311,80.9,17,89,43.4,135,43.7,136,29.9,43.1,45.7,28.3,26.1,46,59.2,41.3,19,26.1,12,30.4,14,2.2,1,,,,,,,,,,,"-2","0","1","0.0","0","0",,"0","0",,"0","1","0.0","0","0",,,,,,,,,"27.6"
"Seager, Corey",608369,2026,32,61,74,12,7,1,0,4,19,11,25.7,14.9,".197",".410",".311","0.721","0.213",".200","10","22","25","0","1","13","105","27","0","42","5","17","0","0","1","0","4","4","44","4","0","13","13","3","3","0","2","0","0","0","0","0","0","2","42","0","0","0","0","0","0","0","0","10","1","0","0","111","2","161","42","272",,"0","0","0","0",".214",".429",".313",".322",".327",".216",".366",".381",".273",".299","-0.017","-0.019","-0.009","72.1",16.5,18.2,11.6,39,24.8,"6.8",4,16.5,-1.3,49.6,33.5,"90.6","17.2",34.1,7,15.9,6.8,15.9,29.5,29.5,2.3,45.5,"101.723765909","95.210309545",77.2,22.7,29.1,60.9,39.1,28,46,58.1,158,95.5,8.1,41,119,80,272,77.3,20,88,41.9,114,38.6,105,35.8,49.3,38.6,34.1,27.3,44,61.6,38.6,17,38.6,17,15.9,7,6.8,3,,,,,,,,,,,,,,,,,,,,,,,,,,,,,,,,,,"24.4"
"Jackson, Jeremiah",669236,2026,26,48,50,16,11,2,0,3,11,0,22,0,".333",".563",".340","0.903","0.230",".371","11","22","27","1","0","11","39","18","0","28","3","15","2","0","0","1","7","4","38","5","0","5","15","1","0","0","0","0","1","0","1","0","0","1","25","1","0","0","0","0","0","0","1","4","0","0","0","43","1","112","25","155",,"1","1","0","0",".277",".497",".393",".341",".294",".220",".498",".431",".421",".362",".056",".066",".052","73.3",36,15.9,11.6,38.1,27.9,"7.7",4,9.1,-0.2,60.5,27.3,"87.3","-0.6",31.6,4,10.5,5.3,23.7,15.8,34.2,7.9,28.9,"98.661861579","93.532752162",77.9,18.3,43.6,50,50,17,34,50.3,78,75,5.2,13,85,45,155,81.7,11,60,49.7,77,41.3,64,29.8,60.6,50,23.7,26.3,38,64,57.9,22,23.7,9,18.4,7,0,0,,,,,,,,,,,,,,,,,,,,,,,,,,,,,,,,,"4.85","26.1"
"Vierling, Matt",663837,2026,29,23,25,4,2,1,0,1,6,1,24,4,".174",".348",".200","0.548","0.174",".176","3","13","8","0","0","5","32","22","0","22","1","11","1","0","0","0","2","1","18","1","0","5","5","2","2","0","0","0","2","0","0","0","0","1","8","0","0","0","0","0","0","0","0","1","0","0","0","34","1","71","8","105",,"0","0","0","0",".173",".247",".237",".196",".199",".075",".290",".233",".222",".221",".001",".101",".041","70.9",11.4,5.7,4.5,25.7,20.5,"7.5",0,10.6,-2,59.1,29.3,"83.3","12.3",27.8,1,5.6,0,16.7,38.9,38.9,0,33.3,"95.749711111","91.874855556",61.7,10.3,34.5,30,70,6,20,55.2,58,100,3.8,16,48,29,105,89.7,3,29,44.8,47,43.8,46,18.4,46.7,38.9,38.9,22.2,18,60,38.9,7,33.3,6,16.7,3,11.1,2,,,,,,,,,,,,,,,,,,,,,,,,,,,,,,,,"1",,"29.3"
"Caglianone, Jac",695506,2026,23,48,54,11,7,4,0,0,17,4,31.5,7.4,".229",".313",".315","0.628","0.084",".355","0","17","15","1","0","7","78","38","0","36","2","15","0","0","0","2","2","0","31","9","0","5","12","2","1","0","0","0","0","0","0","3","0","0","24","0","0","1","0","0","1","0","0","4","0","0","0","83","0","132","24","215",,"1","0","0","0",".241",".346",".294",".305",".326",".104",".372",".391",".355",".374","-0.012","-0.033","-0.011","76",64.3,22.2,16.7,31.7,23.8,"7.9",3,5.6,0.6,42.9,30.2,"93.1","2.8",35.5,4,12.9,6.5,22.6,16.1,38.7,3.2,51.6,"106.036705","97.690825484",59,19.4,29.1,46.9,53.1,15,32,51.2,110,68.8,7.4,23,107,56,215,80.6,12,62,48.8,105,34.9,75,28.7,43.7,32.3,51.6,16.1,31,57.4,45.2,14,16.1,5,35.5,11,3.2,1,,,,,,,,,,,"0","0","0",,"0","0",,"0","1","0.0","3","3","100.0","3","3","100.0",,,,,,,,"26.8"
"Young, Jacob",696285,2026,26,49,52,13,7,4,0,2,8,2,15.4,3.8,".265",".469",".294","0.763","0.204",".282","7","19","23","0","1","9","59","42","0","26","2","16","0","0","0","0","4","3","42","6","0","5","14","8","2","0","0","0","2","1","0","0","1","0","15","0","0","0","0","0","1","0","0","8","1","0","0","63","1","127","15","190",,"1","1","0","0",".318",".466",".337",".352",".344",".148",".384",".403",".317",".380","-0.053",".003","-0.015","70.5",6.8,15.5,12.3,50,39.7,"7.2",1,10.4,0.4,58.9,31.3,"88.4","10.3",45.2,3,7.1,9.5,26.2,19,31,7.1,40.5,"98.547598095","93.75207878",61.8,12.7,25,40.9,59.1,9,22,46.3,88,76.5,8.9,19,111,35,190,87.3,8,63,53.7,102,40,76,20,44.7,40.5,33.3,26.2,42,59.6,42.9,18,19,8,33.3,14,4.8,2,,,,,,,,,,,"1","1","3","33.3","1","1","100.0","0","0",,"2","3","66.7","1","1","100.0","5.6","3.1","-3.6","5","37.8","2","4.31","29.0"
"Perez, Salvador",521692,2026,36,63,68,10,6,2,0,2,11,4,16.2,5.9,".159",".286",".221","0.507","0.127",".160","2","40","18","0","0","20","76","28","0","57","1","17","1","0","0","1","3","2","52","5","0","14","15","4","9","0","1","0","0","0","0","5","0","0","30","0","0","0","0","0","0","0","0","4","0","0","0","81","0","171","30","252",,"0","0","0","0",".210",".385",".226",".280",".268",".175",".236",".305",".192",".255","-0.051","-0.099","-0.054","71.9",19,17,13.5,30,23.8,"7.9",4,13,-7.9,59.5,35.8,"89.5","21.5",28.8,6,11.5,3.8,15.4,38.5,28.8,1.9,40.4,"101.061274231","94.767236923",73.4,20,44.1,28.6,71.4,18,63,56.7,143,80,4,27,127,65,252,80,16,80,43.3,109,36.5,92,23.8,56.7,36.5,28.8,34.6,52,70.6,34.6,18,30.8,16,17.3,9,17.3,9,"5","1.97","2","1.96","1","1.55",,"1.55","0.72","82.1",,,,,,,,,,,,,,,,,,,,,,,,"23.5"
"Lockridge, Brandon",663604,2026,29,40,45,11,9,2,0,0,9,4,20,8.9,".275",".325",".341","0.666","0.050",".355","5","12","13","0","3","10","68","37","0","39","3","14","0","0","0","0","8","1","32","2","0","4","16","0","1","0","0","0","2","3","0","0","1","0","18","0","0","0","0","0","0","0","0","5","3","0","0","76","1","129","18","205",,"0","0","0","0",".209",".269",".310",".254",".282",".061",".348",".269",".355",".271",".066",".056",".056","73",39.5,10.9,8.6,20.3,16,"6.9",1,4.1,8.4,44.4,29.6,"83.9","-1.1",9.4,1,3.1,3.1,15.6,15.6,46.9,9.4,31.3,"97.652302667","92.903394667",61.4,17.7,28.8,33.3,66.7,10,30,50.7,104,76.5,8.3,30,102,49,205,82.3,11,62,49.3,101,43.4,89,22.8,44.9,34.4,43.8,21.9,32,57.8,75,24,15.6,5,6.3,2,3.1,1,,,,,,,,,,,"0","0","5","0.0","1","1","100.0","0","0",,"0","0",,"3","3","100.0","-0.7","-0.7","0.2","-1.2","32.6","3","4.33","28.9"
"McKinstry, Zach",656716,2026,31,41,44,8,5,2,0,1,9,3,20.5,6.8,".195",".317",".250","0.567","0.122",".226","5","17","13","0","0","7","55","32","0","45","2","13","2","0","0","0","3","2","32","3","0","6","12","4","2","0","0","0","2","0","0","0","0","0","9","0","0","0","0","0","0","0","0","2","0","0","0","58","0","122","9","180",,"0","0","0","0",".210",".299",".259",".253",".264",".088",".289",".281",".250",".269","-0.015",".018",".006","69.8",5.6,3.3,2.8,26.2,22.5,"6.7",1,8.3,2.7,44.4,38.5,"85.9","13.1",31.3,1,3.1,3.1,21.9,34.4,37.5,0,25,"94.7836225","91.394308125",67,8.5,25.7,36.8,63.2,7,19,41.1,74,84.2,10.6,27,102,38,180,91.5,6,71,58.9,106,41.1,74,14.4,50,53.1,21.9,25,32,63.6,46.9,15,25,8,21.9,7,6.3,2,,,,,,,,,,,,,,,,,,,,,,,,,,,,,,,,,,"26.7"
"Crawford, J.P.",641487,2026,31,31,43,6,5,1,0,0,8,11,18.6,25.6,".194",".226",".419","0.645","0.032",".261","4","16","7","1","0","7","78","39","0","22","1","11","2","0","1","1","2","0","23","4","0","4","7","4","2","0","0","0","0","0","0","1","0","0","7","1","0","0","0","0","1","0","0","5","0","0","0","82","0","92","7","174",,"1","0","1","0",".242",".393",".335",".395",".453",".151",".254",".366",".261",".326","-0.048","-0.167","-0.060","71.6",19.1,9.8,8.5,36.6,31.9,"7.4",1,9.5,2.1,51.1,36.5,"88.5","17.8",39.1,2,8.7,8.7,26.1,26.1,30.4,0,34.8,"98.930819167","93.881280435",46.3,7.9,16.3,33.3,66.7,5,15,52.9,92,57.1,8,31,108,29,174,92.1,3,38,47.1,82,42,73,15.1,30.5,26.1,52.2,21.7,23,62.8,39.1,9,17.4,4,34.8,8,8.7,2,,,,,,,,,,,,,,,,,,,,,,,,,,,,,,,,,,"24.7"
"Naylor, Bo",666310,2026,26,35,39,5,5,0,0,0,8,4,20.5,10.3,".143",".143",".231","0.374","0.000",".185","0","13","5","0","0","5","66","28","0","42","2","12","2","0","0","0","2","1","27","2","0","10","8","3","1","0","0","0","2","0","0","0","0","0","10","0","0","0","1","0","0","0","0","0","0","0","0","70","0","110","10","180",,"0","0","0","0",".247",".453",".190",".340",".325",".206",".168",".386",".185",".321","-0.104","-0.310","-0.150","71.7",15.3,14.5,12.5,25.8,22.2,"7.6",2,9.8,-3.8,55.6,31.6,"91.2","12.3",33.3,4,14.8,7.4,18.5,29.6,25.9,3.7,51.9,"101.319783571","95.483145185",69.9,5.2,24.7,41.7,58.3,10,24,53.9,97,100,4.4,37,87,39,180,94.8,3,58,46.1,83,52.8,95,15.9,45.6,33.3,51.9,14.8,27,61.5,37,10,40.7,11,18.5,5,3.7,1,"2","2.1",,"2.1","1","1.48","1.48",,"0.69","82.5",,,,,,,,,,,,,,,,,,,,,,,,"26.8"
"Del Castillo, Adrian",680728,2026,26,21,21,7,6,1,0,0,7,0,33.3,0,".333",".381",".333","0.714","0.048",".500","5","9","8","0","0","7","23","19","0","18","1","6","2","0","0","0","1","0","14","6","0","1","6","0","0","0","0","0","0","0","0","3","0","0","10","0","0","0","0","0","0","0","0","2","0","0","0","27","0","63","10","90",,"0","0","0","0",".269",".339",".322",".264",".269",".070",".482",".406",".500",".414",".064",".042",".058","72.3",22.5,6.7,5,30,22.5,"7",1,13.4,-2.2,45,34.4,"88.8","6.2",42.9,0,0,14.3,28.6,7.1,42.9,0,28.6,"96.632674286","92.648363077",62.2,17.9,35.6,43.8,56.3,7,16,50,45,70,11.1,25,41,22,90,82.1,5,28,50,45,42.2,38,27.3,48.9,21.4,64.3,14.3,14,76.2,50,7,7.1,1,42.9,6,0,0,"0",,,,"0",,,,,,,,,,,,,,,,,,,,,,,,,,,,,"26.0"
"Paredes, Isaac",670623,2026,27,47,55,11,7,4,0,0,11,4,20,7.3,".234",".319",".345","0.664","0.085",".306","6","19","15","0","0","13","68","48","0","47","2","13","2","0","0","4","4","1","36","6","0","11","4","6","4","0","0","0","0","0","0","2","0","0","23","0","0","0","0","0","0","0","0","6","0","0","0","80","0","156","23","236",,"0","1","0","0",".225",".286",".316",".294",".338",".061",".321",".288",".306",".294",".009",".033",".022","67.3",4.3,4.3,3.2,37.1,28,"7.8",1,16.3,-14.2,50.5,33.7,"88.5","27.9",36.1,0,0,2.8,33.3,52.8,8.3,2.8,27.8,"96.410480556","92.456964722",61,18.1,30.5,33.3,66.7,12,36,50,118,72.2,7.6,27,135,67,236,81.9,13,72,50,118,43.2,102,23.1,45.8,52.8,36.1,11.1,36,58.2,22.2,8,33.3,12,33.3,12,11.1,4,,,,,,,,,,,,,,,,,,,,,,,,,,,,,,,,,,"25.1"
"Peters, Tristan",671976,2026,26,37,40,9,8,1,0,0,13,3,32.5,7.5,".243",".270",".300","0.570","0.027",".375","1","10","10","0","1","6","56","16","0","35","4","15","0","0","0","0","3","0","24","6","0","6","6","1","2","0","0","0","2","0","0","0","0","0","20","0","0","0","1","0","0","1","0","1","1","0","0","59","0","106","20","165",,"1","0","1","0",".196",".225",".268",".224",".256",".029",".357",".285",".375",".302",".047",".045",".044","69.4",5.7,4.3,2.9,26.1,17.1,"6.9",0,14.2,-5,58.6,29.1,"83.3","23",33.3,0,0,0,25,41.7,4.2,29.2,8.3,"92.999583","90.646549474",74.4,29.3,36.8,28.1,71.9,9,32,52.7,87,100,6.1,31,101,25,165,70.7,17,58,47.3,78,50.3,83,28.9,54.5,54.2,29.2,16.7,24,65,37.5,9,25,6,29.2,7,8.3,2,,,,,,,,,,,"0","0","2","0.0","0","0",,"3","3","100.0","0","1","0.0","2","2","100.0","0.2","2.1","1.6","3.9","38.5",,,"27.4"
"Bader, Harrison",664056,2026,32,52,55,6,4,1,0,1,17,2,30.9,3.6,".115",".192",".145","0.337","0.077",".143","3","26","10","0","0","12","60","28","0","38","4","15","2","0","0","0","3","2","36","1","0","5","18","4","3","0","0","0","0","0","0","0","0","1","32","0","0","0","0","0","0","0","0","4","0","0","0","67","1","139","32","206",,"0","0","0","0",".196",".335",".154",".261",".235",".139",".196",".359",".167",".303","-0.081","-0.143","-0.107","72.7",39.4,12.1,8.1,33.3,22.2,"7.2",2,11.4,-6.2,48.5,24.7,"87.1","9.7",27.8,3,8.3,2.8,16.7,19.4,44.4,8.3,38.9,"98.591195556","93.322891667",71.1,27.5,38.5,42.9,57.1,18,42,52.9,109,72.7,5.3,20,119,46,206,72.5,19,69,47.1,97,42.2,87,33.3,53.9,47.2,25,27.8,36,70.9,58.3,21,19.4,7,13.9,5,8.3,3,,,,,,,,,,,"0","0","1","0.0","0","0",,"0","0",,"4","4","100.0","4","5","80.0","-1.1","0.6","1","0.5","36.6",,"4.4","27.6"
"Happ, Ian",664023,2026,31,62,70,14,6,4,0,4,24,8,34.3,11.4,".226",".484",".314","0.798","0.258",".294","8","38","30","0","0","18","91","50","0","39","5","15","2","0","0","0","2","4","38","7","1","8","14","2","0","0","1","0","0","0","0","1","0","0","37","0","0","0","0","0","0","0","0","8","0","0","0","97","0","172","37","269",,"0","0","0","0",".215",".464",".349",".330",".305",".249",".502",".468",".368",".351",".011",".020",".019","72.1",20.6,21.7,14,30.4,19.6,"7",2,11.7,-7.4,53.3,31.8,"90.9","9.8",39.5,7,18.4,10.5,10.5,21.1,34.2,5.3,50,"102.733623158","95.774533421",60.9,23.5,30.1,63.4,36.6,26,41,50.6,136,84.6,4.8,72,132,48,269,76.5,19,81,49.4,133,40.1,108,36.9,45.4,50,31.6,18.4,38,62.3,42.1,16,31.6,12,23.7,9,2.6,1,,,,,,,,,,,"0","1","5","20.0","0","1","0.0","0","1","0.0","1","1","100.0","2","2","100.0","0.1","1.1","0.5","1.7","35.2",,,"27.1"
"Harris II, Michael",671739,2026,25,58,61,14,11,1,0,2,13,3,21.3,4.9,".241",".362",".279","0.641","0.121",".279","7","26","21","0","1","13","66","30","0","44","10","16","0","0","0","0","6","2","45","6","0","8","18","3","2","0","0","0","0","0","0","0","0","0","20","0","0","0","0","0","1","0","0","5","1","0","0","70","0","155","20","225",,"1","0","0","0",".285",".569",".289",".379",".321",".284",".345",".468",".311",".370","-0.044","-0.207","-0.090","74.8",46.8,17.7,12.6,34.2,24.3,"8.1",2,6.2,1.1,42.3,31.4,"92.1","5.4",26.7,7,15.6,0,22.2,17.8,37.8,4.4,46.7,"103.115184091","95.957478182",69.2,16.2,43.2,47.1,52.9,24,51,52.4,118,66.7,5.3,40,114,50,225,83.8,12,74,47.6,107,45.3,102,28.8,55.6,40,48.9,11.1,45,62.3,53.3,24,22.2,10,20,9,4.4,2,,,,,,,,,,,"1","0","0",,"0","0",,"2","2","100.0","2","2","100.0","2","2","100.0",,,,,,,"4.27","27.7"
"Grissom, Vaughn",687093,2026,25,10,14,3,3,0,0,0,1,3,7.1,21.4,".300",".300",".462","0.762","0.000",".333","0","6","3","0","0","3","22","12","1","8","1","3","1","0","0","0","2","0","10","1","0","3","3","0","0","0","0","0","0","0","0","0","0","0","1","0","0","0","0","0","0","0","0","2","0","0","0","23","0","32","1","55",,"0","0","0","1",".293",".359",".374",".385",".456",".066",".303",".319",".333",".326",".007","-0.059","-0.011","72.9",16.7,12.5,11.1,37.5,33.3,"7.3",0,11.2,0.4,61.1,33.6,"91","14.9",11.1,0,0,0,44.4,33.3,22.2,0,33.3,"97.005458","93.29735",56.5,7.7,21.9,14.3,85.7,1,7,58.2,32,50,3.6,10,31,8,55,84.6,1,13,41.8,23,34.5,19,10,36.4,55.6,44.4,0,9,50,66.7,6,33.3,3,11.1,1,0,0,,,,,,,,,,,,,,,,,,,,,,,,,,,,,,,,,,
"Aranda, Jonathan",666018,2026,28,63,75,14,8,3,0,3,17,9,22.7,12,".222",".413",".307","0.720","0.191",".239","14","27","26","0","0","14","111","44","0","63","4","16","1","0","0","0","3","4","49","7","0","16","10","5","3","0","0","0","0","0","0","0","0","3","26","0","0","0","0","0","0","0","0","8","0","0","0","113","3","186","26","299",,"0","0","1","0",".253",".480",".319",".362",".345",".227",".357",".423",".286",".344","-0.031","-0.067","-0.043","70.4",9.6,14,11.2,39,31.2,"7.1",2,8.3,4.4,52,34.1,"93","20.4",42.9,5,10.2,16.3,20.4,30.6,20.4,2,49,"101.0223944","95.213190408",66.9,14.3,31.3,33.3,66.7,17,51,54.5,163,86.7,10,38,182,63,299,85.7,13,91,45.5,136,38.1,114,21.1,47.5,22.4,42.9,34.7,49,58.7,26.5,13,40.8,20,26.5,13,6.1,3,,,,,,,,,,,,,,,,,,,,,,,,,,,,,,,,,,"25.1"
"Langford, Wyatt",694671,2026,24,56,58,9,4,2,2,1,14,2,24.1,3.4,".161",".321",".190","0.511","0.160",".195","3","31","18","0","1","14","73","47","0","28","2","14","1","0","0","0","3","2","42","4","0","6","17","4","5","0","0","0","0","0","0","1","0","0","19","0","0","0","0","0","0","0","0","4","1","0","0","78","0","140","19","218",,"0","0","0","0",".230",".361",".225",".269",".257",".130",".277",".337",".214",".307","-0.069","-0.040","-0.044","72.9",25,16.9,13.1,41.5,32.1,"6.9",3,8.3,-5.9,46.4,30.1,"90.1","13.8",23.8,3,7.1,7.1,26.2,28.6,28.6,2.4,40.5,"100.460854762","94.661105714",59,15.3,28.8,41.2,58.8,14,34,54.1,118,50,7.3,30,121,49,218,84.7,9,59,45.9,100,45.9,100,24.7,42.7,33.3,35.7,31,42,69,47.6,20,19,8,19,8,14.3,6,,,,,,,,,,,"1","0","2","0.0","1","1","100.0","0","0",,"1","1","100.0","1","1","100.0",,,,,,"1",,"27.9"
"Fermín, José",665877,2026,27,13,17,3,3,0,0,0,4,2,23.5,11.8,".231",".231",".313","0.544","0.000",".300","1","9","3","0","0","4","21","16","1","7","1","7","0","0","0","0","2","0","10","1","0","1","2","0","3","0","0","0","1","1","0","0","0","1","4","0","0","0","0","0","0","0","0","1","0","0","0","24","1","39","4","63",,"0","0","0","1",".147",".170",".260",".220",".262",".024",".273",".210",".300",".220",".084",".061",".040","68.2",0,12.5,10,43.8,35,"7.8",1,10.3,-12.9,80,30.6,"81.5","25.7",20,0,0,0,20,40,30,10,20,"94.598346","91.420332",54.3,26.3,14.3,0,100,0,4,44.4,28,66.7,4.8,5,45,8,63,73.7,5,19,55.6,35,42.9,27,21.7,36.5,50,20,30,10,52.9,40,4,10,1,20,2,30,3,,,,,,,,,,,,,,,,,,,,,,,,,,,,,,,,,,
"Edwards, Xavier",669364,2026,26,67,75,23,17,3,2,1,9,7,12,9.3,".343",".493",".405","0.898","0.150",".386","6","30","33","1","2","14","110","51","0","36","1","18","1","0","1","0","11","1","59","11","0","11","17","5","3","0","0","0","1","0","0","1","1","0","16","1","0","0","0","0","0","0","0","14","2","0","0","113","1","166","16","279",,"0","0","0","0",".286",".402",".402",".335",".353",".116",".427",".342",".397",".330",".057",".091",".067","67.2",0,9.4,8.2,48.2,41.8,"6.4",3,5.9,1.8,46.9,27.9,"89.8","9.9",32.2,2,3.4,8.5,25.4,18.6,40.7,3.4,42.4,"97.777393448","93.260547586",60.3,7.3,23.1,36.4,63.6,12,33,51.3,143,61.5,9.3,44,177,43,279,92.7,6,82,48.7,136,40.5,113,15.7,41.2,32.2,33.9,33.9,59,54.7,47.5,28,20.3,12,27.1,16,5.1,3,,,,,,,,,,,,,,,,,,,,,,,,,,,,,,,,,,"27.5"
"Robles, Victor",645302,2026,29,13,13,3,2,1,0,0,3,0,23.1,0,".231",".308",".231","0.539","0.077",".300","1","8","4","0","1","3","16","7","0","8","0","5","0","0","0","0","2","0","10","1","0","2","2","1","2","0","0","0","3","0","0","0","0","0","6","0","0","0","0","0","0","0","0","0","1","0","0","19","0","34","6","53",,"0","0","0","0",".232",".366",".240",".256",".232",".134",".311",".333",".300",".301","-0.001","-0.058","-0.016","68.2",0,13.3,9.1,33.3,22.7,"6.6",0,8.8,-1.4,40.9,31.9,"82.6","18",30,1,10,0,20,40,30,0,20,"92.310672","90.740758",73.9,17.6,33.3,40,60,4,10,56.6,30,100,7.5,15,27,10,53,82.4,3,17,43.4,23,37.7,20,25.9,50.9,40,10,50,10,76.9,40,4,20,2,20,2,20,2,,,,,,,,,,,,,,,,,,,,,,,,,,,,,,,,,,
"Duran, Jarren",680776,2026,29,55,62,10,6,3,0,1,16,6,25.8,9.7,".182",".291",".274","0.565","0.109",".237","10","15","16","0","2","11","74","29","0","26","5","14","0","0","0","1","4","1","39","5","0","5","16","3","5","0","0","0","1","0","0","3","0","0","35","0","0","0","0","0","1","0","0","10","2","0","0","79","0","139","35","218",,"1","0","0","0",".227",".379",".266",".312",".317",".153",".294",".370",".256",".325","-0.045","-0.088","-0.046","74.9",50.5,20.3,12.4,35.6,21.6,"7.8",0,9.3,-5.8,59.8,26.9,"90.4","12.8",28.2,5,12.8,5.1,20.5,20.5,33.3,2.6,41,"102.769477895","95.724967568",71.9,23.2,33.6,70.7,29.3,29,41,56,122,30,4.6,25,120,54,218,76.8,16,69,44,96,37.6,82,40.9,50.5,46.2,38.5,15.4,39,62.9,51.3,20,15.4,6,20.5,8,12.8,5,,,,,,,,,,,"0","0","1","0.0","0","0",,"1","2","50.0","1","1","100.0","3","3","100.0",,,,,,,,"28.9"
"Brito, Juan",682877,2026,24,23,25,6,4,2,0,0,5,2,20,8,".261",".348",".320","0.668","0.087",".333","1","9","8","0","0","7","29","20","0","18","2","7","1","0","0","0","1","1","18","4","0","3","6","0","3","0","0","0","0","1","0","0","0","0","11","0","0","0","0","0","0","0","0","4","0","0","0","34","0","70","11","104",,"0","0","0","0",".275",".327",".306",".299",".333",".052",".346",".337",".333",".352","-0.014",".021",".007","69.4",0,11.8,8.9,32.4,24.4,"7.6",1,13.5,-8.4,51.1,33,"86.6","16.6",33.3,0,0,5.6,22.2,33.3,38.9,0,27.8,"96.95061","92.535172222",62.2,14.3,37.3,45.5,54.5,10,22,56.7,59,60,4.8,21,49,29,104,85.7,4,28,43.3,45,46.2,48,28,48.1,44.4,44.4,11.1,18,72,38.9,7,22.2,4,22.2,4,16.7,3,,,,,,,,,,,,,,,,,,,,,,,,,,,,,,,,,,"26.6"
"Schanuel, Nolan",694384,2026,24,61,70,13,9,2,0,2,10,8,14.3,11.4,".213",".344",".300","0.644","0.131",".220","11","34","21","0","0","19","108","55","0","32","3","15","5","0","1","0","3","2","52","8","0","9","22","7","1","0","0","0","0","0","0","0","0","1","17","0","0","0","0","0","0","0","0","4","0","0","0","115","1","160","17","275",,"0","0","1","0",".271",".371",".296",".324",".351",".101",".288",".327",".250",".319","-0.058","-0.027","-0.028","67.8",4.4,12.2,10,47.3,38.9,"6.7",3,6.7,-3.9,48.4,33.4,"87.4","9.1",32.7,1,1.9,5.8,30.8,21.2,40.4,0,34.6,"97.378860769","92.692291923",57.8,10.8,21.1,41.9,58.1,13,31,53.5,147,60,3.6,47,142,62,275,89.2,8,74,46.5,128,37.5,103,20,38.2,40.4,30.8,28.8,52,67.1,48.1,25,21.2,11,28.8,15,1.9,1,,,,,,,,,,,,,,,,,,,,,,,,,,,,,,,,,"4.57","25.9"
"Myers, Dane",667472,2026,30,23,25,6,6,0,0,0,4,2,16,8,".261",".261",".320","0.581","0.000",".316","1","12","6","0","1","6","37","26","0","13","0","15","2","0","0","0","3","0","19","3","0","5","4","3","1","0","0","0","0","1","0","0","0","0","2","0","0","0","0","0","0","0","0","2","1","0","0","39","0","60","2","99",,"0","1","1","0",".376",".584",".275",".435",".428",".208",".287",".501",".316",".459","-0.115","-0.323","-0.160","72",18.5,12,11.1,40,37,"7.2",0,6.5,7.9,37,29.5,"88.9","19.4",47.4,1,5.3,10.5,36.8,21.1,21.1,0,31.6,"97.687705556","93.219826111",50.9,3.6,13.6,16.7,83.3,1,6,44.4,44,66.7,6.1,12,50,29,99,96.4,1,28,55.6,55,40.4,40,5.9,34.3,21.1,52.6,26.3,19,52,36.8,7,26.3,5,31.6,6,5.3,1,,,,,,,,,,,"0","0","2","0.0","0","0",,"2","3","66.7","0","0",,"1","1","100.0","1.3","1.9","0","3.2","37.6",,,"26.5"
"France, Ty",664034,2026,31,18,20,5,3,1,0,1,2,1,10,5,".278",".500",".350","0.850","0.222",".267","1","10","9","0","0","6","17","9","0","10","0","7","0","0","0","1","2","2","16","1","0","2","6","2","1","0","0","0","1","0","0","0","0","0","8","0","0","0","0","0","0","0","0","3","0","0","0","20","0","43","8","63",,"0","0","0","0",".343",".724",".379",".480",".409",".381",".383",".509",".313",".386","-0.065","-0.224","-0.101","71.8",19.4,32,25.8,40,32.3,"7.5",1,12.4,4.9,38.7,34.6,"92.3","7.6",25,3,18.8,0,31.3,12.5,37.5,0,56.3,"103.62344375","96.3554425",76.3,20.7,20,40,60,2,5,39.7,25,66.7,9.5,13,29,15,63,79.3,6,29,60.3,38,38.1,24,23.5,54,43.8,25,31.3,16,70,50,8,25,4,18.8,3,6.3,1,,,,,,,,,,,,,,,,,,,,,,,,,,,,,,,,,,"22.6"
"Rocchio, Brayan",677587,2026,25,54,66,11,8,1,0,2,8,9,12.1,13.6,".204",".333",".338","0.671","0.129",".205","8","17","18","2","0","13","97","38","0","56","3","18","1","0","0","2","7","2","47","2","0","8","16","7","5","0","0","0","0","0","0","0","1","0","25","2","0","0","0","0","0","0","0","7","0","0","0","106","1","169","25","275",,"0","1","1","0",".258",".389",".318",".352",".385",".131",".278",".326",".239",".303","-0.054","-0.056","-0.034","69.8",5.3,8,6.1,33,25.4,"7.3",1,9,-9.2,53.5,27.5,"88.2","10",27.7,2,4.3,2.1,27.7,27.7,29.8,6.4,34,"98.621282609","93.704554",70.1,16.9,28.4,31,69,13,42,53.8,148,66.7,7.6,45,158,58,275,83.1,15,89,46.2,127,42.9,118,21.4,47.6,40.4,38.3,21.3,47,60.6,48.9,23,21.3,10,19.1,9,10.6,5,,,,,,,,,,,,,,,,,,,,,,,,,,,,,,,,,,"27.3"
"Goodman, Hunter",696100,2026,26,59,66,15,10,1,0,4,26,5,39.4,7.6,".254",".475",".333","0.808","0.221",".379","7","19","28","1","1","12","88","32","0","49","3","17","0","0","0","2","5","5","33","5","0","9","3","3","3","0","1","0","0","0","0","7","0","0","50","1","0","0","1","0","0","0","0","12","1","0","0","96","0","169","50","265",,"0","0","0","0",".209",".371",".356",".289",".293",".161",".571",".439",".455",".374",".045",".104",".067","75.7",57.8,12.5,7.3,25,14.7,"7.4",3,15.2,-10,59.6,24.6,"92.7","24.3",36.4,3,9.1,6.1,33.3,39.4,12.1,0,48.5,"102.325031176","96.142893939",72,27.3,38,56.7,43.3,34,60,59.6,158,78.6,5.3,24,134,68,265,72.7,21,77,40.4,107,40.8,108,40.1,51.7,63.6,24.2,12.1,33,61.5,24.2,8,42.4,14,24.2,8,9.1,3,"4","1.94","1.95","1.89","0",,,,"0.71","85.6",,,,,,,,,,,,,,,,,,,,,,,,"26.9"
"Giménez, Andrés",665926,2026,27,58,63,16,11,1,1,3,9,4,14.3,6.3,".276",".483",".323","0.806","0.207",".283","11","27","28","0","3","14","59","33","0","53","3","16","1","0","0","0","5","5","50","5","1","9","20","4","1","0","0","0","0","0","0","0","1","0","17","0","0","0","0","0","0","0","0","5","3","0","0","65","1","161","17","226",,"0","0","1","0",".249",".377",".357",".297",".298",".127",".393",".318",".327",".295",".027",".106",".060","66.8",4.2,7.9,6.3,38.2,30.5,"6.8",1,6.1,6,38.1,31.6,"86.8","8.1",26,3,6,4,28,24,32,6,30,"97.650176","92.923559184",69.6,6.3,43.2,37.5,62.5,18,48,49.1,111,85.7,6.2,22,135,48,226,93.8,5,80,50.9,115,44.2,100,18,56.6,32,36,32,50,63.5,50,25,28,14,18,9,4,2,,,,,,,,,,,,,,,,,,,,,,,,,,,,,,,,,"4.41","27.8"
"García Jr., Luis",671277,2026,26,55,57,14,9,3,1,1,8,2,14,3.5,".255",".400",".281","0.681","0.145",".283","9","21","22","0","0","12","52","33","0","41","4","16","0","0","0","0","6","2","47","6","0","7","17","6","3","0","0","0","3","0","0","2","0","0","13","0","0","0","0","0","0","0","0","8","0","0","0","57","0","138","13","195",,"0","1","0","0",".273",".476",".302",".333",".299",".204",".337",".376",".298",".321","-0.018","-0.076","-0.031","73.4",33.7,17.1,14.7,31.7,27.4,"7.4",1,10.5,-4.2,65.3,26.3,"90.8","11.5",29.8,4,8.5,2.1,25.5,21.3,36.2,2.1,42.6,"100.962016957","95.052016667",64.3,9.5,43.3,26.2,73.8,11,42,49.7,97,71.4,7.2,49,89,49,195,90.5,6,63,50.3,98,43.1,84,16.2,53.8,31.9,40.4,27.7,47,78.9,48.9,23,19.1,9,25.5,12,6.4,3,,,,,,,,,,,,,,,,,,,,,,,,,,,,,,,,,"4.27","26.7"
"McMahon, Ryan",641857,2026,31,39,47,5,5,0,0,0,15,8,31.9,17,".128",".128",".277","0.405","0.000",".208","2","13","5","0","0","7","71","41","0","34","3","16","1","0","0","0","3","0","24","2","0","7","11","1","0","0","0","0","3","0","0","0","0","0","21","0","0","0","0","0","0","0","0","2","0","0","0","73","0","126","21","199",,"0","1","0","0",".177",".245",".218",".272",".317",".068",".190",".296",".208",".288","-0.049","-0.117","-0.054","73.5",32.9,12.3,9.6,29.8,23.3,"7.1",6,9,4.8,46.6,37.3,"93","4.1",29.2,2,8.3,0,16.7,25,45.8,4.2,54.2,"100.584211667","95.321188261",57.4,19,27.6,59.3,40.7,16,27,49.2,98,69.2,6.5,17,123,47,199,81,11,58,50.8,101,44.7,89,31.8,42.7,37.5,45.8,16.7,24,61.7,58.3,14,29.2,7,12.5,3,0,0,,,,,,,,,,,,,,,,,,,,,,,,,,,,,,,,,,"25.3"
"Conine, Griffin",665052,2026,28,22,25,6,3,1,0,2,6,2,24,8,".273",".591",".360","0.951","0.318",".286","4","13","13","0","2","7","30","12","0","10","0","11","0","0","0","1","1","2","16","3","0","2","7","1","0","0","0","0","2","1","0","0","0","0","18","0","0","0","0","0","0","0","0","6","2","0","0","34","0","56","18","90",,"0","0","0","0",".376",".773",".416",".514",".451",".396",".515",".667",".375",".518","-0.103","-0.182","-0.098","74.6",47.5,34.8,20,47.8,27.5,"7.4",0,14.9,-5.8,47.5,27.2,"90.1","6.4",56.3,4,25,0,31.3,6.3,25,12.5,62.5,"106.653525","98.354698125",62.5,28,38,57.9,42.1,11,19,55.6,50,100,5.6,21,42,19,90,72,7,25,44.4,40,36.7,33,40.9,48.9,37.5,56.3,6.3,16,64,50,8,25,4,25,4,0,0,,,,,,,,,,,,,,,,,,,,,,,,,,,,,,,,,,"27.4"
"Fry, David",681807,2026,30,26,31,5,4,1,0,0,11,5,35.5,16.1,".192",".231",".323","0.554","0.039",".333","0","14","6","0","0","7","57","25","0","19","2","13","1","0","0","0","0","1","15","3","1","6","2","1","1","0","0","0","4","0","0","3","0","0","18","0","0","0","0","0","0","0","0","3","0","0","0","60","0","80","18","140",,"0","0","0","0",".190",".284",".274",".285",".320",".095",".329",".352",".333",".329",".002","-0.053","-0.011","69.7",6.1,15.2,10.2,30.3,20.4,"8.1",3,18.2,-7.4,57.1,31.1,"88.9","29",46.7,2,13.3,0,33.3,40,6.7,6.7,46.7,"99.3059625","94.178246667",61.7,29.7,22.5,55.6,44.4,10,18,57.1,80,50,5.7,19,77,37,140,70.3,11,37,42.9,60,41.4,58,38.2,39.3,66.7,26.7,6.7,15,38.7,13.3,2,46.7,7,26.7,4,13.3,2,"2","1.9","1.9",,"0",,,,"0.65","81",,,,,,,,,,,,,,,,,,,,,,,,"25.1"
"Hamilton, David",666152,2026,28,32,45,6,6,0,0,0,6,9,13.3,20,".188",".188",".381","0.569","0.000",".231","3","8","6","1","4","4","70","29","1","41","1","12","0","0","0","1","5","0","28","1","0","8","12","0","2","0","0","0","2","0","0","0","2","0","12","1","0","0","0","0","1","0","0","7","3","1","0","73","2","114","12","187",,"1","1","0","1",".193",".269",".300",".322",".385",".076",".210",".246",".231",".237","-0.005","-0.081","-0.022","68.2",2.8,10,8.5,21.7,18.3,"7.2",4,5.7,-2.1,42.3,33.7,"84.2","15.1",7.1,1,3.6,3.6,17.9,25,32.1,17.9,25,"95.606183333","91.934861667",63.1,5.7,31.1,37.5,62.5,12,32,55.1,103,62.5,8.6,29,115,25,187,94.3,3,53,44.9,84,39,73,17.6,45.5,32.1,32.1,35.7,28,66.7,60.7,17,28.6,8,3.6,1,7.1,2,,,,,,,,,,,,,,,,,,,,,,,,,,,,,,,,"5",,"28.7"
"Norby, Connor",681393,2026,26,51,62,13,7,4,0,2,14,6,22.6,9.7,".255",".451",".371","0.822","0.196",".306","6","20","23","0","0","9","85","36","0","40","2","16","1","0","1","4","4","5","38","4","0","11","11","1","2","0","0","0","2","0","0","3","0","1","30","0","0","0","1","0","0","0","0","5","0","0","0","92","1","146","30","238",,"0","0","0","0",".208",".379",".371",".322",".333",".171",".415",".335",".342",".280",".047",".072",".049","70.3",4,6.8,5.1,34.2,25.3,"7.1",2,17.6,3.6,33.3,40,"87.4","16.2",26.3,4,10.5,5.3,15.8,34.2,28.9,5.3,36.8,"96.935401579","92.550128421",69.2,23.5,24,44.8,55.2,13,29,50.8,121,83.3,7.6,44,126,50,238,76.5,19,81,49.2,117,37,88,29.1,46.2,36.8,36.8,26.3,38,56.5,39.5,15,42.1,16,13.2,5,5.3,2,,,,,,,,,,,,,,,,,,,,,,,,,,,,,,,,,"4.47","28.0"
"Gray, Tristan",656484,2026,30,26,31,7,4,1,0,2,9,2,29,6.5,".269",".538",".333","0.871","0.269",".313","11","10","14","0","0","8","36","15","0","27","2","9","1","0","0","1","0","2","19","5","0","2","8","0","2","0","0","0","1","0","0","0","1","1","20","0","0","0","0","0","0","0","0","3","0","0","0","38","2","84","20","122",,"0","0","0","0",".215",".383",".377",".307",".295",".168",".509",".391",".389",".324",".054",".155",".070","72.3",20.3,7.9,5.1,23.7,15.3,"7.2",1,8.1,-14.3,42.4,30,"87.7","12.1",31.6,3,15.8,5.3,15.8,21.1,26.3,15.8,36.8,"100.181287778","94.247417222",77,23.4,36.1,54.5,45.5,12,22,50,61,100,8.2,18,62,41,122,76.6,11,47,50,61,40.2,49,33.3,56.6,57.9,26.3,15.8,19,74.2,42.1,8,21.1,4,26.3,5,10.5,2,,,,,,,,,,,,,,,,,,,,,,,,,,,,,,,,,,"26.1"
"Rafaela, Ceddanne",678882,2026,25,47,52,14,12,1,0,1,9,2,17.3,3.8,".298",".383",".365","0.748","0.085",".351","5","17","18","1","0","10","52","36","0","23","3","16","3","0","0","3","5","1","38","8","0","5","11","7","1","0","0","0","0","1","0","0","0","0","22","1","0","0","0","0","0","0","0","7","0","0","0","60","0","124","22","184",,"0","0","0","0",".271",".385",".346",".326",".344",".114",".377",".351",".368",".339",".027","-0.002",".020","69.6",6.4,10.9,7.7,43.6,30.8,"7.4",2,12,-0.8,70.5,32.2,"88.7","10.9",39.5,3,7.9,2.6,28.9,21.1,31.6,2.6,36.8,"98.263386111","93.314244444",57.6,24.5,38,40,60,14,35,50,92,80,5.4,19,117,38,184,75.5,13,53,50,92,45.7,84,30.7,47.8,34.2,39.5,26.3,38,69.2,42.1,16,15.8,6,39.5,15,2.6,1,,,,,,,,,,,"0","1","4","25.0","1","1","100.0","1","2","50.0","2","3","66.7","1","1","100.0","3.5","0.7","-2.8","1.3","35.5",,,"27.7"
"Barrosa, Jorge",678489,2026,25,41,45,10,3,6,1,0,16,2,35.6,4.4,".244",".439",".295","0.734","0.195",".400","3","13","18","0","0","8","63","42","0","40","3","12","1","0","0","1","2","2","26","6","0","3","11","2","0","0","0","0","0","0","0","0","1","0","13","0","0","0","0","0","0","0","0","5","0","0","0","68","1","128","13","196",,"0","0","0","0",".182",".264",".325",".228",".238",".082",".485",".314",".400",".298",".062",".175",".097","69.2",2.8,6.8,5.6,25.4,21.1,"7.6",1,13.1,0.8,50.7,26.8,"84.9","9.6",46.2,2,7.7,7.7,15.4,19.2,34.6,15.4,23.1,"94.90889","91.623948696",60.2,10.7,29.1,40,60,12,30,52.6,103,71.4,7.1,25,119,40,196,89.3,6,56,47.4,93,42.3,83,20.9,43.9,34.6,50,15.4,26,62.2,50,13,19.2,5,30.8,8,0,0,,,,,,,,,,,"2","1","2","50.0","1","1","100.0","0","0",,"1","1","100.0","1","1","100.0",,,,,,,,"28.4"
"Tovar, Ezequiel",678662,2026,24,66,69,17,9,7,0,1,20,2,29,2.9,".258",".409",".290","0.699","0.151",".356","6","32","27","0","1","16","66","27","0","68","6","17","0","0","1","1","1","3","46","13","0","8","13","5","3","0","0","0","0","0","0","0","0","0","40","0","0","0","0","0","0","0","0","6","1","0","0","69","0","193","40","262",,"0","1","0","0",".288",".473",".312",".342",".319",".185",".421",".466",".370",".413","-0.030","-0.064","-0.030","71.4",13.1,13.7,9.5,29.5,20.4,"7.7",3,12,-2.4,40.9,37.4,"89.8","14",54.3,4,8.7,8.7,30.4,23.9,21.7,6.5,47.8,"101.129641739","94.981648696",83.1,23.5,47.2,39.7,60.3,27,68,55,144,100,5.7,20,129,79,262,76.5,23,98,45,118,38.5,101,30.1,63.4,39.1,41.3,19.6,46,79.7,30.4,14,23.9,11,39.1,18,6.5,3,,,,,,,,,,,,,,,,,,,,,,,,,,,,,,,,,,"27.6"
"Kemp, Otto",805249,2026,26,13,15,2,2,0,0,0,7,1,46.7,6.7,".154",".154",".267","0.421","0.000",".333","0","5","2","0","0","3","26","8","0","11","1","8","0","0","0","1","0","1","6","1","0","0","2","1","1","0","0","0","1","0","0","0","0","0","14","0","0","0","0","0","0","0","0","0","0","0","0","29","0","40","14","69",,"0","0","0","0",".205",".264",".218",".273",".311",".059",".303",".440",".333",".443","-0.051","-0.110","-0.055","69.2",3.4,6.3,3.4,18.8,10.3,"7.1",1,7.4,-0.8,24.1,34.7,"77.6","22.3",50,0,0,16.7,33.3,16.7,16.7,16.7,16.7,"89.818866667","90.253815",70.4,21.1,31,84.6,15.4,11,13,60.9,42,,0,13,39,14,69,78.9,4,19,39.1,27,44.9,31,46.9,46.4,16.7,16.7,66.7,6,53.3,33.3,2,16.7,1,33.3,2,16.7,1,,,,,,,,,,,,,,,,,,,,,,,,,,,,,,,,,,
"Peraza, Oswald",672724,2026,26,45,50,12,7,2,0,3,12,4,24,8,".267",".511",".327","0.838","0.244",".300","5","25","23","0","1","11","61","22","0","42","5","16","1","0","0","0","2","3","34","7","0","1","11","6","4","0","0","0","1","1","0","0","1","0","29","0","0","0","0","0","1","0","0","4","1","0","0","63","1","132","29","195",,"1","0","0","0",".270",".419",".370",".328",".329",".150",".463",".401",".364",".368","-0.003",".092",".042","71.4",14.6,13.4,9.4,26.9,18.8,"7.6",1,8.8,-3.6,57.3,28.7,"88.4","14.9",44.1,3,8.8,8.8,23.5,23.5,26.5,8.8,41.2,"100.979733125","94.721781563",76.8,17.8,37,56.8,43.2,21,37,51.3,100,76.2,10.8,19,113,44,195,82.2,13,73,48.7,95,42.6,83,30.9,56.4,32.4,47.1,20.6,34,70,38.2,13,11.8,4,38.2,13,11.8,4,,,,,,,,,,,,,,,,,,,,,,,,,,,,,,,,,,"28.1"
"Stott, Bryson",681082,2026,28,54,59,11,10,1,0,0,10,4,16.9,6.8,".204",".222",".271","0.493","0.018",".250","3","29","12","0","4","14","71","58","0","32","2","15","1","0","0","1","6","1","44","4","0","12","16","3","2","0","0","0","2","0","0","0","0","0","16","0","0","0","0","0","0","0","0","2","4","0","0","73","0","155","16","228",,"0","0","0","0",".266",".387",".237",".318",".328",".120",".236",".345",".250",".327","-0.062","-0.165","-0.081","70",2.3,18.6,15.1,45.7,37.2,"7.3",1,11.6,-4.2,59.3,31.6,"89.9","7.6",31.8,3,6.8,6.8,27.3,20.5,34.1,4.5,50,"99.707324091","94.515429545",51.4,7.1,34.5,39,61,16,41,52.2,119,89.5,8.3,46,127,49,228,92.9,4,56,47.8,109,42.1,96,20.6,42.5,38.6,47.7,13.6,44,64.4,50,22,29.5,13,15.9,7,4.5,2,,,,,,,,,,,,,,,,,,,,,,,,,,,,,,,,"1","4.32","28.5"
"Vargas, Miguel",678246,2026,26,54,67,9,4,3,1,1,14,10,20.9,14.9,".167",".315",".313","0.628","0.148",".200","7","19","17","0","3","12","117","49","0","53","3","16","0","0","0","2","1","4","41","4","0","11","15","5","1","0","0","0","0","0","0","3","0","1","14","0","0","0","0","0","0","0","0","9","2","1","0","123","1","163","14","286",,"0","1","0","0",".204",".354",".297",".320",".343",".150",".275",".313",".220",".268","-0.037","-0.039","-0.023","72.4",31.7,14.3,11.9,31,25.7,"7.6",1,10.6,-0.7,59.4,34.8,"86.4","12.8",39,4,9.8,7.3,9.8,31.7,34.1,7.3,41.5,"99.425745238","94.006981463",65.7,17,17.1,15.4,84.6,4,26,53.1,152,61.9,7.3,25,156,78,286,83,15,88,46.9,134,38.5,110,16.7,39.9,39,34.1,26.8,41,55.2,39,16,36.6,15,22,9,2.4,1,,,,,,,,,,,,,,,,,,,,,,,,,,,,,,,,,"4.46","27.9"
"Marte, Starling",516782,2026,37,18,18,4,2,2,0,0,7,0,38.9,0,".222",".333",".222","0.555","0.111",".364","0","10","6","0","0","5","23","13","0","16","0","5","0","0","0","0","2","0","11","2","0","3","3","1","0","0","0","0","2","0","0","1","0","0","10","0","0","0","0","0","0","0","0","1","0","0","0","23","0","50","10","73",,"0","0","0","0",".185",".325",".245",".218",".185",".140",".401",".356",".364",".303",".037",".008",".027","72.3",32.3,18.2,12.9,31.8,22.6,"7.4",1,10.9,-4.1,48.4,34.2,"96.5","11.9",27.3,2,18.2,9.1,18.2,27.3,27.3,0,54.5,"105.409506667","98.580406364",67.6,17.4,35.9,42.9,57.1,6,14,53.4,39,87.5,11,10,42,17,73,82.6,4,23,46.6,34,43.8,32,27,50.7,45.5,54.5,0,11,61.1,45.5,5,27.3,3,27.3,3,0,0,,,,,,,,,,,,,,,,,,,,,,,,,,,,,,,,,,"23.8"
"Stanton, Giancarlo",519317,2026,36,58,64,17,13,3,0,1,18,6,28.1,9.4,".293",".397",".359","0.756","0.104",".410","8","34","23","0","1","21","93","42","0","30","3","16","1","0","0","0","2","2","40","12","1","8","9","2","4","0","0","0","0","0","0","15","0","0","41","0","0","0","0","0","0","0","0","5","1","0","0","99","0","157","41","256",,"0","1","0","0",".260",".424",".345",".332",".330",".164",".445",".424",".425",".378",".033","-0.027",".013","79.3",95.1,15.6,9.7,26.6,16.5,"8.4",3,11.4,-0.4,67,27,"92.4","21.4",40,5,12.5,7.5,22.5,35,22.5,0,35,"102.642699","95.66333625",63.2,27.8,30.3,58.1,41.9,25,43,55.5,142,70.6,6.6,48,132,46,256,72.2,20,72,44.5,114,45.3,116,39.1,44.9,37.5,42.5,20,40,57.8,27.5,11,25,10,35,14,12.5,5,,,,,,,,,,,,,,,,,,,,,,,,,,,,,,,,,,"23.8"
"Anthony, Roman",701350,2026,22,61,71,14,9,3,1,1,19,9,26.8,12.7,".230",".361",".338","0.699","0.131",".317","3","23","22","0","1","11","112","69","0","37","3","16","0","0","0","1","4","1","42","9","0","10","16","1","1","0","1","0","0","0","0","8","0","0","29","0","0","0","0","0","0","0","0","9","1","0","0","117","0","181","29","298",,"0","0","0","0",".270",".431",".318",".354",".374",".161",".377",".439",".333",".395","-0.040","-0.070","-0.036","75.6",56,25,18,38.9,28,"7.5",3,12.1,-1.7,46,32.4,"92.1","10.6",42.9,5,11.9,2.4,31,16.7,31,4.8,45.2,"102.717088095","96.171512195",51,19,23.1,54.5,45.5,18,33,48,143,45.5,7.4,46,168,53,298,81,15,79,52,155,47.7,142,29.5,37.6,38.1,35.7,26.2,42,50.7,47.6,20,26.2,11,23.8,10,2.4,1,,,,,,,,,,,,,,,,,,,,,,,,,,,,,,,,,,"27.6"
"Barger, Addison",680718,2026,26,19,23,1,0,1,0,0,6,3,26.1,13,".053",".105",".174","0.279","0.052",".071","2","14","2","0","0","5","33","13","0","20","1","8","1","0","0","0","0","1","14","0","0","6","5","2","0","0","0","0","1","0","0","0","0","1","9","0","0","0","0","0","0","0","0","1","0","0","0","36","1","58","9","94",,"0","0","0","0",".124",".184",".149",".232",".248",".059",".092",".228",".071",".194","-0.071","-0.079","-0.083","73.7",47.5,12.5,10,25,20,"7.1",1,4.4,5.2,55,26.7,"90.7","17.8",21.4,0,0,21.4,7.1,42.9,28.6,0,50,"101.240872857","95.018167857",58.8,10,41.7,36,64,9,25,63.8,60,100,4.3,7,61,22,94,90,2,20,36.2,34,43.6,41,24.4,47.9,28.6,50,21.4,14,43.5,35.7,5,50,7,14.3,2,0,0,,,,,,,,,,,,,,,,,,,,,,,,,,,,,,,,,,"26.7"
"Campusano, Luis",669134,2026,27,21,22,7,2,4,0,1,7,1,31.8,4.5,".333",".667",".364","1.031","0.334",".462","4","10","14","0","0","8","20","16","0","11","1","8","0","0","1","0","1","1","14","5","0","2","5","0","0","0","0","0","4","0","0","0","0","0","10","0","0","0","0","0","0","0","0","3","0","0","0","22","0","54","10","76",,"0","0","0","0",".264",".489",".446",".338",".297",".225",".650",".480",".500",".396",".069",".178",".108","73.2",22.6,22.7,16.1,36.4,25.8,"7.8",1,11,-7,64.5,26.1,"86.4","3.3",42.9,3,21.4,0,28.6,14.3,21.4,14.3,50,"101.842072857","95.676210714",61.1,27.3,40,31.3,68.8,5,16,52.6,40,75,5.3,10,47,5,76,72.7,6,22,47.4,36,43.4,33,28.9,50,42.9,42.9,14.3,14,68.2,42.9,6,21.4,3,35.7,5,0,0,"4","1.93","1.93","1.96","0",,,,"0.67","82.6",,,,,,,,,,,,,,,,,,,,,,,,"25.6"
"Mayer, Marcelo",691785,2026,23,43,50,8,4,3,0,1,12,5,24,10,".186",".326",".265","0.591","0.140",".226","3","22","14","0","1","9","71","36","1","25","2","15","1","0","0","0","2","2","32","4","0","9","11","2","2","0","0","0","3","0","0","0","0","1","27","0","0","0","0","0","0","0","0","5","1","0","0","75","1","122","27","197",,"0","0","0","1",".175",".310",".269",".270",".265",".135",".301",".302",".250",".249",".011",".016","-0.001","73.6",37.5,8.3,5.6,37.5,25,"7.8",3,8.2,-3.2,38.9,30.3,"89.4","10.3",34.4,4,12.5,12.5,3.1,31.3,40.6,0,43.8,"98.904220625","93.789154375",63.8,16.7,25.2,73.1,26.9,19,26,52.3,103,58.3,6.1,45,100,43,197,83.3,10,60,47.7,94,48.2,95,33.7,43.7,25,40.6,34.4,32,52,40.6,13,34.4,11,18.8,6,6.3,2,,,,,,,,,,,,,,,,,,,,,,,,,,,,,,,,,,"28.0"
"Smith, Will",669257,2026,31,51,59,15,12,1,0,2,10,8,16.9,13.6,".294",".431",".390","0.821","0.137",".333","8","17","22","0","0","13","111","55","0","48","2","16","1","0","0","0","6","3","41","6","0","9","7","5","5","0","0","0","0","0","0","0","0","0","13","0","0","0","1","0","0","0","0","8","0","0","0","116","0","159","13","275",,"0","0","0","0",".273",".491",".375",".376",".372",".218",".401",".403",".366",".340",".021","-0.060","-0.001","69",2.1,10.8,9.6,30.1,26.6,"7.1",3,10.4,4.6,67,32.4,"88.8","17.7",43.9,5,12.2,4.9,24.4,31.7,24.4,2.4,36.6,"99.01455","93.802235122",59.2,9.1,18.6,29.6,70.4,8,27,52.7,145,72.2,6.5,31,156,63,275,90.9,7,77,47.3,130,41.1,113,14.4,37.8,34.1,43.9,22,41,52.5,31.7,13,29.3,12,26.8,11,12.2,5,"6","1.95","1.96","1.95","1","1.58","1.58",,"0.69","82.1",,,,,,,,,,,,,,,,,,,,,,,,"27.2"
"Montgomery, Colson",695657,2026,24,59,67,11,5,3,0,3,20,5,29.9,7.5,".186",".390",".284","0.674","0.204",".222","9","30","23","0","1","15","88","26","0","43","4","17","0","0","1","3","2","4","39","5","0","9","10","2","7","0","0","0","0","0","0","1","0","0","42","0","0","0","0","0","0","0","0","5","1","0","0","94","0","155","42","249",,"0","0","0","0",".173",".317",".307",".270",".272",".144",".378",".316",".282",".262",".013",".073",".037","76.2",57.8,13.3,8.6,16,10.3,"7.7",4,11.5,-6.6,56.9,33.5,"85.4","26.2",35.9,4,10.3,5.1,20.5,38.5,20.5,5.1,28.2,"96.936571","92.689617436",76.9,28,28.1,58.3,41.7,21,36,51.4,128,73.1,10.4,30,146,60,249,72,26,93,48.6,121,38.6,96,36.4,51.8,48.7,35.9,15.4,39,59.7,30.8,12,33.3,13,17.9,7,17.9,7,,,,,,,,,,,,,,,,,,,,,,,,,,,,,,,,,,"26.0"
"Jones, Jahmai",663330,2026,28,10,10,0,0,0,0,0,4,0,40,0,".000",".000",".000","0.000","0.000",".000","0","11","0","0","0","6","9","4","0","10","1","7","0","0","0","0","0","0","6","0","0","2","2","1","1","0","0","0","0","1","0","2","0","0","7","0","0","0","0","0","0","0","0","0","0","0","0","12","0","28","7","40",,"0","0","0","0",".156",".225",".000",".161",".156",".068",".000",".268",".000",".260","-0.156","-0.225","-0.161","71",21.7,6.7,4.3,20,13,"7.4",0,10.9,-3.2,39.1,29.2,"86.1","21.5",33.3,0,0,16.7,16.7,16.7,33.3,16.7,33.3,"95.418846667","92.00087",81.8,27.8,33.3,50,50,3,6,45,18,100,7.5,9,18,11,40,72.2,5,18,55,22,35,14,33.3,60,16.7,50,33.3,6,90,33.3,2,33.3,2,16.7,1,16.7,1,,,,,,,,,,,,,,,,,,,,,,,,,,,,,,,,,,
"Bohm, Alec",664761,2026,29,59,66,9,7,1,0,1,12,5,18.2,7.6,".153",".220",".227","0.447","0.067",".170","10","28","13","0","0","16","91","51","0","29","2","16","1","0","0","1","3","2","48","4","0","7","22","6","2","0","0","0","0","0","0","0","0","1","19","0","0","0","0","0","0","0","0","4","0","0","0","96","1","149","19","245",,"0","3","0","0",".222",".297",".213",".276",".297",".075",".204",".289",".188",".283","-0.069","-0.077","-0.063","70.9",9.2,16.2,12.6,39.7,31,"7.3",1,7.2,3,60.9,28.9,"88.5","6.4",41.7,0,0,16.7,16.7,16.7,45.8,4.2,39.6,"99.43447125","93.928664167",60.6,15.2,23.5,34.4,65.6,11,32,55.5,136,53.3,6.1,25,149,41,245,84.8,10,66,44.5,109,43.3,106,21.4,40,22.9,60.4,16.7,48,66.7,52.1,25,18.8,9,22.9,11,6.3,3,,,,,,,,,,,,,,,,,,,,,,,,,,,,,,,,,"4.71","26.5"
"Ozuna, Marcell",542303,2026,35,47,52,5,4,1,0,0,12,5,23.1,9.6,".106",".128",".192","0.320","0.022",".143","1","26","6","0","0","13","93","43","0","38","0","12","1","0","0","0","1","0","35","4","0","9","10","4","7","0","0","0","0","0","0","12","0","0","22","0","0","0","0","0","0","0","0","3","0","0","0","95","0","141","22","236",,"0","1","0","0",".177",".269",".163",".242",".258",".091",".141",".258",".143",".240","-0.071","-0.141","-0.079","73.4",30.7,13.6,10.2,30.3,22.7,"7.5",0,15.2,-4.6,55.7,37.3,"88","26.5",34.3,1,2.9,11.4,11.4,45.7,22.9,2.9,37.1,"98.907181765","93.522561765",58.3,10,28.6,50,50,19,38,56.4,133,78.9,8.1,34,131,55,236,90,6,60,43.6,103,42.4,100,25.5,41.5,34.3,31.4,34.3,35,55.8,31.4,11,25.7,9,22.9,8,20,7,,,,,,,,,,,,,,,,,,,,,,,,,,,,,,,,,,"25.4"
"Pozo, Yohel",650968,2026,29,15,15,2,1,1,0,0,0,0,0,0,".133",".200",".133","0.333","0.067",".133","3","14","3","0","0","8","12","7","0","17","0","6","3","0","0","0","1","0","15","1","0","3","9","0","1","0","0","0","0","0","0","3","0","0","1","0","0","0","0","0","0","0","0","0","0","0","0","13","0","40","1","53",,"0","1","0","0",".251",".292",".147",".240",".251",".041",".147",".240",".133",".251","-0.118","-0.092","-0.093","71.5",17.2,17.9,17.2,28.6,27.6,"7.6",0,6.3,-2.8,58.6,32.2,"90.1","10.2",13.3,0,0,6.7,26.7,26.7,33.3,6.7,40,"99.11770125","94.008094667",75.9,0,45.8,9.1,90.9,1,11,45.3,24,50,7.5,8,27,9,53,100,0,22,54.7,29,41.5,22,3,62.3,26.7,26.7,46.7,15,73.3,66.7,10,20,3,6.7,1,6.7,1,"0",,,,"0",,,,,,,,,,,,,,,,,,,,,,,,,,,,,"24.8"
"Bell, Josh",605137,2026,33,60,72,15,7,5,0,3,17,10,23.6,13.9,".250",".483",".361","0.844","0.233",".293","14","22","29","0","0","17","125","39","0","50","3","18","1","0","0","1","2","7","44","6","0","8","11","6","3","0","0","0","0","0","0","13","0","1","35","0","0","0","0","0","0","0","0","15","0","0","0","134","1","171","35","305",,"0","0","0","0",".239",".444",".375",".351",".352",".205",".436",".396",".341",".326",".011",".039",".024","71.2",23.7,14.1,10.2,31.8,22.9,"8",0,11,-3.8,65.3,34.1,"89.6","17.9",43.2,5,11.4,6.8,22.7,29.5,25,4.5,47.7,"99.714403636","94.194064545",70.3,20,24.1,48.8,51.2,20,41,57,170,83.3,6,61,162,63,305,80,18,90,43,128,38.9,116,28.8,43.3,54.5,27.3,18.2,44,59.7,29.5,13,34.1,15,27.3,12,9.1,4,,,,,,,,,,,,,,,,,,,,,,,,,,,,,,,,,,"25.2"
"Cowser, Colton",681297,2026,26,35,43,8,7,1,0,0,10,6,23.3,14,".229",".257",".333","0.590","0.028",".308","3","18","9","1","0","8","66","28","0","26","0","14","0","0","0","0","5","0","27","3","0","5","12","2","0","0","0","0","4","0","0","0","1","1","27","1","0","0","1","0","0","0","0","5","0","0","0","70","2","111","27","181",,"0","0","0","0",".213",".341",".284",".300",".321",".128",".295",".321",".308",".288",".016","-0.084","-0.016","74.5",52.8,15.6,9.7,35.6,22.2,"7.5",1,16.1,-6.1,36.1,40.8,"83.8","-2.4",22.2,3,11.1,11.1,11.1,11.1,29.6,25.9,40.7,"100.169562308","94.177971923",65.5,27.3,28.9,46.4,53.6,13,28,53.6,97,78.6,7.7,64,64,44,181,72.7,15,55,46.4,84,39.8,72,33.7,45.9,37,48.1,14.8,27,62.8,63,17,18.5,5,18.5,5,0,0,,,,,,,,,,,"0","0","2","0.0","0","1","0.0","1","1","100.0","2","2","100.0","2","2","100.0","-0.1","0.7","-0.7","-0.1","32.9",,,"27.9"
"Diaz, Yainer",673237,2026,27,51,55,11,9,1,0,1,8,3,14.5,5.5,".216",".294",".255","0.549","0.078",".233","9","31","15","0","0","18","54","17","0","33","2","13","1","0","0","0","6","0","44","5","0","7","22","2","2","0","0","0","0","0","0","1","0","1","23","0","0","0","0","0","0","0","0","4","0","0","0","56","1","119","23","175",,"0","0","0","0",".224",".277",".250",".248",".265",".054",".263",".261",".250",".263","-0.008",".017",".002","72.4",14.3,8.7,6.6,37.7,28.6,"7.3",3,6.5,4.8,49.5,29.7,"86.8","3.3",15.9,1,2.3,2.3,15.9,20.5,52.3,6.8,27.3,"97.688895","92.990719091",78.5,9.7,41.7,47.5,52.5,19,40,54.9,96,86.7,8.6,20,97,43,175,90.3,6,62,45.1,79,39.4,69,24.5,58.3,20.5,45.5,34.1,44,69.1,63.6,28,15.9,7,15.9,7,4.5,2,"4","1.97","1.97",,"0",,,,"0.69","85.8",,,,,,,,,,,,,,,,,,,,,,,"4.45","25.4"
"Hedges, Austin",595978,2026,33,20,23,7,5,2,0,0,3,2,13,8.7,".350",".450",".391","0.841","0.100",".389","2","10","9","0","0","6","33","15","0","15","1","6","0","0","0","0","2","0","18","5","0","4","7","0","0","0","0","0","1","0","0","0","0","1","8","0","0","0","0","0","0","0","0","5","0","0","0","35","1","57","8","92",,"0","0","0","0",".324",".391",".372",".334",".370",".067",".396",".347",".389",".362",".026",".059",".038","68.3",5.6,17.2,13.9,37.9,30.6,"7",2,8.2,-3.6,67.6,25.6,"87.7","3.9",33.3,0,0,5.6,27.8,22.2,38.9,5.6,50,"99.96717","94.120524444",65.2,10,26.1,50,50,6,12,50,46,90,10.9,5,56,28,92,90,3,30,50,46,53.3,49,21.4,45.7,55.6,22.2,22.2,18,65.2,50,9,22.2,4,27.8,5,0,0,"2","1.95","1.95",,"0",,,,"0.62","80.4",,,,,,,,,,,,,,,,,,,,,,,,"24.3"
"Hicks, Liam",689414,2026,27,51,58,16,12,1,0,3,4,3,6.9,5.2,".314",".510",".362","0.872","0.196",".283","16","18","26","0","1","15","81","40","0","31","2","17","0","0","0","2","5","3","49","8","0","9","16","6","1","0","0","0","0","0","0","3","0","2","2","0","0","0","0","0","0","0","0","10","1","0","0","87","2","126","2","213",,"0","0","0","0",".322",".452",".382",".368",".378",".131",".378",".362",".327",".345","-0.008",".058",".014","68.1",1.3,16.9,15.8,49.3,46.1,"6.8",0,7.6,-4.4,56.6,32.8,"88.8","8.2",34.7,3,6.1,0,36.7,24.5,32.7,0,38.8,"98.6975416","93.618289796",64,1.6,19.5,22.7,77.3,5,22,53.1,113,75,5.6,38,111,42,213,98.4,1,64,46.9,100,41.3,88,7,40.4,44.9,38.8,16.3,49,44.8,42.9,21,24.5,12,30.6,15,2,1,"8","2","2",,"2","1.56","1.56",,"0.69","82.3",,,,,,,,,,,,,,,,,,,,,,,,"25.6"
"Báez, Javier",595879,2026,33,41,44,12,8,3,0,1,9,1,20.5,2.3,".293",".439",".318","0.757","0.146",".344","5","21","18","0","1","13","45","18","0","36","2","12","0","0","0","1","5","2","33","5","0","3","11","4","2","0","0","0","0","0","0","0","0","1","24","0","0","0","0","0","0","0","0","4","1","0","0","51","1","114","24","165",,"0","0","0","0",".299",".389",".335",".324",".338",".090",".402",".387",".364",".390","-0.006",".050",".011","72.5",19.5,15.4,11.5,27.7,20.7,"8.5",1,8.7,-6.4,59.8,28.6,"86.7","6.9",42.4,1,3,3,39.4,12.1,39.4,3,39.4,"98.380856471","93.383523939",78.3,14.8,43.8,45.2,54.8,19,42,58.2,96,75,4.8,22,69,32,165,85.2,8,54,41.8,69,42.4,70,28.1,58.2,45.5,39.4,15.2,33,65.9,48.5,16,15.2,5,30.3,10,6.1,2,,,,,,,,,,,,,,,,,,,,,,,,,,,,,,,,,,"26.9"
"Vivas, Jorbit",678391,2026,25,30,40,10,9,1,0,0,4,4,10,10,".333",".367",".447","0.814","0.034",".370","2","9","11","1","0","5","49","19","0","37","1","13","0","0","0","3","3","1","29","6","0","2","14","0","2","0","0","0","2","0","0","0","2","1","8","1","0","0","0","0","0","0","0","6","0","0","0","56","3","94","8","150",,"0","0","0","0",".281",".309",".383",".341",".408",".028",".351",".292",".370",".315",".052",".058",".042","69.3",1.5,1.7,1.5,18.6,16.9,"7.5",1,4.6,-2.9,38.5,33.1,"80","10.9",27.6,0,0,0,37.9,17.2,34.5,10.3,13.8,"90.679468571","90.268152963",76.7,7.1,24.7,26.3,73.7,5,19,51.3,77,100,9.3,16,87,41,150,92.9,4,56,48.7,73,40,60,12,50,41.4,34.5,24.1,29,72.5,58.6,17,10.3,3,24.1,7,6.9,2,,,,,,,,,,,,,,,,,,,,,,,,,,,,,,,,,,"26.3"
"Betts, Mookie",605141,2026,33,28,32,5,2,1,0,2,4,3,12.5,9.4,".179",".429",".281","0.710","0.250",".136","7","19","12","0","0","8","37","24","0","15","0","8","2","0","0","1","0","2","24","3","0","8","7","3","1","0","0","0","0","0","0","0","0","0","4","0","0","0","0","0","0","0","0","7","0","0","0","39","0","67","4","106",,"0","0","0","0",".249",".400",".319",".333",".343",".151",".306",".324",".208",".291","-0.070",".029","-0.014","69.1",11.1,14.7,13.9,58.8,55.6,"7.1",2,9.9,-5.5,58.3,31.9,"89.9","22.9",37.5,2,8.3,8.3,25,33.3,20.8,4.2,33.3,"98.030786667","93.671050833",57.1,0,22,36.4,63.6,4,11,47.2,50,50,9.4,13,55,30,106,100,0,32,52.8,56,40.6,43,9.3,40.6,37.5,41.7,20.8,24,59.4,29.2,7,41.7,10,25,6,4.2,1,,,,,,,,,,,,,,,,,,,,,,,,,,,,,,,,,,"26.0"
"Loperfido, Joey",694388,2026,27,48,55,14,9,5,0,0,15,6,27.3,10.9,".292",".396",".364","0.760","0.104",".412","5","21","19","1","1","14","75","39","0","36","2","17","0","0","1","0","8","1","34","5","0","4","15","0","1","0","0","0","1","0","0","0","0","1","35","1","0","0","1","0","0","0","0","7","1","0","0","79","1","146","35","225",,"0","1","0","0",".231",".290",".344",".276",".311",".059",".431",".320",".412",".326",".061",".106",".068","72.4",21.1,11.3,7.4,35.5,23.2,"7.8",2,16.7,5.6,36.8,38.6,"90.5","7.7",32.4,1,2.9,2.9,32.4,17.6,44.1,0,41.2,"98.885169412","93.838279412",67,27.4,29.3,50,50,17,34,51.6,116,78.6,6.2,33,107,59,225,72.6,20,73,48.4,109,45.3,102,34.6,47.6,26.5,50,23.5,34,69.1,67.6,23,14.7,5,14.7,5,2.9,1,,,,,,,,,,,"1","0","2","0.0","1","2","50.0","0","0",,"1","1","100.0","0","0",,"-2.2","-0.3","0.6","-1.9","33.1","1","4.26","28.4"
"Martínez, Angel",682657,2026,24,51,57,16,10,4,0,2,6,3,10.5,5.3,".314",".510",".375","0.885","0.196",".326","9","14","26","0","4","8","66","41","0","52","2","16","0","0","0","2","5","4","46","7","0","8","13","4","5","0","0","0","1","0","0","0","1","0","13","0","0","0","0","0","1","0","0","8","3","1","0","71","1","155","13","226",,"1","0","0","0",".302",".437",".395",".354",".364",".135",".411",".360",".356",".342",".012",".073",".041","70.8",15.1,15,12.9,23.8,20.4,"7.2",2,8.6,-4.1,50.5,33.2,"89.7","19",30.4,3,6.5,4.3,26.1,32.6,26.1,4.3,41.3,"102.382157727","95.277387045",63.7,8.3,37.2,21.4,78.6,9,42,50,113,68.8,7.1,56,107,49,226,91.7,6,72,50,113,41.6,94,13.2,50.4,45.7,32.6,21.7,46,86,39.1,18,26.1,12,23.9,11,10.9,5,,,,,,,,,,,"0","0","1","0.0","0","0",,"0","1","0.0","3","3","100.0","1","1","100.0","-0.8","-1.4","0.5","-1.7","32",,,"27.5"
"Lindor, Francisco",596019,2026,32,72,83,14,10,1,2,1,14,10,16.9,12,".194",".306",".301","0.607","0.112",".228","1","24","22","1","2","8","136","52","0","55","5","18","1","0","0","1","2","2","58","10","0","11","22","6","5","0","0","0","0","0","0","0","0","0","31","1","0","0","0","0","1","0","0","11","2","0","0","142","0","202","31","344",,"1","1","0","0",".251",".407",".285",".339",".350",".156",".272",".349",".241",".311","-0.057","-0.101","-0.054","72.6",22.6,14.7,11.3,27.5,21.1,"7.5",3,12.4,-1.7,57.9,34.2,"89.1","14.3",29.3,5,8.6,5.2,22.4,27.6,34.5,1.7,37.9,"99.251214828","93.685290172",66.2,16,25.9,40,60,20,50,56.1,193,85,5.8,77,184,70,344,84,16,100,43.9,151,43,148,24,43.6,34.5,37.9,27.6,58,47,41.4,24,22.4,13,27.6,16,8.6,5,,,,,,,,,,,,,,,,,,,,,,,,,,,,,,,,,,"26.6"
"Shaw, Matt",807713,2026,24,45,50,9,6,1,0,2,10,3,20,6,".200",".356",".245","0.601","0.156",".206","6","34","16","1","1","18","55","30","0","44","1","16","1","0","0","0","3","1","37","5","0","7","13","6","2","0","0","0","3","1","0","2","1","1","19","1","0","0","0","0","0","0","0","3","1","0","0","63","2","134","19","197",,"0","1","0","0",".282",".415",".268",".319",".321",".133",".305",".375",".250",".354","-0.082","-0.059","-0.051","68",5.5,8.2,6.6,35.6,28.6,"7",1,10.1,0.2,67,29,"87.6","12.1",35.1,3,8.1,8.1,21.6,24.3,35.1,2.7,32.4,"96.927042778","92.463521389",67.7,15.4,38.6,30.8,69.2,12,39,51.3,101,69.2,6.6,27,103,46,197,84.6,10,65,48.7,96,44.7,88,21.2,52.8,27,35.1,37.8,37,64,43.2,16,21.6,8,29.7,11,5.4,2,,,,,,,,,,,"0","1","2","50.0","1","1","100.0","0","1","0.0","1","1","100.0","1","2","50.0","1.2","1.6","-1.2","1.6","35.8",,,"28.3"
"Narváez, Carlos",665966,2026,27,41,43,8,8,0,0,0,14,1,32.6,2.3,".195",".195",".214","0.409","0.000",".296","0","22","8","0","0","10","45","30","0","36","0","12","1","0","0","0","2","0","28","6","0","5","12","1","2","0","0","0","1","0","0","0","1","0","24","0","0","0","0","0","0","0","0","3","0","0","0","48","1","118","24","166",,"0","0","0","0",".230",".331",".190",".252",".249",".101",".270",".366",".296",".350","-0.035","-0.136","-0.062","71.5",14.1,12.5,9,37.5,26.9,"7.5",0,7.8,5.4,46.2,27.8,"93.2","6.9",32.1,2,7.1,3.6,28.6,14.3,39.3,7.1,50,"100.163125714","95.141795185",69.6,17.2,32.4,54.2,45.8,13,24,44.6,74,92.3,7.8,16,104,25,166,82.8,11,64,55.4,92,44.6,74,27.3,53,14.3,57.1,28.6,28,60.5,50,14,17.9,5,25,7,7.1,2,"4","1.97","2","1.94","0",,,,"0.73","76.5",,,,,,,,,,,,,,,,,,,,,,,,"24.1"
"Fermin, Freddy",666023,2026,31,31,37,5,3,2,0,0,8,4,21.6,10.8,".161",".226",".270","0.496","0.065",".208","2","20","7","0","0","10","56","18","0","21","4","14","0","0","0","1","2","0","24","3","0","7","8","1","3","0","0","0","1","0","0","0","0","1","19","0","0","0","0","0","0","0","0","7","0","0","0","60","1","86","19","146",,"0","1","0","0",".193",".272",".241",".267",".298",".079",".222",".261",".208",".251","-0.032","-0.046","-0.026","69.8",6.9,12.2,8.6,41.5,29.3,"7.6",3,12.8,-4.2,55.2,33.2,"88","16.7",16.7,0,0,4.2,29.2,33.3,25,8.3,37.5,"97.4814175","92.81856375",70,16.7,30.2,61.5,38.5,16,26,58.9,86,80,6.8,15,88,31,146,83.3,7,42,41.1,60,41.8,61,33.8,46.6,41.7,29.2,29.2,24,40.5,41.7,10,29.2,7,16.7,4,12.5,3,"7","1.89","1.92","1.86","0",,,,"0.63","85.3",,,,,,,,,,,,,,,,,,,,,,,,"26.6"
"Turang, Brice",668930,2026,26,53,66,17,9,4,1,3,15,12,22.7,18.2,".321",".604",".446","1.050","0.283",".400","10","25","32","1","6","15","106","58","0","39","0","14","1","0","0","0","5","5","39","7","0","8","12","1","1","0","1","0","0","0","0","0","1","0","16","1","0","0","0","0","0","0","0","16","6","0","0","110","1","154","16","264",,"0","0","0","0",".254",".522",".456",".394",".394",".268",".561",".459",".447",".358",".067",".082",".062","70.9",13.3,17.4,14.5,39.1,32.5,"6.9",0,9.6,6.9,53,35.2,"93.5","14.9",35.9,4,10.3,12.8,20.5,23.1,28.2,2.6,48.7,"102.307043684","96.172529459",54.9,14.9,20.4,24.1,75.9,7,29,53.8,142,76.9,4.9,39,167,43,264,85.1,10,67,46.2,122,48.9,129,17.7,36.4,12.8,35.9,51.3,39,56.9,43.6,17,33.3,13,20.5,8,2.6,1,,,,,,,,,,,,,,,,,,,,,,,,,,,,,,,,,,"28.2"
"Marte, Noelvi",682622,2026,24,29,31,4,4,0,0,0,10,2,32.3,6.5,".138",".138",".194","0.332","0.000",".211","0","12","4","1","1","4","37","16","0","28","5","11","0","0","0","0","4","0","19","0","0","2","12","0","1","0","0","0","3","0","0","0","0","0","16","1","0","0","0","0","1","0","0","2","1","0","0","40","0","85","16","125",,"1","1","0","0",".133",".149",".163",".161",".189",".016",".192",".188",".211",".203",".005","-0.011",".002","71.3",14.5,9.1,6.5,25,17.7,"7.3",1,9.9,-3.9,59.7,30.5,"84.9","-0.8",5.3,0,0,0,10.5,15.8,63.2,10.5,31.6,"97.428798","92.962525263",68.1,12.5,47.4,48.6,51.4,18,37,62.4,78,83.3,4.8,20,71,27,125,87.5,4,32,37.6,47,37.6,47,31.9,55.2,52.6,36.8,10.5,19,71,84.2,16,10.5,2,0,0,5.3,1,,,,,,,,,,,,,,,,,,,,,,,,,,,,,,,,"1","4.4","28.9"
"Harper, Bryce",547180,2026,33,62,72,16,8,5,0,3,9,10,12.5,13.9,".258",".484",".361","0.845","0.226",".260","10","31","30","1","1","18","93","26","0","41","2","17","1","0","0","0","5","4","53","7","0","14","18","5","0","0","0","0","2","0","0","0","0","0","30","1","0","0","0","0","0","0","0","9","1","0","0","98","0","154","30","252",,"0","1","0","0",".283",".613",".378",".424",".383",".329",".379",".442",".302",".332","-0.025","-0.129","-0.046","73.8",43.4,14.1,10.6,32.9,24.8,"7.5",1,13.9,-4.5,48.7,37.1,"88.9","10.9",37.7,8,15.1,3.8,20.8,20.8,37.7,1.9,39.6,"100.292950741","94.396451887",73.5,16,35.3,41.5,58.5,22,53,59.5,150,76.2,8.3,39,101,98,252,84,12,75,40.5,102,40.9,103,26.6,50.8,32.1,45.3,22.6,53,65.3,43.4,23,34,18,22.6,12,0,0,,,,,,,,,,,,,,,,,,,,,,,,,,,,,,,,,"4.51","26.8"
"Feduccia, Hunter",676439,2026,29,15,18,3,3,0,0,0,8,3,44.4,16.7,".200",".200",".333","0.533","0.000",".429","1","7","3","0","0","5","28","13","0","19","2","8","0","0","0","0","2","0","7","1","0","2","0","2","0","0","0","0","4","0","0","0","0","0","8","0","0","0","0","0","0","0","0","1","0","0","0","28","0","49","8","77",,"0","0","0","0",".172",".234",".270",".265",".310",".062",".390",".377",".429",".369",".028","-0.034",".005","69.8",6.3,0,0,30.4,21.9,"7",1,14.2,-6.5,40.6,32.5,"92.5","22.6",57.1,0,0,14.3,42.9,28.6,14.3,0,28.6,"95.7249475","92.859418571",66.7,27.3,31.8,28.6,71.4,4,14,57.1,44,55.6,11.7,16,36,22,77,72.7,6,22,42.9,33,49.4,38,27.8,46.8,42.9,14.3,42.9,7,38.9,28.6,2,28.6,2,42.9,3,0,0,"3","1.99","2","1.96","0",,,,"0.7","83",,,,,,,,,,,,,,,,,,,,,,,,
"Naylor, Josh",647304,2026,29,67,74,9,7,0,0,2,11,6,14.9,8.1,".134",".224",".216","0.440","0.090",".130","7","31","15","0","0","14","64","19","0","41","3","17","4","0","0","1","2","2","56","5","0","10","24","6","7","0","1","0","0","0","0","0","0","0","22","0","0","0","0","0","0","0","0","4","0","0","0","72","0","143","22","215",,"0","0","0","0",".239",".390",".204",".305",".311",".151",".189",".321",".161",".286","-0.105","-0.166","-0.101","70.7",8.3,12.9,10.1,40,31.2,"7.6",2,11.4,-11.4,63.3,28.9,"87.2","12.8",33.9,4,7.1,7.1,21.4,23.2,35.7,5.4,35.7,"97.816126786","93.324984364",80.8,17.5,37.9,29.5,70.5,13,44,54,116,100,6,40,112,57,215,82.5,14,80,46,99,41.9,90,21.8,57.7,48.2,33.9,17.9,56,68.9,46.4,26,21.4,12,19.6,11,12.5,7,,,,,,,,,,,,,,,,,,,,,,,,,,,,,,,,,,"22.5"
"Grichuk, Randal",545341,2026,34,16,17,1,0,1,0,0,7,1,41.2,5.9,".063",".125",".118","0.243","0.062",".111","0","9","2","0","0","5","27","12","0","12","0","10","0","0","0","0","0","0","9","1","0","5","1","1","1","0","0","0","3","4","0","4","0","0","11","0","0","0","0","0","0","0","0","5","0","0","0","27","0","44","11","71",,"0","0","0","0",".216",".564",".118",".347",".262",".348",".144",".576",".111",".384","-0.153","-0.439","-0.229","73.7",34.5,20,13.8,35,24.1,"7.8",1,11.9,-9.3,69,26.2,"91.7","31.9",66.7,4,44.4,0,11.1,33.3,0,11.1,55.6,"103.711588","97.18604",56.8,28.6,32.4,45.5,54.5,5,11,47.9,34,50,11.3,18,41,8,71,71.4,6,21,52.1,37,52.1,37,34.4,45.1,11.1,66.7,22.2,9,58.8,11.1,1,55.6,5,22.2,2,11.1,1,,,,,,,,,,,,,,,,,,,,,,,,,,,,,,,,,,
"Saggese, Thomas",695336,2026,24,43,47,9,7,2,0,0,14,4,29.8,8.5,".209",".256",".277","0.533","0.047",".310","2","24","11","1","0","14","64","22","0","39","3","13","2","0","0","0","5","1","29","3","0","6","8","4","2","0","0","0","1","0","0","0","0","0","28","1","0","0","0","0","0","0","0","5","0","0","0","71","0","122","28","193",,"0","0","0","0",".175",".261",".251",".231",".245",".086",".309",".277",".310",".259",".034","-0.005",".020","71.8",20.5,9.8,6.8,24.6,17,"7",3,9.8,0.3,38.6,36.4,"88","16.7",27.6,1,3.4,13.8,17.2,31,31,3.4,31,"98.187452667","93.332665172",75.3,28.1,33.3,38.9,61.1,14,36,56,108,76.9,6.7,16,114,47,193,71.9,18,64,44,85,43,83,32,51.8,34.5,31,34.5,29,59.6,44.8,13,24.1,7,24.1,7,6.9,2,,,,,,,,,,,,,,,,,,,,,,,,,,,,,,,,,,"26.9"
"Muncy, Max",571970,2026,35,56,63,13,9,0,0,4,22,7,34.9,11.1,".232",".446",".317","0.763","0.214",".300","4","32","25","0","0","11","80","43","0","52","4","16","1","0","0","0","4","6","34","3","0","7","11","2","1","0","1","0","0","0","0","0","0","0","34","0","0","0","0","0","0","0","0","11","0","0","0","89","0","168","34","257",,"0","0","1","0",".269",".540",".337",".378",".350",".271",".489",".564",".382",".443","-0.037","-0.094","-0.041","71.6",9.9,12.3,7.9,33.8,21.8,"7",0,16.6,-7.6,47.5,34.2,"92.6","14.5",32.4,6,17.6,2.9,41.2,17.6,17.6,2.9,55.9,"102.83177","96.318070294",67.2,25,27.5,48.5,51.5,16,33,46.7,120,59.1,8.6,43,122,78,257,75,23,92,53.3,137,41.2,106,31.2,48.6,52.9,29.4,17.6,34,53.2,44.1,15,38.2,13,14.7,5,2.9,1,,,,,,,,,,,,,,,,,,,,,,,,,,,,,,,,,,"27.6"
"Suárez, Eugenio",553993,2026,34,60,67,13,10,1,0,2,21,7,31.3,10.4,".217",".333",".299","0.632","0.116",".297","8","33","20","0","0","18","86","47","0","40","2","17","1","0","0","0","4","4","39","5","0","5","12","4","3","0","0","0","0","0","0","13","0","0","37","0","0","0","0","0","0","0","0","5","0","0","0","90","0","167","37","257",,"0","1","0","0",".206",".373",".292",".297",".293",".167",".375",".389",".333",".326",".011","-0.040","-0.005","70.7",9.5,11.4,7.6,22.9,15.2,"7.7",4,16.1,-2.6,46.7,38.3,"85.6","19.5",33.3,4,10.3,0,20.5,28.2,28.2,5.1,23.1,"99.29341","93.674872222",64.3,22.2,29.8,59,41,23,39,51,131,78.1,12.5,27,146,60,257,77.8,18,81,49,126,37.7,97,34.2,46.7,46.2,33.3,20.5,39,71.6,41,16,23.1,9,25.6,10,10.3,4,,,,,,,,,,,,,,,,,,,,,,,,,,,,,,,,,,"25.2"
"Marsee, Jakob",805300,2026,25,69,81,12,9,1,2,0,19,10,23.5,12.3,".174",".246",".284","0.530","0.072",".235","4","27","17","1","8","12","134","72","0","65","2","18","1","0","0","1","4","2","51","6","0","14","12","6","7","0","0","0","0","0","0","1","0","1","13","1","0","0","0","0","0","0","0","13","5","3","0","140","1","205","13","345",,"0","0","0","0",".187",".265",".255",".264",".296",".078",".250",".265",".235",".255","-0.013","-0.019","-0.009","70.4",6.9,9.6,8.6,30.8,27.6,"6.7",1,5.6,-5.6,44,29.3,"88.3","20.8",29.4,1,2,3.9,27.5,41.2,21.6,3.9,39.2,"98.5561416","93.4912204",56.8,6.3,21,27,73,10,37,51,176,79.2,7,42,215,56,345,93.8,6,96,49,169,41.4,143,12,38.6,47.1,31.4,21.6,51,50.6,31.4,16,31.4,16,23.5,12,13.7,7,,,,,,,,,,,"-1","0","4","0.0","0","0",,"0","0",,"1","1","100.0","0","1","0.0","1","-1.6","-1.6","-2.3","32.8",,,"27.6"
"Church, Nathan",701675,2026,25,35,38,5,4,0,0,1,11,1,28.9,2.6,".143",".229",".184","0.413","0.086",".167","5","17","8","0","0","8","29","22","0","23","0","15","0","0","0","1","2","1","25","2","0","5","12","0","3","0","0","0","2","1","0","0","0","1","17","0","0","0","0","0","0","0","0","5","0","0","0","34","1","89","17","123",,"0","0","1","0",".165",".287",".190",".219",".207",".121",".230",".275",".200",".235","-0.022","-0.058","-0.029","71.2",17.5,7.3,5.3,19.5,14,"7.3",0,5.3,-1.6,36.8,30.5,"84.4","14.1",28,2,8,4,12,24,48,4,32,"96.974633077","92.6900108",63.8,18.9,46.2,33.3,66.7,10,30,52.8,65,50,3.3,28,67,17,123,81.1,7,37,47.2,58,41.5,51,25.4,54.5,32,32,36,25,57.9,56,14,24,6,8,2,12,3,,,,,,,,,,,"0","0","0",,"0","1","0.0","0","0",,"0","0",,"5","5","100.0",,,,,,,"4.27","28.4"
"Castellanos, Nick",592206,2026,34,35,38,7,4,3,0,0,6,3,15.8,7.9,".200",".286",".263","0.549","0.086",".241","5","25","10","0","0","14","36","13","0","23","2","12","1","0","0","0","0","1","29","6","0","7","8","5","1","0","1","0","0","0","0","6","0","0","20","0","0","0","1","0","0","0","0","1","0","0","0","40","0","87","20","127",,"0","1","0","0",".329",".475",".242",".366",".382",".146",".259",".418",".241",".397","-0.129","-0.189","-0.124","71.2",15.9,24.4,17.5,42.2,30.2,"7.9",0,17.6,-9.5,49.2,40.3,"89.4","14.5",48.3,2,6.9,6.9,34.5,24.1,20.7,6.9,44.8,"99.523838","94.530467586",79.3,13,40.6,57.1,42.9,16,28,54.3,69,90.9,8.7,20,53,27,127,87,6,46,45.7,58,40.2,51,29.7,58.3,62.1,27.6,10.3,29,64.9,27.6,8,27.6,8,41.4,12,3.4,1,,,,,,,,,,,,,,,,,,,,,,,,,,,,,,,,,,"27.2"
"Guerrero Jr., Vladimir",665489,2026,27,58,70,19,14,4,0,1,6,11,8.6,15.7,".328",".448",".443","0.891","0.120",".353","7","19","26","0","1","12","90","39","0","48","1","16","0","0","0","1","9","1","52","9","0","7","20","3","3","0","2","0","0","0","0","0","0","0","18","0","0","0","0","0","0","0","0","7","1","0","0","103","0","158","18","261",,"0","0","0","0",".326",".517",".400",".413",".442",".190",".385",".403",".365",".364",".002","-0.069","-0.013","75.6",54.6,22.2,18.5,33.3,27.8,"7.4",0,2.9,0.4,37,28.1,"92.7","2.3",32.7,8,15.4,0,23.1,13.5,46.2,1.9,48.1,"104.238749231","96.421010962",65.9,14.1,25.8,20.6,79.4,7,34,50.6,132,85.7,8,30,139,63,261,85.9,12,85,49.4,129,42.5,111,16,45.6,34.6,40.4,25,52,63.8,55.8,29,15.4,8,23.1,12,5.8,3,,,,,,,,,,,,,,,,,,,,,,,,,,,,,,,,,,"25.7"
"Bregman, Alex",608324,2026,32,70,79,17,14,1,0,2,11,8,13.9,10.1,".243",".343",".316","0.659","0.100",".259","9","34","24","0","0","19","120","76","0","48","1","17","3","0","0","0","10","2","60","5","0","13","19","4","7","0","0","0","0","0","0","1","0","1","17","0","0","0","1","0","0","0","0","3","0","0","0","135","1","202","17","337",,"0","2","0","0",".241",".372",".303",".305",".315",".131",".304",".307",".283",".282",".002","-0.029","-0.002","69.9",4.5,16.7,14.4,45.8,39.6,"7.1",2,14.2,-5.2,66.7,28,"90.7","14.1",23.3,4,6.7,8.3,20,28.3,30,6.7,46.7,"99.851155667","94.440779167",56.5,11.5,14.4,27.3,72.7,6,22,45.4,153,75,7.1,32,171,103,337,88.5,12,104,54.6,184,41.2,139,14.3,37.4,48.3,31.7,20,60,45.6,48.3,29,25,15,15,9,11.7,7,,,,,,,,,,,,,,,,,,,,,,,,,,,,,,,,,"4.7","25.4"
"Devers, Rafael",646240,2026,29,66,71,14,11,1,0,2,20,5,28.2,7,".212",".318",".268","0.586","0.106",".273","6","37","21","0","0","21","102","34","0","61","3","17","3","0","0","0","3","6","46","5","0","9","15","5","3","0","1","0","0","0","0","9","0","0","36","0","0","0","0","0","0","0","0","6","0","0","0","105","0","183","36","288",,"0","0","0","0",".231",".399",".262",".295",".285",".168",".337",".387",".304",".332","-0.019","-0.081","-0.033","70.9",13.1,16.3,11.5,33.7,23.8,"7.5",2,10.6,2.8,60.8,30.9,"90.7","13.9",32.6,5,10.9,8.7,19.6,32.6,23.9,4.3,47.8,"101.931221739","95.608783261",74.1,26.2,30.9,32.6,67.4,15,46,51.7,149,75,5.6,38,182,42,288,73.8,27,103,48.3,139,39.2,113,28.2,51.7,30.4,56.5,13,46,50,39.1,18,32.6,15,21.7,10,6.5,3,,,,,,,,,,,,,,,,,,,,,,,,,,,,,,,,,,"25.8"
"Lile, Daylen",695734,2026,23,74,78,21,17,4,0,0,11,4,14.1,5.1,".284",".338",".321","0.659","0.054",".333","6","32","25","2","1","21","73","27","0","45","3","17","2","0","0","0","5","2","63","14","0","15","21","5","1","0","0","0","0","0","0","3","0","0","25","2","0","0","0","0","0","1","0","10","1","0","0","79","0","164","25","243",,"1","0","0","0",".308",".418",".301",".333",".344",".110",".328",".368",".333",".363","-0.024","-0.080","-0.032","70.8",7.6,15.1,11.8,40.9,31.9,"7.4",1,10.6,0.3,56.3,40.2,"88.4","12.5",42.9,2,3.2,7.9,34.9,22.2,28.6,1.6,40.3,"98.280836452","93.194305806",77.4,11.5,33.9,45,55,18,40,48.8,118,83.3,5,47,120,52,243,88.5,11,96,51.2,124,40.5,98,21.2,56.4,42.9,34.9,22.2,63,69.2,41.3,26,27,17,30.2,19,1.6,1,,,,,,,,,,,"1","0","1","0.0","0","0",,"1","1","100.0","0","0",,"6","6","100.0",,,,,,"5","4.22","29.2"
"Carpenter, Kerry",681481,2026,28,48,57,10,6,1,0,3,21,7,36.8,12.3,".208",".417",".316","0.733","0.209",".280","9","21","20","0","0","11","83","39","0","33","3","15","0","0","0","1","3","4","28","3","0","8","7","2","1","0","0","0","3","0","0","4","0","1","29","0","0","0","0","0","0","0","0","4","0","0","0","93","1","137","29","230",,"0","0","0","0",".179",".382",".330",".299",".291",".203",".467",".404",".357",".307",".029",".035",".031","72.5",23.5,14.5,9.4,30.9,20,"7.7",3,21.2,-4,37.6,37.4,"93.3","19.9",39.3,4,14.3,14.3,14.3,32.1,21.4,3.6,53.6,"101.607609286","95.687242857",58.5,27.3,31.6,51.2,48.8,22,43,59.1,136,44.4,3.9,44,92,66,230,72.7,15,55,40.9,94,39.6,91,37.8,42.6,50,28.6,21.4,28,54.4,35.7,10,42.9,12,17.9,5,3.6,1,,,,,,,,,,,"-3","0","3","0.0","0","1","0.0","0","2","0.0","0","2","0.0","1","1","100.0","-1.5","-1.2","0","-2.8","29.7",,,"26.3"
"Allen, Nick",669397,2026,27,16,18,3,3,0,0,0,4,2,22.2,11.1,".188",".188",".278","0.466","0.000",".250","0","5","3","0","0","3","23","9","0","4","1","11","1","0","0","0","3","0","12","0","0","2","5","1","1","0","0","0","2","3","0","0","0","0","6","0","0","0","1","0","0","0","0","5","0","0","0","23","0","32","6","55",,"0","0","0","0",".164",".205",".231",".222",".257",".042",".227",".214",".250",".218",".024","-0.017",".009","67.9",0,0,0,38.5,26.3,"6.7",0,7.3,-6.7,47.4,29.4,"87.7","9.2",8.3,0,0,0,25,33.3,41.7,0,33.3,"98.59441","93.297205",63.6,28.6,9.1,50,50,1,2,40,22,75,7.3,3,38,13,55,71.4,6,21,60,33,38.2,21,30.4,41.8,41.7,58.3,0,12,55.6,66.7,8,16.7,2,8.3,1,8.3,1,,,,,,,,,,,,,,,,,,,,,,,,,,,,,,,,,,"27.4"
"Ruiz, Keibert",660688,2026,27,31,33,6,3,2,0,1,4,1,12.1,3,".194",".355",".212","0.567","0.161",".185","8","18","11","0","0","13","39","30","0","15","0","11","1","0","0","0","4","2","28","0","0","9","10","1","2","0","0","0","3","0","0","0","0","1","6","0","0","0","0","0","0","0","0","3","0","0","0","40","1","81","6","121",,"0","0","0","0",".184",".310",".247",".221",".205",".126",".265",".235",".214",".206",".010",".045",".026","66.5",0,10,8.7,52.5,45.7,"7",1,9.5,-9.1,56.5,33.7,"87.7","14.9",21.4,2,7.1,7.1,14.3,28.6,42.9,0,35.7,"96.498642857","92.249321429",54.1,9.1,30,27.8,72.2,5,18,49.6,60,40,12.4,19,62,34,121,90.9,3,33,50.4,61,40.5,49,15.7,42.1,60.7,32.1,7.1,28,60.6,50,14,39.3,11,3.6,1,7.1,2,"6","2.05","2.06","1.97","0",,,,"0.65","78.4",,,,,,,,,,,,,,,,,,,,,,,,"24.7"
"Nimmo, Brandon",607043,2026,33,69,76,23,15,4,1,3,16,6,21.1,7.9,".333",".551",".395","0.946","0.218",".400","9","17","38","0","1","11","97","40","0","57","7","17","2","0","1","1","7","3","53","13","0","7","18","1","4","0","1","0","0","0","0","1","0","0","23","0","0","0","0","0","0","0","0","11","1","0","0","100","0","182","23","282",,"0","0","0","0",".272",".443",".415",".338",".339",".171",".506",".398",".434",".354",".061",".108",".077","72.6",29.6,14.3,11.2,33.7,26.4,"7",2,6.6,1.5,47.2,29.1,"89.4","10",32.1,5,9.4,1.9,24.5,24.5,34,5.7,39.6,"99.637240741","94.296531887",70.3,14.7,29.2,42.5,57.5,17,40,48.6,137,90.5,7.4,24,179,63,282,85.3,15,102,51.4,145,40.1,113,22.5,50.4,32.1,47.2,20.8,53,56.6,47.2,25,18.9,10,26.4,14,7.5,4,,,,,,,,,,,"0","0","0",,"0","0",,"0","1","0.0","2","2","100.0","2","2","100.0",,,,,,,"4.27","28.1"
"Yastrzemski, Mike",573262,2026,35,56,64,11,8,2,1,0,17,8,26.6,12.5,".196",".268",".297","0.565","0.072",".282","4","28","15","0","1","16","86","55","0","44","3","17","1","0","0","0","6","1","39","4","0","9","15","2","2","0","0","0","1","0","0","0","0","0","25","0","0","0","0","0","0","0","0","7","1","0","0","88","0","167","25","255",,"0","0","0","0",".185",".242",".269",".251",".287",".057",".295",".266",".282",".266",".011",".026",".018","70.5",5.1,9.2,7.1,31.6,24.5,"7.3",5,9.9,-0.8,60.2,29.9,"89.8","9.3",20.5,1,2.6,5.1,23.1,25.6,38.5,5.1,38.5,"98.83146","94.028506053",57.8,15.4,28.3,50,50,17,34,47.1,120,38.5,10.2,23,164,49,255,84.6,12,78,52.9,135,44.3,113,25.9,43.9,43.6,30.8,25.6,39,54.7,53.8,21,25.6,10,15.4,6,5.1,2,,,,,,,,,,,"1","0","4","0.0","2","2","100.0","1","1","100.0","3","3","100.0","3","3","100.0","-0.5","-0.7","-0.2","-1.5","32.5",,,"26.8"
"Wynns, Austin",642851,2026,35,12,14,2,2,0,0,0,1,1,7.1,7.1,".167",".167",".231","0.398","0.000",".182","0","1","2","0","0","1","13","7","0","12","0","6","0","0","0","0","0","0","12","2","0","3","4","0","3","0","0","0","1","0","0","0","1","0","6","0","0","0","0","0","0","0","0","0","0","0","0","15","1","37","6","52",,"0","0","0","0",".324",".657",".195",".440",".376",".333",".165",".456",".182",".354","-0.157","-0.490","-0.245","72.2",13,5.3,4.3,21.1,17.4,"7.5",1,10.6,-3.8,56.5,34.9,"85.3","29.2",33.3,2,16.7,0,25,33.3,16.7,8.3,25,"96.277855","93.05242",75,12.5,30,50,50,3,6,38.5,20,80,9.6,7,31,11,52,87.5,3,24,61.5,32,40.4,21,20,57.7,16.7,41.7,41.7,12,71.4,33.3,4,25,3,16.7,2,25,3,"3","1.93","1.93",,"0",,,,"0.55","77.1",,,,,,,,,,,,,,,,,,,,,,,,
"Vargas, Ildemaro",545121,2026,34,42,44,16,9,4,1,2,7,2,15.9,4.5,".381",".667",".409","1.076","0.286",".424","8","14","28","0","0","9","34","24","0","17","0","11","0","0","1","0","3","2","35","11","0","4","10","2","3","0","0","0","0","1","0","1","0","0","12","0","0","0","0","0","0","0","0","9","0","0","0","39","0","90","12","129",,"0","1","0","0",".375",".542",".469",".409",".404",".167",".549",".473",".457",".450",".006",".125",".060","71.5",17.5,21.3,17.5,46.8,38.6,"7.5",1,6.7,-8.8,59.6,25.2,"86.4","11.1",48.6,3,8.6,8.6,40,11.4,22.9,8.6,37.1,"99.043014118","93.521507059",58.9,12.1,45.2,27.3,72.7,9,33,56.6,73,87.5,6.2,26,63,28,129,87.9,4,33,43.4,56,42.6,55,19.7,51.2,40,42.9,17.1,35,65.9,37.1,13,17.1,6,37.1,13,8.6,3,,,,,,,,,,,,,,,,,,,,,,,,,,,,,,,,,,"27.0"
"Susac, Daniel",691740,2026,25,12,13,7,6,0,1,0,1,1,7.7,7.7,".583",".750",".615","1.365","0.167",".636","3","4","9","0","0","5","14","4","0","10","0","7","1","0","0","0","4","1","11","2","0","3","1","0","0","0","0","0","0","0","0","0","0","0","5","0","0","0","0","0","0","0","0","1","0","0","0","15","0","30","5","45",,"0","0","0","0",".424",".605",".601",".465",".469",".181",".645",".485",".636",".463",".159",".145",".136","70",9.1,17.6,13.6,35.3,27.3,"7.8",0,14.3,-12.7,68.2,42.4,"89.8","19.4",36.4,1,9.1,0,45.5,27.3,18.2,0,45.5,"99.38936","94.411808182",75,0,44,45.5,54.5,5,11,55.6,25,100,13.3,5,25,4,45,100,0,15,44.4,20,26.7,12,19.2,57.8,18.2,54.5,27.3,11,76.9,45.5,5,36.4,4,18.2,2,0,0,"2","1.93","1.87","1.99","0",,,,"0.63","82.7",,,,,,,,,,,,,,,,,,,,,,,,
"Rogers, Jake",668670,2026,31,12,13,1,0,1,0,0,5,0,38.5,0,".083",".167",".154","0.321","0.084",".143","1","3","2","0","0","2","13","11","0","7","1","4","0","0","0","1","0","1","7","0","0","3","1","1","1","0","0","0","1","0","0","0","0","0","7","0","0","0","0","0","0","0","0","2","0","0","0","14","0","33","7","47",,"0","0","0","0",".109",".200",".157",".179",".177",".092",".185",".225",".143",".186","-0.026","-0.033","-0.022","70.1",5,14.3,10,35.7,25,"7.7",3,16.7,-6.5,65,29.9,"91.3","35.8",28.6,1,14.3,0,14.3,71.4,0,0,42.9,"97.561525","94.147085714",56.5,23.1,37.5,55.6,44.4,5,9,51.1,24,66.7,12.8,3,24,10,47,76.9,3,13,48.9,23,36.2,17,36.4,46.8,71.4,28.6,0,7,92.3,14.3,1,57.1,4,14.3,1,14.3,1,"2","1.96","1.92","1.99","0",,,,"0.58","80.7",,,,,,,,,,,,,,,,,,,,,,,,
"Contreras, Willson",575929,2026,34,57,72,17,12,2,0,3,19,11,26.4,15.3,".298",".491",".444","0.935","0.193",".400","11","26","28","0","0","14","114","48","0","37","1","17","2","0","1","4","7","4","38","6","0","4","10","4","3","0","0","0","1","0","0","0","0","0","43","0","0","0","0","0","0","0","0","9","0","0","0","124","0","170","43","294",,"0","0","0","0",".273",".507",".426",".415",".429",".235",".522",".507",".447",".417",".025","-0.016",".011","75.8",62,19.4,13,27.8,18.5,"7.9",6,10.9,-6.6,52.3,31.4,"91.1","14.5",31.6,6,15.8,5.3,26.3,18.4,23.7,5.3,42.1,"103.559303889","96.0816025",61.4,28.4,25.3,58.5,41.5,24,41,55.1,162,55.6,6.1,43,168,57,294,71.6,23,81,44.9,132,39.1,115,38.5,41.5,47.4,34.2,18.4,38,44.4,44.7,17,21.1,8,26.3,10,7.9,3,,,,,,,,,,,,,,,,,,,,,,,,,,,,,,,,,,"25.9"
"Keaschall, Luke",807712,2026,23,69,76,16,13,2,0,1,11,6,14.5,7.9,".232",".304",".289","0.593","0.072",".259","9","24","21","0","3","15","111","56","0","50","2","18","0","0","0","0","8","1","59","7","0","13","20","4","4","0","0","0","0","0","0","0","0","1","14","0","0","0","0","0","0","0","0","11","3","0","0","122","1","182","14","304",,"0","2","0","0",".243",".355",".274",".291",".302",".112",".280",".303",".271",".288","-0.011","-0.051","-0.017","68.7",4.1,10.3,9.3,29.9,26.8,"6.8",5,7.6,-4.1,57.7,36.7,"84.9","14.1",37.3,2,3.4,5.1,16.9,32.2,37.3,3.4,25.4,"96.411842069","92.215666552",63.3,6.8,23,28.9,71.1,11,38,54.3,165,73.9,7.6,60,159,62,304,93.2,6,88,45.7,139,41.4,126,13.5,41.4,37.3,40.7,22,59,60.5,47.5,28,23.7,14,20.3,12,8.5,5,,,,,,,,,,,,,,,,,,,,,,,,,,,,,,,,,"4.24","28.7"
"Beck, Jordan",687597,2026,25,35,38,5,3,1,0,1,8,3,21.1,7.9,".143",".257",".211","0.468","0.114",".154","6","21","9","1","2","11","43","20","0","22","0","12","2","0","0","0","2","1","27","2","0","9","11","1","1","0","0","0","3","0","0","0","0","0","24","1","0","0","0","0","0","1","0","3","2","0","0","50","0","95","24","145",,"1","1","0","0",".217",".326",".218",".272",".279",".110",".227",".304",".185",".281","-0.074","-0.069","-0.054","74.2",38.3,15.8,10,26.3,16.7,"7.9",1,13.3,-7.7,50,33.5,"86.8","14",22.2,1,3.7,7.4,22.2,33.3,33.3,0,33.3,"98.190982857","93.284213333",72.1,15.9,36.9,61.3,38.7,19,31,57.9,84,88.9,6.2,15,70,42,145,84.1,7,44,42.1,61,42.8,62,34.7,51.7,33.3,29.6,37,27,68.4,48.1,13,37,10,11.1,3,3.7,1,,,,,,,,,,,,,,,,,,,,,,,,,,,"0.7","-0.7","0","0.1","32.7",,,"28.0"
"Monasterio, Andruw",655316,2026,29,14,17,2,1,1,0,0,5,3,29.4,17.6,".143",".214",".294","0.508","0.071",".222","2","10","3","0","0","5","27","13","0","19","0","7","0","0","0","0","0","0","9","2","0","3","2","1","1","0","0","0","0","0","0","0","0","0","7","0","0","0","0","0","0","0","0","1","0","0","0","29","0","48","7","77",,"0","0","0","0",".145",".249",".255",".265",".296",".104",".245",".263",".222",".226","-0.002","-0.035","-0.010","68.1",6.3,8,6.3,32,25,"7",0,10,-3.1,53.1,31.5,"93.1","25.5",44.4,1,11.1,0,22.2,44.4,22.2,0,55.6,"98.7759","94.986908889",61.5,8.3,28.9,45.5,54.5,5,11,49.4,38,100,2.6,8,47,17,77,91.7,2,24,50.6,39,37.7,29,20,45.5,22.2,33.3,44.4,9,47.1,22.2,2,33.3,3,33.3,3,11.1,1,,,,,,,,,,,,,,,,,,,,,,,,,,,,,,,,,,"26.6"
"Carter, Evan",694497,2026,23,48,58,10,5,3,0,2,15,10,25.9,17.2,".208",".396",".345","0.741","0.188",".258","4","22","19","0","2","13","99","54","0","41","3","17","0","0","0","0","3","2","33","5","0","10","5","6","2","0","0","0","1","0","0","0","0","0","20","0","0","0","0","0","0","0","0","8","2","0","0","102","0","151","20","253",,"0","0","0","0",".253",".437",".341",".365",".382",".184",".383",".425",".303",".368","-0.045","-0.041","-0.024","69.5",13.4,10.9,8.5,31.3,24.4,"7",3,5.1,-3.4,41.5,32.1,"90.4","17.8",54.5,4,12.1,9.1,30.3,27.3,18.2,3,48.5,"99.959189412","94.656871212",56.7,16.7,19.8,44,56,11,25,49.8,126,63.2,7.5,40,149,51,253,83.3,12,72,50.2,127,45.8,116,23.7,38.3,30.3,51.5,18.2,33,56.9,24.2,8,36.4,12,33.3,11,6.1,2,,,,,,,,,,,"2","1","1","100.0","1","1","100.0","0","0",,"0","0",,"3","3","100.0",,,,,,"1",,"28.0"
"Olson, Matt",621566,2026,32,71,80,21,8,9,0,4,23,9,28.7,11.3,".296",".592",".375","0.967","0.296",".386","12","33","42","0","0","19","135","54","0","63","9","18","1","0","0","0","6","8","48","7","0","6","16","0","5","0","1","0","0","0","0","0","0","0","31","0","0","0","0","0","0","0","0","14","0","0","0","142","0","207","31","349",,"0","0","0","0",".236",".548",".418",".366",".322",".313",".570",".484",".438",".349",".060",".044",".052","74.7",45.3,19.4,14.6,29.1,21.9,"7.5",3,10.7,-1.4,49.6,34.1,"92.5","13.9",35.4,9,18.8,12.5,12.5,18.8,35.4,2.1,45.8,"103.892560833","96.244469375",63,23.5,27.3,35.3,64.7,18,51,53.6,187,60.7,8,50,204,76,349,76.5,24,102,46.4,162,39.8,139,27.5,43.8,41.7,33.3,25,48,51.9,45.8,22,29.2,14,14.6,7,10.4,5,,,,,,,,,,,,,,,,,,,,,,,,,,,,,,,,,"4.76","25.1"
"House, Brady",691781,2026,23,60,65,16,10,4,0,2,19,5,29.2,7.7,".267",".433",".323","0.756","0.166",".359","7","33","26","0","0","20","84","40","0","57","3","16","2","0","0","0","5","3","41","8","0","9","15","1","0","0","0","0","1","0","0","3","0","0","35","0","0","0","0","0","0","0","0","8","0","0","0","92","0","177","35","269",,"0","0","0","0",".238",".405",".339",".309",".297",".166",".451",".403",".390",".349",".029",".028",".030","73.2",27.6,9.9,7.3,24.2,17.9,"7.5",3,8.1,4.4,48.8,36.7,"88.7","6.7",29.3,4,9.8,2.4,24.4,24.4,36.6,2.4,41.5,"99.411502381","93.860899268",71,23.9,33.8,36.7,63.3,18,49,53.9,145,88.2,6.3,28,155,55,269,76.1,21,88,46.1,124,40.5,109,28.5,50.9,24.4,48.8,26.8,41,64.6,48.8,20,29.3,12,22,9,0,0,,,,,,,,,,,,,,,,,,,,,,,,,,,,,,,,,"4.44","27.8"
"Kim, Hyeseong",808975,2026,27,14,19,4,3,1,0,0,5,4,26.3,21.1,".286",".357",".421","0.778","0.071",".400","1","6","5","0","1","2","29","15","0","17","0","7","0","0","0","0","2","0","10","2","0","4","1","0","0","0","0","0","3","0","0","0","0","1","8","0","0","0","0","0","0","0","0","3","1","0","0","30","1","51","8","81",,"0","0","0","0",".195",".372",".362",".351",".381",".177",".402",".383",".400",".325",".091","-0.015",".011","65.8",0,7.7,6.5,30.8,25.8,"7.1",0,7.9,3.8,22.6,38.8,"91","15.3",60,1,10,20,30,20,20,0,30,"97.779864","93.686858",65,7.7,24.4,60,40,6,10,50.6,41,0,2.5,12,42,23,81,92.3,2,26,49.4,40,46.9,38,22.2,44.4,0,70,30,10,68.4,30,3,40,4,30,3,0,0,,,,,,,,,,,,,,,,,,,,,,,,,,,,,,,,,,"28.0"
"Lopez, Otto",672640,2026,27,63,70,20,13,4,1,2,11,5,15.7,7.1,".317",".508",".371","0.879","0.191",".353","8","18","32","1","3","11","87","49","0","46","1","17","0","0","0","1","10","4","53","6","0","11","16","5","1","0","0","0","0","0","0","0","0","1","23","1","0","0","0","0","0","0","0","11","3","0","0","93","1","174","23","267",,"0","1","0","0",".292",".501",".388",".366",".349",".209",".431",".402",".377",".347",".025",".007",".022","72.5",27.9,22.1,18.3,36,29.8,"6.8",5,5.4,-3,47.1,30.4,"93","8.1",20.8,7,13.2,3.8,26.4,20.8,34,1.9,54.7,"102.905065926","96.338221132",63.4,9.6,30.9,40.5,59.5,17,42,50.9,136,84.2,7.1,33,144,64,267,90.4,8,83,49.1,131,43.4,116,20,46.8,35.8,37.7,26.4,53,54.3,49.1,26,28.3,15,20.8,11,1.9,1,,,,,,,,,,,,,,,,,,,,,,,,,,,,,,,,,"4.28","27.9"
"Candelario, Jeimer",600869,2026,32,18,20,2,0,2,0,0,8,1,40,5,".111",".222",".200","0.422","0.111",".200","0","6","4","0","0","2","24","12","0","13","1","7","1","0","0","1","0","1","10","1","0","3","4","1","0","0","0","0","0","0","0","1","0","0","21","0","0","0","0","0","0","0","0","3","0","0","0","25","0","58","21","83",,"0","0","0","0",".167",".212",".202",".219",".250",".046",".259",".292",".200",".300","-0.056",".010","-0.017","71",15,9.5,5,33.3,17.5,"8",0,14.6,-6,50,33.7,"91.8","18.2",30,0,0,0,30,40,30,0,40,"98.451112","93.916024",71.7,48.5,35.1,53.8,46.2,7,13,44.6,37,66.7,10.8,10,42,31,83,51.5,16,33,55.4,46,41,34,50,55.4,60,20,20,10,60,40,4,40,4,20,2,0,0,,,,,,,,,,,,,,,,,,,,,,,,,,,,,,,,,,"26.3"
"Trout, Mike",545361,2026,34,63,80,14,6,3,0,5,17,15,21.3,18.8,".222",".508",".388","0.896","0.286",".220","13","29","32","0","2","15","141","63","0","60","5","17","2","0","0","2","3","7","46","4","0","12","11","5","4","0","1","0","0","0","0","1","0","0","17","0","0","0","0","0","0","0","0","17","2","0","0","147","0","193","17","340",,"0","2","0","0",".285",".727",".397",".481",".439",".443",".432",".580",".304",".392","-0.063","-0.219","-0.084","75.2",54.3,19.2,16.4,26.3,22.4,"7.5",4,6.4,-3.9,44,33.6,"92.8","22.6",37,13,28.3,10.9,13,26.1,17.4,2.2,45.7,"104.133172609","96.774715111",61.5,10.4,18.5,41.2,58.8,14,34,54.1,184,52.6,5.6,24,234,56,340,89.6,10,96,45.9,156,40.9,139,18.5,38.2,41.3,37,21.7,46,58.8,30.4,14,41.3,19,19.6,9,8.7,4,,,,,,,,,,,"-1","0","0",,"0","0",,"1","2","50.0","2","2","100.0","7","8","87.5",,,,,,,,"28.6"
"Riley, Austin",663586,2026,29,66,75,14,11,3,0,0,14,9,18.7,12,".212",".258",".307","0.565","0.046",".269","8","31","17","0","2","20","119","44","0","44","8","18","2","0","0","0","6","1","52","7","0","10","16","4","8","0","0","0","1","0","0","0","0","0","39","0","0","0","0","0","0","0","0","9","2","0","0","128","0","189","39","317",,"0","0","0","0",".230",".333",".271",".298",".322",".103",".267",".307",".269",".292","-0.018","-0.075","-0.027","75.3",53.1,15.6,10.8,31.1,21.5,"7.5",2,10.2,-2.9,49.2,31,"89.1","21.1",30.8,3,5.8,7.7,26.9,28.8,28.8,1.9,40.4,"100.524247308","94.338970385",69.6,27.7,28,45.1,54.9,23,51,57.4,182,66.7,6.6,38,179,72,317,72.3,26,94,42.6,135,40.1,127,33.8,45.7,40.4,34.6,25,52,57.3,42.3,22,21.2,11,21.2,11,15.4,8,,,,,,,,,,,,,,,,,,,,,,,,,,,,,,,,,"4.62","27.1"
"Rojas, Miguel",500743,2026,37,28,32,10,8,2,0,0,6,3,18.8,9.4,".357",".429",".406","0.835","0.072",".435","1","10","12","1","0","4","39","17","0","16","1","11","1","0","1","0","3","0","23","7","0","2","6","2","3","0","0","0","2","0","0","0","0","1","12","1","0","0","0","0","0","1","0","3","0","0","0","40","1","71","12","111",,"1","0","0","0",".310",".407",".375",".346",".371",".098",".429",".389",".435",".385",".047",".022",".029","68.7",2.1,13.9,10.6,41.7,31.9,"7.2",1,7.9,-7.5,48.9,31.1,"90","14.9",47.8,1,4.3,4.3,39.1,21.7,26.1,4.3,43.5,"99.1197675","94.313379565",70.5,22.6,34.3,34.8,65.2,8,23,60.4,67,83.3,5.4,13,58,32,111,77.4,7,31,39.6,44,35.1,39,27.8,48.6,21.7,47.8,30.4,23,62.5,39.1,9,8.7,2,39.1,9,13,3,,,,,,,,,,,,,,,,,,,,,,,,,,,,,,,,,,"25.4"
"Soto, Juan",665742,2026,27,31,34,11,8,2,0,1,6,3,17.6,8.8,".355",".516",".412","0.928","0.161",".417","5","14","16","0","0","9","42","16","0","24","0","8","0","0","0","0","3","1","25","7","0","3","9","1","1","0","1","0","0","0","0","0","0","0","15","0","0","0","0","0","0","0","0","3","0","0","0","47","0","80","15","127",,"0","0","0","0",".261",".430",".406",".322",".328",".169",".479",".369",".440",".326",".094",".086",".084","72.2",26.3,12.8,10.5,27.7,22.8,"7.2",3,14.9,-1.6,54.4,29,"87.3","3.9",32,2,8,8,20,20,32,8,28,"99.596966667","93.947794167",70.5,9.3,31.8,52.4,47.6,11,21,52,66,66.7,2.4,12,60,51,127,90.7,4,43,48,61,39.4,50,23.4,50.4,36,56,8,25,66.7,48,12,16,4,32,8,4,1,,,,,,,,,,,,,,,,,,,,,,,,,,,,,,,,,,"25.4"
"Winn, Masyn",691026,2026,24,44,55,8,5,3,0,0,10,9,18.2,16.4,".182",".250",".345","0.595","0.068",".235","1","34","11","0","2","15","86","58","0","40","0","13","0","0","0","2","2","0","34","5","1","6","13","3","4","0","0","0","1","0","0","0","0","0","17","0","0","0","0","0","0","0","0","6","1","1","0","96","0","151","17","247",,"0","1","1","0",".229",".316",".297",".332",".383",".087",".248",".305",".235",".297","-0.047","-0.066","-0.035","70.1",7.8,8.1,6.5,30.6,24.7,"7.7",2,7.5,-4.1,51.9,29.6,"87.4","12.8",32.4,1,2.9,8.8,32.4,26.5,23.5,5.9,26.5,"96.891776471","92.59259697",54,14.8,23.9,28.1,71.9,9,32,54.3,134,53.8,5.3,29,135,45,247,85.2,9,61,45.7,113,45.7,113,19.4,37.7,38.2,41.2,20.6,34,56.4,44.1,15,17.6,6,23.5,8,14.7,5,,,,,,,,,,,,,,,,,,,,,,,,,,,,,,,,,,"28.0"
"Tatis Jr., Fernando",665487,2026,27,66,77,16,12,4,0,0,18,8,23.4,10.4,".242",".303",".316","0.619","0.061",".320","7","19","20","0","4","13","101","34","0","48","7","17","1","0","0","0","7","0","51","9","0","9","18","5","2","0","0","0","0","0","0","0","1","2","31","0","0","0","0","0","0","1","0","7","3","0","1","104","3","172","31","276",,"1","1","0","0",".279",".418",".287",".360",".364",".139",".322",".434",".320",".393","-0.037","-0.115","-0.073","74.2",46.7,28.6,21.3,41.8,31.1,"7.2",0,5.6,5.8,50.8,30.5,"95.2","4.8",39.2,7,13.7,7.8,27.5,13.7,27.5,9.8,72.5,"106.3029044","99.7033728",76,16.3,27.2,57.5,42.5,23,40,53.3,147,84.6,4.7,39,160,48,276,83.7,16,98,46.7,129,42,116,28.3,50,21.6,45.1,33.3,51,58.4,49,25,17.6,9,29.4,15,3.9,2,,,,,,,,,,,"2","2","3","66.7","0","0",,"1","1","100.0","1","1","100.0","2","2","100.0","0.4","3.3","0.8","4.5","36.9","1",,"28.0"
"Perkins, Blake",663368,2026,29,29,34,4,2,2,0,0,9,4,26.5,11.8,".138",".207",".242","0.449","0.069",".200","2","17","6","0","1","9","48","25","0","28","0","10","1","0","0","0","1","0","21","3","0","8","6","1","2","0","0","0","1","0","0","0","1","0","15","0","0","0","0","0","0","0","0","1","0","1","0","51","1","93","15","144",,"0","1","0","0",".152",".225",".220",".228",".255",".073",".220",".234",".200",".220","-0.014","-0.018","-0.008","69.4",3.6,6.8,5.4,27.3,21.4,"7.3",1,9.8,0.7,63.2,29.1,"83.4","21",19,1,4.8,4.8,14.3,47.6,14.3,14.3,23.8,"95.90484","91.9712145",60.3,15.8,37,33.3,66.7,10,30,56.3,81,60,10.4,23,92,25,144,84.2,6,38,43.8,63,38.2,55,23.5,47.2,23.8,33.3,42.9,21,61.8,33.3,7,38.1,8,19,4,9.5,2,,,,,,,,,,,,,,,,,,,,,,,,,,,,,,,,,,"27.5"
"Haggerty, Sam",664059,2026,32,10,11,2,2,0,0,0,5,1,45.5,9.1,".200",".200",".273","0.473","0.000",".400","0","2","2","0","1","1","19","9","0","7","1","8","0","0","0","0","1","0","5","1","0","1","1","1","0","0","0","0","3","1","0","0","0","0","7","0","0","0","0","0","0","0","0","2","1","0","0","19","0","29","7","48",,"0","0","0","0",".198",".225",".230",".229",".271",".028",".364",".362",".400",".396",".002","-0.025",".001","70.3",5.6,0,0,36.4,22.2,"7.2",1,9.2,-7.6,61.1,30.1,"88","19.4",60,0,0,0,60,20,20,0,0,"90.73093","89.924024",58.3,35.7,25,50,50,3,6,50,24,80,10.4,10,26,7,48,64.3,5,14,50,24,43.8,21,40,41.7,40,60,0,5,72.7,40,2,20,1,40,2,0,0,,,,,,,,,,,,,,,,,,,,,,,,,,,,,,,,,,
"Smith, Josh",669701,2026,28,50,55,9,9,0,0,0,9,5,16.4,9.1,".180",".180",".255","0.435","0.000",".220","4","22","9","1","1","9","70","31","0","30","3","16","1","0","0","0","3","1","41","5","0","13","11","4","4","0","0","0","3","1","0","1","0","0","22","1","0","0","0","0","0","0","0","3","1","0","0","75","0","130","22","205",,"0","0","0","0",".232",".336",".214",".287",".302",".104",".200",".298",".220",".283","-0.052","-0.156","-0.073","69.3",2.3,11.1,8.1,38.1,27.9,"7",4,12,-6.5,48.8,35,"86.8","15.7",39,2,4.9,7.3,19.5,34.1,29.3,4.9,34.1,"97.789122","93.10979125",65.6,14.8,33.9,50,50,19,38,54.6,112,81.8,5.4,26,116,53,205,85.2,9,61,45.4,93,43.4,89,28.3,48.3,34.1,34.1,31.7,41,63.6,34.1,14,34.1,14,22,9,9.8,4,,,,,,,,,,,,,,,,,,,,,,,,,,,,,,,,,,"26.8"
"India, Jonathan",663697,2026,29,40,50,7,5,0,0,2,11,8,22,16,".175",".325",".340","0.665","0.150",".185","8","15","13","0","0","8","78","42","0","32","1","13","0","0","0","2","1","3","29","2","1","6","9","1","6","0","0","0","0","0","0","0","0","0","17","0","0","0","0","0","0","0","0","7","0","0","0","85","0","123","17","208",,"0","1","0","0",".166",".300",".319",".302",".333",".134",".302",".273",".241",".229",".009",".025",".017","70.6",14.1,10.3,8.5,31,25.4,"7.4",3,9.3,-6.3,50.7,33,"85.2","25.7",31,2,6.9,6.9,13.8,41.4,24.1,6.9,31,"96.898678","92.602764483",59.4,20,19.6,33.3,66.7,7,21,51.4,107,83.3,8.7,21,124,43,208,80,12,60,48.6,101,38.9,81,23.5,38.9,37.9,27.6,34.5,29,64,34.5,10,31,9,10.3,3,24.1,7,,,,,,,,,,,,,,,,,,,,,,,,,,,,,,,,,,"27.8"
"McCarthy, Jake",664983,2026,28,32,39,6,3,2,1,0,8,3,20.5,7.7,".188",".313",".278","0.591","0.125",".250","3","8","10","1","4","7","39","18","0","21","1","14","0","0","0","1","2","1","27","3","0","4","11","3","3","0","0","0","6","2","0","0","3","0","17","1","0","0","0","0","0","0","0","1","4","0","0","43","3","87","17","130",,"0","1","0","0",".233",".392",".273",".317",".318",".159",".290",".356",".250",".310","-0.045","-0.079","-0.044","71.1",15.5,16.7,12.1,33.3,24.1,"7.2",0,9.6,-1.8,55.2,32.6,"86.1","14.7",29.6,2,7.4,7.4,18.5,22.2,25.9,18.5,29.6,"98.260515","93.353312174",75.4,20.4,30.8,45,55,9,20,50,65,100,4.6,21,57,35,130,79.6,10,49,50,65,42.3,55,27.5,53.1,18.5,51.9,29.6,27,64.1,44.4,12,18.5,5,22.2,6,14.8,4,,,,,,,,,,,"0","0","4","0.0","0","0",,"0","0",,"0","0",,"2","2","100.0",,,,,,"7",,"29.9"
"Isbel, Kyle",664728,2026,29,39,46,12,9,1,0,2,11,4,23.9,8.7,".308",".487",".386","0.873","0.179",".385","5","10","19","0","4","11","64","34","0","27","0","14","0","0","0","1","4","3","30","5","0","5","8","2","3","0","0","0","1","0","0","0","2","0","12","0","0","0","0","0","0","0","0","6","4","0","0","67","2","105","12","172",,"0","0","0","0",".244",".358",".393",".311",".330",".114",".489",".361",".429",".340",".064",".129",".082","71.2",8.6,14.9,12.1,40.4,32.8,"7",1,2.2,-2.4,34.5,25.7,"90.5","18.6",23.3,2,6.7,3.3,26.7,26.7,23.3,13.3,40,"100.239815714","94.464752963",56.8,8.7,27.5,40,60,10,25,52.9,91,78.6,8.1,15,115,22,172,91.3,4,46,47.1,81,43.6,75,19.7,41.3,16.7,43.3,40,30,63,40,12,26.7,8,23.3,7,10,3,,,,,,,,,,,"0","0","2","0.0","0","0",,"1","1","100.0","0","1","0.0","3","3","100.0",,,,,,,,"25.7"
"Yelich, Christian",592885,2026,34,51,56,16,12,2,1,1,14,5,25,8.9,".314",".451",".375","0.826","0.137",".417","10","21","23","0","3","16","78","39","0","49","2","15","0","0","0","0","10","3","37","3","0","2","18","1","0","0","2","0","2","0","0","12","0","0","29","0","0","0","0","0","0","0","0","10","3","0","0","86","0","160","29","246",,"0","0","0","0",".229",".369",".359",".283",".298",".140",".466",".355",".432",".315",".085",".082",".076","72.4",27.1,14.3,10.3,28.6,20.6,"7.4",2,9.2,10.1,38.3,36.1,"89.4","-2.4",13.5,2,5.4,2.7,24.3,5.4,54.1,8.1,40.5,"100.892430556","94.788898889",70.4,17,27.3,57.6,42.4,19,33,49.2,121,75,8.1,26,155,44,246,83,15,88,50.8,125,41.1,101,28.1,49.2,37.8,32.4,29.7,37,59.3,75.7,28,13.5,5,10.8,4,0,0,,,,,,,,,,,,,,,,,,,,,,,,,,,,,,,,,"4.46","27.1"
"Thomas, Alek",677950,2026,26,49,53,6,2,4,0,0,15,2,28.3,3.8,".122",".204",".173","0.377","0.082",".176","5","21","10","0","3","17","51","27","0","34","6","14","0","0","0","1","2","1","35","3","0","8","13","5","3","0","0","0","1","0","0","0","1","0","24","0","0","0","0","0","0","0","0","4","3","0","0","57","1","130","24","187",,"0","0","0","0",".191",".351",".176",".258",".238",".161",".206",".333",".176",".277","-0.069","-0.147","-0.082","69.7",6.9,12.9,9.2,35.5,25.3,"6.9",2,9.2,0.3,58.6,27.7,"92.2","14.3",37.1,2,5.7,20,11.4,22.9,31.4,5.7,45.7,"101.272944375","95.52304125",68.2,12.1,44.1,55.6,44.4,25,45,54.5,102,75,6.4,32,91,58,187,87.9,7,58,45.5,85,40.1,75,31.1,55.1,37.1,34.3,28.6,35,66,42.9,15,25.7,9,22.9,8,8.6,3,,,,,,,,,,,"2","1","2","50.0","0","0",,"2","2","100.0","4","5","80.0","6","6","100.0","1.3","-1","-1.2","-0.9","34.7",,,"27.6"
"Taveras, Leody",665750,2026,27,28,35,10,7,3,0,0,8,6,22.9,17.1,".357",".464",".471","0.935","0.107",".500","7","11","13","0","0","8","47","20","0","25","1","13","0","0","0","0","2","3","21","5","0","3","4","4","0","0","0","0","0","1","0","0","1","0","10","0","0","0","0","0","0","0","0","4","0","0","0","51","1","79","10","130",,"0","0","0","0",".278",".417",".427",".372",".406",".139",".513",".418",".500",".390",".079",".047",".055","73",31.4,12.2,9.8,26.8,21.6,"7.7",0,9.1,-8,54.9,32.8,"87.3","15.1",52.4,1,4.8,14.3,33.3,23.8,19,4.8,38.1,"98.513008","93.481113",64.3,16.7,31.1,26.1,73.9,6,23,56.9,74,50,4.6,38,57,28,130,83.3,6,36,43.1,56,44.6,58,20.3,45.4,38.1,28.6,33.3,21,65.7,28.6,6,28.6,6,42.9,9,0,0,,,,,,,,,,,"0","0","3","0.0","0","1","0.0","1","2","50.0","1","1","100.0","1","1","100.0","-0.8","0.3","0","-0.5","34.1",,,"28.5"
"DeLuca, Jonny",676356,2026,27,34,35,9,6,2,0,1,6,1,17.1,2.9,".265",".412",".286","0.698","0.147",".296","6","21","14","1","1","11","37","17","0","20","2","12","1","0","0","0","4","2","28","3","0","4","10","1","4","0","0","0","2","1","0","1","0","0","11","1","0","0","0","0","1","0","0","5","1","0","0","39","0","80","11","119",,"1","0","0","0",".269",".407",".311",".301",".290",".139",".363",".351",".321",".326","-0.004",".005",".010","73.7",31.5,16.3,13,27.9,22.2,"7.8",1,6.8,-6.9,53.7,23.3,"89.2","11.7",28.6,1,3.6,7.1,17.9,25,39.3,7.1,28.6,"99.206485385","93.629342308",70.4,21.1,38.5,28,72,7,25,54.6,65,81.8,9.2,18,69,20,119,78.9,8,38,45.4,54,39.5,47,23.8,52.9,42.9,32.1,25,28,68.6,50,14,21.4,6,14.3,4,14.3,4,,,,,,,,,,,"0","0","0",,"0","0",,"0","0",,"0","0",,"1","1","100.0",,,,,,"3",,"27.5"
"Williamson, Ben",810938,2026,25,48,54,13,9,4,0,0,11,5,20.4,9.3,".271",".354",".340","0.694","0.083",".351","6","17","17","0","2","15","71","46","0","30","1","15","2","0","0","0","6","0","38","7","0","3","15","5","2","0","0","0","2","0","0","0","1","0","16","0","0","0","0","0","0","0","0","11","2","0","0","73","1","131","16","204",,"0","0","0","0",".248",".318",".319",".288",".319",".070",".361",".317",".351",".322",".023",".036",".031","70",9.3,15.9,13.3,33.3,28,"6.8",4,2.4,5.7,36,29.5,"85.2","4.3",36.8,0,0,5.3,31.6,18.4,34.2,10.5,34.2,"97.430313158","92.91488973",52.8,4.3,33,39.5,60.5,15,38,56.4,115,53.8,6.4,23,115,46,204,95.7,2,47,43.6,89,43.1,88,20,41.7,31.6,28.9,39.5,38,63,55.3,21,7.9,3,31.6,12,5.3,2,,,,,,,,,,,,,,,,,,,,,,,,,,,,,,,,,"4.51","28.0"
"Varsho, Daulton",662139,2026,29,57,63,15,8,4,0,3,8,6,12.7,9.5,".263",".491",".333","0.824","0.228",".261","7","19","28","0","1","11","78","23","0","53","2","16","0","0","0","0","2","2","49","11","0","10","14","6","4","0","1","0","0","1","0","0","0","0","20","0","0","0","0","0","0","0","0","7","1","0","0","80","0","147","20","227",,"0","0","0","0",".292",".422",".360",".340",".359",".130",".383",".357",".306",".339","-0.029",".069",".020","73.4",33.3,8.2,6.7,24.7,20,"7.5",0,7.6,0,57.1,28,"85.1","17.5",38.8,3,6.1,2,30.6,28.6,28.6,4.1,34.7,"97.1887764","92.694672245",80.5,15.4,28.9,24.2,75.8,8,33,50.2,114,61.5,5.7,17,134,52,227,84.6,14,91,49.8,113,38.3,87,17.7,54.6,42.9,42.9,14.3,49,61.3,32.7,16,24.5,12,34.7,17,8.2,4,,,,,,,,,,,"0","0","1","0.0","0","0",,"1","1","100.0","2","2","100.0","1","1","100.0",,,,,,,"4.49","26.5"
"Escarra, J.C.",641555,2026,31,11,12,0,0,0,0,0,3,1,25,8.3,".000",".000",".083","0.083","0.000",".000","1","7","0","0","0","4","14","7","0","6","0","5","0","0","0","0","0","0","8","0","0","1","5","0","2","0","0","0","1","0","0","0","0","0","7","0","0","0","0","0","0","0","0","0","0","0","0","14","0","28","7","42",,"0","0","0","0",".104",".139",".059",".156",".179",".035",".000",".144",".000",".143","-0.104","-0.139","-0.097","70.8",5.6,8.3,5.6,41.7,27.8,"7.6",0,11.7,-11,50,28.2,"90","13.5",12.5,0,0,0,12.5,37.5,50,0,25,"100.2154825","94.10774125",66.7,16.7,37.5,55.6,44.4,5,9,57.1,24,71.4,16.7,3,28,7,42,83.3,2,12,42.9,18,45.2,19,33.3,50,37.5,37.5,25,8,66.7,62.5,5,12.5,1,0,0,25,2,"2","1.9","1.9",,"0",,,,"0.58","81.1",,,,,,,,,,,,,,,,,,,,,,,,
"Trevino, Jose",624431,2026,33,11,12,1,1,0,0,0,3,1,25,8.3,".091",".091",".167","0.258","0.000",".125","0","8","1","0","0","4","16","7","0","6","0","3","0","0","0","0","1","0","8","0","0","1","5","1","0","0","0","0","1","0","0","0","0","0","5","0","0","0","0","0","0","0","0","0","0","0","0","16","0","26","5","42",,"0","0","0","0",".202",".223",".135",".230",".269",".021",".114",".256",".125",".278","-0.111","-0.132","-0.095","68.6",0,8.3,6.3,25,18.8,"7.2",1,9.1,-3.5,75,23.4,"76.9","7.5",37.5,0,0,0,25,12.5,25,37.5,25,"89.30118","90.792392857",68.4,15.4,26.1,50,50,3,6,54.8,23,50,9.5,8,26,6,42,84.6,2,13,45.2,19,35.7,15,26.3,45.2,37.5,37.5,25,8,58.3,75,6,12.5,1,12.5,1,0,0,"0",,,,"0",,,,,,,,,,,,,,,,,,,,,,,,,,,,,
"Meidroth, Chase",805367,2026,24,59,69,12,8,3,0,1,15,8,21.7,11.6,".203",".305",".299","0.604","0.102",".256","2","21","18","0","1","8","101","73","1","36","2","16","3","0","1","0","5","2","45","5","0","9","20","3","1","0","0","0","0","0","0","0","1","0","15","0","0","0","0","0","0","0","0","7","1","0","0","105","1","175","15","280",,"0","0","0","1",".202",".329",".283",".285",".299",".127",".302",".306",".273",".273",".001","-0.024","-0.002","67.1",2.4,12.9,10.6,41.4,34.1,"6.5",2,9.3,4.6,51.8,31.8,"87.6","6.8",26.7,2,4.4,2.2,20,24.4,42.2,4.4,42.2,"98.382965909","93.357817209",51.4,15.1,21,31,69,9,29,49.3,138,44,8.9,29,173,58,280,84.9,11,73,50.7,142,46.1,129,19.6,36.4,37.8,31.1,31.1,45,58,55.6,25,24.4,11,17.8,8,2.2,1,,,,,,,,,,,,,,,,,,,,,,,,,,,,,,,,,"4.56","26.3"
"McGuire, Reese",624512,2026,31,16,17,2,2,0,0,0,6,0,35.3,0,".125",".125",".176","0.301","0.000",".200","0","4","2","0","0","1","10","14","0","8","0","7","0","0","0","1","1","0","10","1","0","4","2","1","1","0","0","0","1","0","0","0","0","0","5","0","0","0","0","0","0","0","0","0","0","0","0","12","0","39","5","51",,"0","0","0","0",".119",".137",".151",".150",".171",".018",".182",".181",".200",".191",".006","-0.012",".001","69",4.5,0,0,29.4,22.7,"7.5",0,6.1,1.4,40.9,32,"77.4","28.4",30,0,0,0,20,50,20,10,10,"89.393046","89.111222",56.3,16.7,36.8,42.9,57.1,3,7,37.3,19,80,9.8,6,30,14,51,83.3,3,18,62.7,32,52.9,27,24,49,30,40,30,10,64.7,30,3,40,4,20,2,10,1,"4","1.96","1.96",,"0",,,,"0.57","77.2",,,,,,,,,,,,,,,,,,,,,,,,
"Langeliers, Shea",669127,2026,28,64,69,19,12,2,0,5,23,5,33.3,7.2,".297",".563",".348","0.911","0.266",".389","10","30","36","0","0","18","86","35","0","62","2","16","2","0","0","0","5","3","41","10","1","13","4","2","3","0","0","0","0","0","0","3","0","0","31","0","0","0","0","0","0","0","0","10","0","0","0","94","0","177","31","271",,"0","1","0","0",".264",".493",".400",".349",".317",".229",".587",".501",".463",".412",".033",".070",".051","74.6",44.1,12,8.7,23.9,17.3,"7.3",0,11.6,-1.8,67.7,29.5,"93.2","24.4",46.3,5,12.2,4.9,29.3,39,14.6,0,43.9,"102.215814286","95.466860244",74.2,14.6,35.1,49.1,50.9,26,53,55.7,151,70.6,6.3,33,140,70,271,85.4,13,89,44.3,120,39.9,108,27.5,52.4,29.3,34.1,36.6,41,62.3,22,9,39,16,29.3,12,9.8,4,"8","1.89","1.89","1.92","0",,,,"0.66","87.6",,,,,,,,,,,,,,,,,,,,,,,,"28.2"
"Arias, Gabriel",672356,2026,26,30,32,6,3,1,0,2,12,2,37.5,6.3,".200",".433",".250","0.683","0.233",".250","4","14","13","0","0","6","42","27","0","16","0","10","0","0","0","0","2","2","18","2","0","1","9","1","1","0","0","0","1","0","0","0","0","0","19","0","0","0","0","0","0","0","0","2","0","0","0","44","0","84","19","128",,"0","0","0","0",".209",".414",".302",".293",".260",".205",".458",".451",".333",".357","-0.009",".019",".009","76.3",63.3,24.1,14.3,27.6,16.3,"7.5",2,11.6,2.3,53.1,30.3,"94.6","4.9",22.2,3,16.7,5.6,16.7,11.1,44.4,0,50,"103.781052222","97.075641765",62.3,26.3,28.4,68.4,31.6,13,19,52.3,67,77.8,7,12,70,34,128,73.7,10,38,47.7,61,47.7,61,40.4,44.5,50,22.2,27.8,18,62.5,61.1,11,16.7,3,16.7,3,5.6,1,,,,,,,,,,,,,,,,,,,,,,,,,,,,,,,,,,"26.5"
"Sosa, Lenyn",672820,2026,26,34,34,8,5,3,0,0,7,0,20.6,0,".235",".324",".235","0.559","0.089",".296","3","16","11","0","0","9","37","21","0","35","3","13","0","0","0","0","2","2","27","4","0","4","7","5","3","0","0","0","2","1","0","7","0","0","14","0","0","0","0","0","0","0","0","3","0","0","0","40","0","101","14","141",,"0","0","0","0",".275",".361",".248",".275",".275",".086",".312",".347",".296",".346","-0.040","-0.037","-0.027","72.7",26,14.3,11,28.6,21.9,"7.6",0,13.6,-6.4,50.7,34.7,"90.2","21.4",44.4,0,0,11.1,33.3,33.3,22.2,0,40.7,"98.755050714","93.594833704",66.1,17.9,50,26.8,73.2,11,41,58.2,82,44.4,6.4,20,79,29,141,82.1,7,39,41.8,59,44,62,22.5,56.7,48.1,29.6,22.2,27,41.2,33.3,9,22.2,6,33.3,9,11.1,3,,,,,,,,,,,,,,,,,,,,,,,,,,,,,,,,,,"26.9"
"O'Hearn, Ryan",656811,2026,32,59,71,18,12,3,0,3,11,10,15.5,14.1,".305",".508",".394","0.902","0.203",".319","13","31","30","0","0","19","107","55","0","53","1","16","4","0","0","0","5","7","50","6","0","8","18","4","0","0","1","0","0","0","0","1","0","2","23","0","0","0","0","0","0","0","0","8","0","0","0","120","2","183","23","303",,"0","0","0","0",".304",".531",".393",".403",".403",".226",".423",".437",".360",".372",".001","-0.023","-0.010","70.9",7.7,12.2,10.3,34.7,29.1,"7.1",3,10.5,1.9,49.6,30.8,"89.4","12",36,5,10,8,24,22,36,0,44,"99.65116","94.543284",59.4,15.3,26.9,27.9,72.1,12,43,52.8,160,59.1,7.3,40,170,65,303,84.7,13,85,47.2,143,39.6,120,19.5,42.2,42,32,26,50,60,46,23,30,15,24,12,0,0,,,,,,,,,,,,,,,,,,,,,,,,,,,,,,,,,"4.66","26.0"
"Gorman, Nolan",669357,2026,26,49,58,10,8,0,0,2,19,7,32.8,12.1,".204",".327",".293","0.620","0.123",".267","9","21","16","0","0","14","85","37","0","43","0","16","0","0","0","0","3","2","32","5","0","9","8","3","2","0","1","0","1","0","0","5","0","2","40","0","0","0","0","0","0","0","0","6","0","0","0","94","2","154","40","248",,"0","0","0","0",".181",".337",".277",".268",".276",".156",".359",".344",".313",".282",".023","-0.010",".009","72.4",23.3,12.3,7.8,30.8,19.4,"7.6",0,18.6,-8.9,51,33,"87","18.6",25,2,6.3,3.1,21.9,40.6,21.9,6.3,40.6,"99.63301875","93.909036875",67.8,20.7,27.6,71.4,28.6,25,35,51.2,127,76.5,6.9,54,126,52,248,79.3,17,82,48.8,121,39.1,97,35.9,47.2,46.9,31.3,21.9,32,60.3,34.4,11,34.4,11,25,8,6.3,2,,,,,,,,,,,,,,,,,,,,,,,,,,,,,,,,,,"24.1"
"Rodríguez, Julio",677594,2026,25,68,78,14,11,2,0,1,20,9,25.6,11.5,".206",".279",".308","0.587","0.073",".277","5","32","19","1","1","16","101","42","0","56","3","18","0","0","0","1","10","1","48","3","0","7","18","5","4","0","1","0","0","0","0","0","0","0","51","1","0","0","0","0","0","0","0","8","1","0","0","112","0","203","51","315",,"0","2","0","0",".202",".296",".275",".273",".304",".094",".306",".304",".292",".286",".004","-0.017",".002","76.3",66.2,13,8.5,22.8,14.8,"7.7",3,7.4,-2.7,41.5,31.5,"87.9","4.7",20.8,2,4.2,6.3,16.7,20.8,45.8,6.3,37.5,"100.725653333","94.563335833",69.3,24.2,37.1,51.5,48.5,34,66,56.5,178,66.7,3.8,34,181,68,315,75.8,23,95,43.5,137,41,129,35.4,51.1,39.6,43.8,16.7,48,54.5,58.3,28,16.7,8,16.7,8,8.3,4,,,,,,,,,,,"1","0","5","0.0","0","0",,"1","1","100.0","1","1","100.0","2","2","100.0","-0.4","1.8","0.5","1.9","35.9","2","4.39","28.4"
"Walls, Taylor",670764,2026,29,21,26,7,6,1,0,0,5,1,19.2,3.8,".333",".381",".391","0.772","0.048",".438","2","7","8","0","2","6","27","24","0","11","0","7","0","0","0","1","5","0","19","2","0","2","5","1","4","0","0","0","0","0","0","0","3","0","8","0","0","0","0","0","0","0","0","5","2","0","0","31","3","62","8","93",,"0","0","0","0",".216",".261",".357",".253",".284",".044",".422",".272",".438",".284",".117",".120",".104","69",6.7,4,3.3,32,26.7,"7",2,12.7,1,56.7,34.3,"83.8","22.4",21.1,0,0,5.3,21.1,31.6,15.8,21.1,15.8,"93.0742825","90.773208",54,14.8,25.6,36.4,63.6,4,11,46.2,43,71.4,7.5,17,56,18,93,85.2,4,27,53.8,50,37.6,35,21.1,40.9,31.6,26.3,42.1,19,73.1,52.6,10,10.5,2,15.8,3,21.1,4,,,,,,,,,,,,,,,,,,,,,,,,,,,,,,,,,,"27.2"
"Clement, Ernie",676391,2026,30,66,67,20,15,5,0,0,3,1,4.5,1.5,".303",".379",".313","0.692","0.076",".317","5","25","25","0","1","14","49","30","0","38","0","16","2","0","0","0","5","3","63","12","0","10","20","5","8","0","0","0","0","0","0","0","0","0","12","0","0","0","1","0","0","0","0","6","1","0","0","52","0","145","12","197",,"0","0","1","0",".295",".378",".311",".297",".305",".083",".319",".305",".317",".309",".008",".001",".014","66.3",1.1,7.1,6.5,40,36.6,"7.1",5,12.8,-7.5,64.9,30.3,"86.4","12.5",34.9,0,0,6.3,23.8,28.6,38.1,3.2,27,"96.163980645","92.08762371",71.6,2.6,42,32.4,67.6,12,37,44.7,88,88.9,4.6,18,105,44,197,97.4,2,78,55.3,109,40.6,80,12.2,58.4,41.3,42.9,15.9,63,67.2,39.7,25,20.6,13,27,17,12.7,8,,,,,,,,,,,,,,,,,,,,,,,,,,,,,,,,,"4.43","27.1"
"Outman, James",681546,2026,29,18,19,0,0,0,0,0,10,1,52.6,5.3,".000",".000",".053","0.053","0.000",".000","0","20","0","0","2","9","23","10","0","13","0","14","0","0","0","0","0","0","8","0","0","1","3","0","4","0","0","0","1","3","0","0","0","0","17","0","0","0","0","0","0","0","0","1","2","0","0","26","0","50","17","76",,"0","0","0","0",".041",".066",".037",".081",".092",".025",".000",".103",".000",".093","-0.041","-0.066","-0.044","71.5",20.6,0,0,16.7,8.8,"7.8",2,16.9,-4.3,44.1,35.5,"82.3","32.8",0,0,0,0,0,50,37.5,12.5,25,"93.4258575","90.87049375",76.9,36.7,27,70,30,7,10,48.7,37,75,5.3,16,40,17,76,63.3,11,30,51.3,39,40.8,31,45,52.6,50,0,50,8,63.2,37.5,3,12.5,1,0,0,50,4,,,,,,,,,,,,,,,,,,,,,,,,,,,,,,,,,,"25.0"
"Davis, Henry",680779,2026,26,35,40,8,5,3,0,0,9,4,22.5,10,".229",".314",".325","0.639","0.085",".308","3","19","11","0","1","9","56","19","0","24","2","13","1","0","0","1","3","1","26","4","0","7","7","1","3","0","0","0","2","0","0","0","0","0","15","0","0","0","0","0","0","0","0","5","1","0","0","59","0","87","15","146",,"0","0","0","0",".178",".260",".301",".255",".281",".082",".324",".254",".308",".240",".051",".054",".046","75.3",60.7,12.2,9.8,28.6,23,"7.5",2,9.6,-8.2,55.7,27.2,"91.4","19.7",26.9,2,7.7,3.8,19.2,34.6,34.6,0,34.6,"100.080171538","94.274539615",64.2,11.6,31.6,52,48,13,25,54.1,79,84.6,8.9,14,83,34,146,88.4,5,43,45.9,67,39,57,26.5,46.6,46.2,34.6,19.2,26,52.5,38.5,10,30.8,8,19.2,5,11.5,3,"4","1.86","1.9","1.84","0",,,,"0.64","87.7",,,,,,,,,,,,,,,,,,,,,,,,"27.3"
"Hernández, Heriberto",681715,2026,26,43,50,7,6,0,1,0,10,7,20,14,".163",".209",".280","0.489","0.046",".212","5","25","9","0","3","12","76","29","0","14","1","14","0","0","0","0","4","0","33","3","0","9","14","2","1","0","0","0","1","0","0","0","0","0","20","0","0","0","0","0","1","0","0","3","3","0","0","79","0","97","20","176",,"1","1","0","0",".216",".309",".242",".295",".326",".093",".215",".295",".212",".282","-0.053","-0.100","-0.053","74.1",45.8,21.4,15.3,50,35.6,"7.7",2,11.5,-0.8,71.2,26.4,"90.4","8",18.2,2,6.1,6.1,15.2,21.2,45.5,6.1,42.4,"100.725058824","94.783472424",64.2,21.2,16.8,62.5,37.5,10,16,54,95,78.6,8,31,99,35,176,78.8,11,52,46,81,38.6,68,30.9,38.6,48.5,39.4,12.1,33,58,54.5,18,27.3,9,15.2,5,3,1,,,,,,,,,,,"0","0","3","0.0","0","0",,"0","0",,"2","2","100.0","2","2","100.0","-0.1","0.7","0","0.6","33.6",,"4.39","28.3"
"Walker, Jordan",691023,2026,24,64,70,21,11,2,0,8,19,6,27.1,8.6,".328",".734",".386","1.120","0.406",".351","15","28","47","0","2","17","80","39","0","45","2","17","0","0","1","0","3","8","45","10","0","8","12","1","3","0","0","0","0","0","0","0","0","0","35","0","0","0","0","0","0","0","0","15","2","0","0","92","0","167","35","259",,"0","1","0","0",".327",".758",".482",".476",".385",".431",".655",".646",".467",".465",".001","-0.024",".006","78.1",80.5,27.8,19.5,34.2,23.9,"8.1",2,8.5,-5.1,61.1,32.4,"95.8","14.1",46.7,11,24.4,6.7,22.2,20,26.7,0,62.2,"106.595854783","98.805190889",70.8,21.7,27.9,50,50,18,36,49.8,129,71.4,8.1,41,144,42,259,78.3,20,92,50.2,130,40.2,104,29.7,49.4,28.9,42.2,28.9,45,60,33.3,15,35.6,16,24.4,11,6.7,3,,,,,,,,,,,"0","0","3","0.0","0","0",,"0","0",,"4","5","80.0","4","4","100.0","-1.3","-1.3","0.4","-2.2","31.3","1",,"28.9"
"Murray, Tanner",695020,2026,26,15,15,3,2,0,0,1,2,0,13.3,0,".200",".400",".200","0.600","0.200",".167","2","4","6","0","0","5","15","10","0","3","0","6","0","0","0","0","2","1","13","0","0","4","3","0","3","0","0","0","4","0","0","0","0","0","6","0","0","0","0","0","0","0","0","1","0","0","0","15","0","33","6","48",,"0","2","0","0",".165",".366",".262",".223",".165",".201",".302",".257",".231",".190",".035",".034",".039","74.8",52.6,21.4,15.8,50,36.8,"7.5",0,11.7,-1.2,68.4,24.2,"88.9","32.8",23.1,1,7.7,23.1,0,30.8,30.8,7.7,46.2,"99.35301","94.106510833",58.3,14.3,37.5,44.4,55.6,4,9,50,24,,0,8,34,2,48,85.7,2,14,50,24,37.5,18,26.1,47.9,38.5,30.8,30.8,13,86.7,38.5,5,38.5,5,0,0,23.1,3,,,,,,,,,,,,,,,,,,,,,,,,,,,,,,,,,,"26.5"
"Lukes, Nathan",664770,2026,31,28,31,2,2,0,0,0,6,1,19.4,3.2,".071",".071",".129","0.200","0.000",".087","2","15","2","0","0","8","39","21","0","46","2","12","1","0","0","1","0","0","23","2","0","5","9","3","4","0","0","0","3","1","0","0","0","1","9","0","0","0","0","0","0","0","0","2","0","0","0","42","1","102","9","144",,"0","1","0","0",".193",".252",".106",".221",".239",".059",".079",".234",".087",".235","-0.122","-0.181","-0.115","67.1",0,5.2,4.3,17.2,14.5,"6.3",0,3.2,7.9,33.3,32.8,"85","22.1",26.1,0,0,8.7,17.4,39.1,30.4,4.3,26.1,"94.388991667","91.676205217",69,18.4,43.8,9.4,90.6,3,32,50.7,73,81.3,11.1,14,91,31,144,81.6,9,49,49.3,71,37.5,54,14.8,56.3,30.4,39.1,30.4,23,71,39.1,9,21.7,5,21.7,5,17.4,4,,,,,,,,,,,"0","0","2","0.0","0","0",,"1","2","50.0","2","2","100.0","2","2","100.0","-0.9","-1","0.7","-1.2","31.1",,,"26.2"
"Keith, Colt",690993,2026,24,54,57,18,11,7,0,0,13,3,22.8,5.3,".333",".463",".368","0.831","0.130",".439","4","23","25","0","0","14","75","41","0","31","0","16","0","0","0","0","9","4","41","5","0","8","8","5","2","0","0","0","4","0","0","5","0","0","19","0","0","0","0","0","0","0","0","10","0","0","0","79","0","134","19","213",,"0","0","0","0",".293",".495",".372",".355",".331",".202",".465",".442",".439",".386",".040","-0.032",".017","72.7",22.6,27.7,21.4,49.2,38.1,"7.1",1,11.2,-1.4,53.6,32.6,"93.9","13.7",41.5,4,9.8,4.9,36.6,24.4,22,2.4,56.1,"102.393941905","96.518303171",62.7,14.9,20,52.6,47.4,10,19,44.6,95,80,9.4,55,105,41,213,85.1,11,74,55.4,118,41.8,89,22.6,43.7,34.1,41.5,24.4,41,59.6,41.5,17,29.3,12,24.4,10,4.9,2,,,,,,,,,,,,,,,,,,,,,,,,,,,,,,,,"1",,"28.5"
"Smith, Cam",701358,2026,23,64,72,18,11,4,0,3,17,7,23.6,9.7,".281",".484",".361","0.845","0.203",".341","9","32","31","0","3","18","100","49","0","59","0","18","2","0","0","1","5","3","47","10","0","9","15","3","2","0","0","0","0","0","0","0","0","0","42","0","0","0","0","0","0","0","0","12","3","0","0","110","0","197","42","307",,"0","0","0","0",".300",".528",".378",".393",".379",".228",".458",".482",".383",".411","-0.019","-0.044","-0.015","77.9",78.9,19.6,14.3,27.8,20.3,"7.9",2,12.1,-4.2,42.3,36.5,"90.7","9.1",27.7,8,17,2.1,34,14.9,21.3,8.5,53.2,"104.224287826","96.943525",64.2,13.7,33.3,54.7,45.3,29,53,51.8,159,76.7,9.8,27,162,79,307,86.3,13,95,48.2,148,39.4,121,28.4,48.2,29.8,38.3,31.9,47,66.7,42.6,20,25.5,12,27.7,13,4.3,2,,,,,,,,,,,"4","2","6","33.3","1","1","100.0","2","2","100.0","4","4","100.0","3","3","100.0","0.7","2.9","0.1","3.7","37.2","5",,"29.3"
"Moreno, Gabriel",672515,2026,26,40,45,11,6,5,0,0,8,3,17.8,6.7,".275",".400",".333","0.733","0.125",".333","5","12","16","0","0","9","59","36","0","36","0","13","0","0","0","1","1","3","33","7","0","10","6","2","3","0","0","0","0","0","0","2","0","1","21","0","0","0","0","0","0","0","0","6","0","0","0","68","1","127","21","195",,"0","0","0","0",".257",".426",".329",".337",".330",".169",".361",".372",".333",".328",".018","-0.026","-0.008","71.9",26.8,14.9,12.2,29.9,24.4,"7.3",2,13.5,-4.9,43.9,34.4,"87.4","23.1",36.4,3,9.1,6.1,30.3,33.3,15.2,6.1,42.4,"99.265917059","93.803654242",57,17.8,39.7,30.4,69.6,14,46,59.5,116,55.6,4.6,35,105,40,195,82.2,8,45,40.5,79,39.5,77,24.2,46.7,42.4,18.2,39.4,33,57.8,21.2,7,39.4,13,30.3,10,9.1,3,"3","1.89","1.91","1.87","0",,,,"0.62","81.1",,,,,,,,,,,,,,,,,,,,,,,,"26.3"
"Palacios, Richie",680700,2026,29,19,25,4,3,0,0,1,3,4,12,16,".211",".368",".400","0.768","0.157",".200","3","8","7","1","2","6","40","20","0","17","0","9","0","0","0","2","1","1","16","2","0","4","5","1","2","0","0","0","4","0","0","0","0","0","6","1","0","0","0","0","1","0","0","5","2","0","0","43","0","59","6","102",,"1","0","0","0",".261",".501",".367",".419",".438",".240",".302",".384",".250",".310","-0.050","-0.133","-0.052","69.3",5.9,17.9,14.7,35.7,29.4,"7",0,5.5,-2.9,52.9,24.4,"91.5","17",31.3,2,12.5,0,18.8,31.3,37.5,0,50,"100.22033","94.878576875",59.2,3.4,18.9,50,50,5,10,52,53,85.7,6.9,12,68,15,102,96.6,1,29,48,49,46.1,47,15.4,38.2,31.3,43.8,25,16,52,37.5,6,31.3,5,18.8,3,12.5,2,,,,,,,,,,,,,,,,,,,,,,,,,,,,,,,,,,"26.9"
"Peña, Jeremy",665161,2026,28,43,46,11,7,4,0,0,6,3,13,6.5,".256",".349",".304","0.653","0.093",".297","0","18","15","0","1","11","57","16","0","43","2","10","0","0","0","0","3","1","37","7","0","12","10","2","2","0","0","0","1","0","0","0","0","0","20","0","0","0","0","0","0","0","0","5","1","0","0","62","0","118","20","180",,"0","1","0","0",".330",".449",".297",".361",".374",".118",".312",".391",".297",".384","-0.074","-0.100","-0.064","72.2",13,9.6,7.6,32.9,26.1,"7.3",2,11.6,-7.5,67.4,31.4,"86.1","18.3",40.5,1,2.7,10.8,27,27,27,5.4,29.7,"97.391939474","92.871165405",80.4,12.2,31.8,46.4,53.6,13,28,48.9,88,100,7.8,29,84,45,180,87.8,9,74,51.1,92,42.2,76,21.6,56.7,45.9,37.8,16.2,37,71.7,35.1,13,35.1,13,24.3,9,5.4,2,,,,,,,,,,,,,,,,,,,,,,,,,,,,,,,,,,"28.4"
"Bart, Joey",663698,2026,29,22,26,3,2,0,0,1,11,2,42.3,7.7,".136",".273",".231","0.504","0.137",".182","3","12","6","0","0","7","33","16","0","22","2","9","0","0","0","1","2","1","12","0","0","3","5","0","1","0","0","0","3","0","0","1","0","1","13","0","0","0","0","0","0","0","0","2","0","0","0","37","1","68","13","105",,"0","0","0","0",".077",".114",".234",".154",".181",".037",".327",".153",".250",".142",".059",".159",".080","74.5",42.6,9.4,6.4,12.5,8.5,"7.3",1,9,-5.3,40.4,34.4,"81.8","9.1",25,0,0,8.3,0,33.3,50,8.3,25,"94.91402","91.819308333",68.8,24.2,33.3,52.6,47.4,10,19,54.3,57,75,7.6,15,60,20,105,75.8,8,33,45.7,48,40,42,34.6,49.5,41.7,50,8.3,12,61.5,58.3,7,33.3,4,0,0,8.3,1,"5","1.94","1.92","2.03","2","1.51","1.51",,"0.65","83.7",,,,,,,,,,,,,,,,,,,,,,,,"26.2"
"Hernaiz, Darell",687231,2026,24,16,17,3,3,0,0,0,5,1,29.4,5.9,".188",".188",".235","0.423","0.000",".273","0","4","3","0","1","2","18","9","0","21","0","10","0","0","0","0","2","0","11","1","0","2","3","2","1","0","0","0","0","1","0","0","0","0","12","0","0","0","0","0","0","0","0","0","1","0","0","20","0","53","12","73",,"0","0","0","0",".201",".231",".202",".218",".248",".030",".248",".273",".273",".292","-0.013","-0.043","-0.016","68.3",10,6.5,5,19.4,15,"7.1",3,7.3,-1.5,40,33,"85.4","13.2",36.4,0,0,0,36.4,45.5,18.2,0,27.3,"96.195195","92.513344545",77.4,29.2,48.8,25,75,5,20,56.9,41,85.7,9.7,9,39,21,73,70.8,7,24,43.1,31,38.9,28,27.3,60.3,36.4,18.2,45.5,11,47.1,45.5,5,18.2,2,27.3,3,9.1,1,,,,,,,,,,,,,,,,,,,,,,,,,,,,,,,,,,
"Neto, Zach",687263,2026,25,73,86,17,9,3,0,5,25,13,29.1,15.1,".233",".479",".349","0.828","0.246",".279","9","37","35","1","1","19","130","46","0","65","4","18","0","0","0","0","2","7","48","8","0","14","12","3","2","0","1","0","0","0","0","0","0","0","50","1","0","0","0","0","1","0","0","16","1","0","0","141","0","215","50","356",,"1","1","0","0",".206",".421",".367",".327",".326",".215",".471",".402",".354",".313",".027",".058",".040","70.3",6.2,9.4,6.2,27.1,17.8,"7.1",1,24.7,-9.2,24.7,40.8,"89.7","25",33.3,6,12.5,6.3,14.6,37.5,22.9,6.3,37.5,"99.604187083","94.144070426",73.5,18.4,27.4,61.8,38.2,34,55,56.5,201,86.7,8.4,42,164,117,356,81.6,21,114,43.5,155,36,128,32.5,47.5,52.1,27.1,20.8,48,58.8,29.2,14,43.8,21,22.9,11,4.2,2,,,,,,,,,,,,,,,,,,,,,,,,,,,,,,,,,,"27.0"
"Busch, Michael",683737,2026,28,56,66,9,7,2,0,0,13,9,19.7,13.6,".161",".196",".273","0.469","0.035",".205","3","30","11","0","0","16","101","38","0","34","2","16","1","0","0","0","4","1","44","4","0","13","17","3","2","0","0","0","2","0","0","0","0","1","22","0","0","0","0","0","0","0","0","7","0","0","0","105","1","143","22","248",,"0","2","0","0",".176",".263",".233",".258",".286",".087",".204",".241",".205",".224","-0.015","-0.067","-0.025","66.9",2.1,9.5,7.4,40.5,31.9,"6.9",7,14.6,-2,53.2,35,"84.7","14.3",25,2,4.5,6.8,11.4,31.8,38.6,6.8,31.8,"96.350043182","92.200410682",63,11.8,26.4,51.4,48.6,19,37,56.5,140,85.7,5.6,25,151,61,248,88.2,8,68,43.5,108,47.2,117,25.7,42.3,36.4,34.1,29.5,44,62.1,47.7,21,31.8,14,15.9,7,4.5,2,,,,,,,,,,,,,,,,,,,,,,,,,,,,,,,,,"4.68","25.6"
"Fraley, Jake",641584,2026,31,32,36,7,4,3,0,0,7,4,19.4,11.1,".219",".313",".306","0.619","0.094",".280","1","18","10","0","0","7","66","24","0","25","1","11","0","0","0","0","2","0","25","5","0","8","3","2","5","0","0","0","3","0","0","0","0","0","14","0","0","0","0","0","0","0","0","2","0","0","0","70","0","89","14","159",,"0","0","0","0",".197",".300",".288",".269",".287",".103",".301",".274",".280",".253",".022",".013",".019","72.6",28.8,6.5,5.1,28.3,22,"7",0,9.4,-7,54.2,35.8,"87.9","29.8",36,1,4,12,24,48,8,4,24,"96.045471538","92.1970352",64.1,8,18.5,73.3,26.7,11,15,50.9,81,85.7,4.4,28,92,31,159,92,4,50,49.1,78,39.6,63,23.1,40.9,40,20,40,25,38.9,20,5,32,8,28,7,20,5,,,,,,,,,,,,,,,,,,,,,,,,,,,,,,,,,,"27.1"
"Schwarber, Kyle",656941,2026,33,59,75,14,5,3,0,6,26,13,34.7,17.3,".237",".593",".400","0.993","0.356",".296","12","21","35","0","0","10","130","56","0","43","4","17","0","0","0","3","1","6","33","7","0","10","5","1","3","0","0","0","0","0","0","17","0","0","31","0","0","0","0","0","0","0","0","12","0","0","0","136","0","168","31","304",,"0","0","0","0",".234",".559",".434",".413",".397",".326",".639",".592",".424",".418",".003",".034",".021","75.9",63.9,18.1,13.4,25,18.6,"7.3",8,12.5,-6.9,72.2,28.9,"93.6","27.7",45.5,9,27.3,6.1,15.2,33.3,18.2,0,51.5,"102.756264706","96.130201515",60.3,24.4,17.9,53.3,46.7,16,30,55.3,168,78.9,6.3,48,134,97,304,75.6,20,82,44.7,136,43.8,133,32.1,36.8,39.4,36.4,24.2,33,49.3,18.2,6,48.5,16,24.2,8,9.1,3,,,,,,,,,,,,,,,,,,,,,,,,,,,,,,,,,,"25.5"
"Durbin, Caleb",702332,2026,26,55,62,7,5,2,0,0,9,5,14.5,8.1,".127",".164",".226","0.390","0.037",".152","6","31","9","1","0","17","71","45","0","31","0","16","2","0","0","2","4","1","46","2","0","4","25","7","3","0","0","0","2","0","0","0","0","0","14","1","0","0","0","0","0","0","0","6","0","0","0","81","0","137","14","218",,"0","0","0","0",".204",".244",".196",".255",".295",".040",".155",".233",".152",".245","-0.077","-0.080","-0.059","67.2",1.3,4.4,3.8,36.8,31.3,"6.8",2,8.9,-2.6,57.5,27.6,"85","5.8",23.9,0,0,2.2,21.7,23.9,41.3,8.7,23.9,"95.455084545","91.740078864",58.7,10.9,25.7,28.6,71.4,8,28,50,109,85.7,6.4,25,132,41,218,89.1,7,64,50,109,45,98,16.3,42.2,50,32.6,17.4,46,62.9,63,29,10.9,5,19.6,9,6.5,3,,,,,,,,,,,,,,,,,,,,,,,,,,,,,,,,,"4.48","28.0"
"Merrill, Jackson",701538,2026,23,64,71,16,9,4,0,3,11,6,15.5,8.5,".250",".453",".314","0.767","0.203",".260","11","31","29","0","4","21","95","21","0","63","3","17","4","0","1","0","5","5","54","6","0","10","19","5","4","0","1","0","0","0","0","0","1","0","38","0","0","0","0","0","0","0","0","14","4","0","0","100","1","181","38","281",,"0","0","0","0",".253",".518",".337",".352",".317",".265",".372",".392",".302",".305","-0.003","-0.065","-0.015","73.3",28.7,15,11,26,19.1,"7.7",2,10.2,-0.7,47.1,39.5,"88.5","13.8",25.9,7,13,5.6,16.7,24.1,33.3,7.4,50,"100.871589259","94.902115849",81.7,21.4,38.5,35.5,64.5,22,62,57.3,161,94.1,6,58,165,35,281,78.6,21,98,42.7,120,44.5,125,26.9,56.9,38.9,33.3,27.8,54,65.7,44.4,24,27.8,15,20.4,11,7.4,4,,,,,,,,,,,"1","0","1","0.0","0","1","0.0","2","2","100.0","0","0",,"3","3","100.0",,,,,,"1","4.24","28.6"
"Robert Jr., Luis",673357,2026,28,54,66,14,12,0,0,2,14,12,21.2,18.2,".259",".370",".394","0.764","0.111",".316","7","23","20","1","2","13","106","47","0","45","1","16","2","0","0","0","7","2","40","5","0","8","16","0","2","0","0","0","0","1","0","0","0","0","27","1","0","0","0","0","0","0","0","9","2","0","0","117","0","162","27","279",,"0","1","1","0",".251",".415",".359",".362",".387",".165",".378",".384",".350",".338",".008","-0.045","-0.003","75.4",55.8,16,12.5,25.9,20.2,"7.7",3,9.5,-3.7,47.1,35.4,"89.5","7.8",15,2,5,7.5,27.5,17.5,37.5,5,42.5,"101.8481845","95.545569",59.5,15.3,27.2,44.2,55.8,19,43,56.6,158,83.3,6.5,26,157,72,279,84.7,11,72,43.4,121,37.3,104,26.1,41.2,30,45,25,40,59.1,57.5,23,25,10,12.5,5,5,2,,,,,,,,,,,"-2","0","2","0.0","0","0",,"1","4","25.0","3","4","75.0","4","4","100.0","-0.4","-2.2","0.4","-2.2","33","2","4.34","28.8"
"Tucker, Kyle",663656,2026,29,62,75,15,13,1,0,1,17,12,22.7,16,".242",".306",".360","0.666","0.064",".311","10","37","19","0","3","21","102","32","0","67","4","17","0","0","0","0","6","2","46","7","0","11","14","3","3","0","0","0","0","0","0","0","0","1","33","0","0","0","0","0","0","0","0","13","2","1","0","109","1","185","33","294",,"0","1","0","0",".218",".298",".317",".303",".343",".080",".331",".308",".326",".299",".024",".008",".014","71.4",24.8,7.6,5.8,26.7,20.4,"7.3",3,8.2,-5.9,42.3,35.3,"87.3","13.2",30.4,1,2.2,4.3,32.6,26.1,26.1,8.7,39.1,"98.085306522","93.217785435",78.9,18.3,23.2,54.5,45.5,18,33,48.3,142,84.6,8.8,66,153,62,294,81.7,22,120,51.7,152,36.4,107,26.1,52,43.5,32.6,23.9,46,72,43.5,20,28.3,13,21.7,10,6.5,3,,,,,,,,,,,"0","0","2","0.0","0","0",,"0","0",,"2","3","66.7","2","2","100.0","-0.5","-1.9","0.4","-2","28.8",,,"26.2"
"Greene, Riley",682985,2026,25,63,72,15,10,4,0,1,16,9,22.2,12.5,".238",".349",".333","0.682","0.111",".304","10","36","22","1","1","19","120","56","0","47","3","17","2","0","0","0","7","3","47","5","0","13","17","1","1","0","0","0","0","0","0","3","0","0","37","1","0","0","0","0","0","0","0","11","1","0","0","128","0","190","37","318",,"0","0","0","0",".263",".519",".316",".379",".355",".256",".349",".444",".319",".353","-0.025","-0.170","-0.063","75.8",60.7,25,17.1,33.8,23.1,"7.4",1,15,-0.7,43.6,43.8,"89","10.3",29.8,6,12.8,6.4,25.5,21.3,25.5,8.5,51.1,"102.34560625","95.842274468",62.3,18.1,24,57.5,42.5,23,40,52.5,167,78.9,6,75,168,48,318,81.9,17,94,47.5,151,42.1,134,29.9,42.1,25.5,48.9,25.5,47,54.2,51.1,24,34,16,12.8,6,2.1,1,,,,,,,,,,,"0","0","2","0.0","0","0",,"1","1","100.0","0","0",,"4","4","100.0",,,,,,,,"26.8"
"Duran, Ezequiel",677649,2026,27,33,36,8,6,1,0,1,10,3,27.8,8.3,".242",".364",".306","0.670","0.122",".318","4","16","12","0","2","10","47","21","0","22","5","14","1","0","0","0","3","1","23","4","0","1","9","3","2","0","0","0","2","2","0","0","0","0","20","0","0","0","0","0","0","0","0","4","2","0","0","50","0","93","20","143",,"0","0","0","0",".256",".351",".305",".300",".318",".095",".385",".377",".348",".367","-0.014",".013",".005","72.7",30.2,16.7,11.1,35.7,23.8,"7.1",2,5.2,3.9,46,27.3,"91.7","9.8",30.4,1,4.3,0,30.4,21.7,39.1,4.3,47.8,"101.108260909","94.972763636",66.2,18.6,37.2,58.6,41.4,17,29,54.5,78,75,8.4,18,77,23,143,81.4,8,43,45.5,65,38.5,55,34.7,50.3,34.8,34.8,30.4,23,61.1,52.2,12,8.7,2,30.4,7,8.7,2,,,,,,,,,,,,,,,,,,,,,,,,,,,,,,,,"2",,"29.0"
"Jensen, Carter",695600,2026,22,45,49,10,5,1,0,4,16,3,32.7,6.1,".222",".511",".265","0.776","0.289",".231","9","18","23","0","0","11","84","37","0","27","2","16","0","0","0","0","5","3","30","2","0","5","12","2","1","0","0","0","2","0","0","9","0","1","28","0","0","0","0","0","0","0","0","6","0","0","0","87","1","126","28","213",,"0","1","0","0",".222",".461",".335",".312",".268",".239",".476",".438",".333",".337",".000",".050",".023","74.8",44.7,13.5,9.2,25,17.1,"7.1",5,6.4,-9.8,53.9,24.8,"89.2","5",26.7,5,16.7,0,16.7,20,33.3,13.3,46.7,"104.839782667","96.629151667",62.6,21.1,26.4,62.5,37.5,20,32,57.1,121,71.4,6.6,38,117,43,213,78.9,12,57,42.9,91,43.4,92,36,41.8,60,23.3,16.7,30,59.2,56.7,17,26.7,8,13.3,4,3.3,1,"2","1.89","1.96","1.82","0",,,,"0.62","83.9",,,,,,,,,,,,,,,,,,,,,,,,"27.0"
"Benintendi, Andrew",643217,2026,31,40,44,7,5,1,1,0,20,4,45.5,9.1,".175",".250",".250","0.500","0.075",".350","2","18","10","0","0","8","56","19","0","39","0","15","0","0","0","0","1","0","20","6","0","7","4","1","1","0","0","0","3","0","0","8","0","0","37","0","0","0","0","0","0","0","0","2","0","0","0","60","0","118","37","178",,"0","0","0","0",".188",".303",".235",".257",".264",".115",".374",".433",".350",".386","-0.013","-0.053","-0.022","69.3",6.7,8.9,5.6,26.8,16.9,"7.2",2,19.6,-9.5,39.3,32.2,"89.8","19.8",45,2,10,10,30,30,10,5,60,"98.549403","94.587502105",76.8,30.2,37.5,58.3,41.7,21,36,53.9,96,75,6.7,31,87,50,178,69.8,19,63,46.1,82,37.1,66,40.4,55.6,70,20,10,20,63.6,25,5,35,7,35,7,5,1,,,,,,,,,,,,,,,,,,,,,,,,,,,,,,,,,,"25.7"
"Griffin, Konnor",804606,2026,20,37,43,7,5,2,0,0,12,3,27.9,7,".189",".243",".279","0.522","0.054",".269","5","16","9","0","1","7","49","26","0","30","1","11","1","0","0","2","3","1","26","3","0","3","11","2","2","0","0","0","0","0","0","0","0","1","26","0","0","0","0","0","0","0","0","5","1","0","0","55","1","110","26","165",,"0","0","0","0",".173",".260",".250",".249",".272",".087",".274",".273",".269",".257",".016","-0.017",".001","74.5",47.9,10,6.8,26,17.8,"7.8",2,9.4,-3,38.4,30.1,"86.7","7.1",26.9,2,7.7,7.7,15.4,19.2,46.2,3.8,26.9,"99.561477692","93.892891538",63.9,13,40.9,57.9,42.1,22,38,56.4,93,73.3,9.1,23,90,38,165,87,6,46,43.6,72,41.8,69,33.3,50.9,42.3,26.9,30.8,26,62.8,53.8,14,15.4,4,23.1,6,7.7,2,,,,,,,,,,,,,,,,,,,,,,,,,,,,,,,,"5","4.28","29.3"
"Harris, Dustin",687957,2026,26,12,16,3,2,1,0,0,1,4,6.3,25,".250",".333",".438","0.771","0.083",".273","1","3","4","0","2","3","22","13","0","1","0","6","0","0","0","0","0","0","11","3","0","2","4","1","1","0","0","0","0","0","0","0","0","0","3","0","0","0","0","0","0","0","0","2","2","0","0","25","0","28","3","53",,"0","0","0","0",".298",".368",".372",".393",".474",".070",".283",".313",".273",".325","-0.048","-0.035","-0.021","67",7.7,20,15.4,70,53.8,"6.4",0,9.7,-6.1,46.2,40.1,"85.4","19.1",45.5,0,0,9.1,27.3,27.3,36.4,0,18.2,"94.022916667","91.399514545",40.9,11.1,19.4,33.3,66.7,2,6,58.5,31,50,7.5,11,26,12,53,88.9,1,9,41.5,22,30.2,16,20,28.3,45.5,45.5,9.1,11,62.5,36.4,4,18.2,2,36.4,4,9.1,1,,,,,,,,,,,,,,,,,,,,,,,,,,,,,,,,,,"26.3"
"Mead, Curtis",678554,2026,25,29,33,7,4,2,0,1,4,4,12.1,12.1,".241",".414",".333","0.747","0.173",".250","5","15","12","0","2","9","48","31","0","30","0","11","0","0","0","0","4","1","25","2","0","5","9","3","1","0","0","0","2","0","0","1","0","0","7","0","0","0","0","0","0","0","0","4","2","0","0","53","0","93","7","146",,"0","0","0","0",".290",".457",".339",".370",".376",".167",".333",".374",".280",".337","-0.049","-0.043","-0.031","71.9",21.8,15.7,14.5,31.4,29.1,"7.1",0,3.7,-2.5,45.5,32.3,"90.5","8",28,2,8,4,24,24,40,0,44,"100.969605385","94.8788732",61.1,2.3,24.3,33.3,66.7,6,18,50.7,74,50,4.1,17,82,34,146,97.7,1,44,49.3,72,43.2,63,11.3,42.5,60,28,12,25,72.7,52,13,24,6,20,5,4,1,,,,,,,,,,,,,,,,,,,,,,,,,,,,,,,,,,"26.6"
"Julien, Edouard",666397,2026,27,35,39,11,9,1,0,1,9,4,23.1,10.3,".314",".429",".385","0.814","0.115",".400","5","11","15","2","2","6","62","28","0","21","2","15","1","0","1","0","4","2","26","5","0","1","10","4","0","0","0","0","7","1","0","5","0","0","12","2","0","0","0","0","1","0","0","5","2","0","0","65","0","89","12","154",,"1","0","0","0",".274",".467",".370",".356",".349",".193",".446",".424",".423",".369",".040","-0.038",".014","71.4",17.6,23.1,17.6,46.2,35.3,"7",1,11.1,5.8,37.3,43.1,"91.7","1.9",46.2,3,11.5,7.7,19.2,7.7,50,3.8,46.2,"100.828322308","94.966686923",59.7,19.6,19.5,33.3,66.7,5,15,50,77,83.3,3.9,34,70,39,154,80.4,9,46,50,77,41.6,64,23,39.6,38.5,30.8,30.8,26,51.3,53.8,14,11.5,3,34.6,9,0,0,,,,,,,,,,,,,,,,,,,,,,,,,,,,,,,,,"4.48","26.1"
"Donovan, Brendan",680977,2026,29,48,60,14,8,3,0,3,10,7,16.7,11.7,".292",".542",".417","0.959","0.250",".306","6","20","26","1","1","11","86","41","0","29","4","15","0","0","0","4","4","3","39","7","0","5","14","1","5","0","0","0","0","0","0","0","0","1","18","1","0","0","0","0","0","0","0","6","0","1","0","92","1","132","18","224",,"0","0","0","0",".231",".349",".424",".331",".369",".117",".448",".306",".359",".285",".061",".193",".093","68.4",0,9.7,7.3,35.5,26.8,"6.9",1,11,-2.9,69.5,28.3,"84.7","12.7",38.5,2,5.1,10.3,20.5,20.5,35.9,7.7,28.2,"95.719457","91.969024615",58.8,12.3,26.8,47.1,52.9,16,34,56.7,127,64.3,6.3,30,136,50,224,87.7,7,57,43.3,97,38.8,87,25.3,40.6,48.7,30.8,20.5,39,41.7,46.2,18,20.5,8,20.5,8,12.8,5,,,,,,,,,,,,,,,,,,,,,,,,,,,,,,,,,,"25.2"
"Judge, Aaron",592450,2026,34,64,74,15,7,2,0,6,22,8,29.7,10.8,".234",".547",".329","0.876","0.313",".250","12","24","35","1","3","11","118","59","1","63","1","17","2","0","0","1","3","8","42","4","0","5","16","3","3","0","0","0","0","0","0","1","0","0","42","1","0","0","0","0","0","0","0","14","3","0","0","130","0","207","42","337",,"0","1","0","1",".271",".653",".384",".427",".361",".382",".515",".588",".357",".414","-0.037","-0.106","-0.043","75.8",57.7,18.1,13.1,26.6,19.2,"8.2",5,14,-7.3,47.7,37.6,"90.9","8.2",35.7,12,28.6,4.8,16.7,11.9,33.3,4.8,52.4,"105.743407619","97.308908571",64.7,21.2,26.6,44.9,55.1,22,49,54.6,184,57.7,7.7,69,155,77,337,78.8,21,99,45.4,153,42.1,142,29.1,43.9,50,33.3,16.7,42,56.8,45.2,19,31,13,16.7,7,7.1,3,,,,,,,,,,,"0","0","0",,"0","0",,"0","0",,"0","0",,"3","3","100.0",,,,,,,"4.85","26.6"
"Lee, Brooks",686797,2026,25,50,53,12,8,1,0,3,11,2,20.8,3.8,".240",".440",".283","0.723","0.200",".250","10","23","22","0","0","14","46","30","0","39","0","16","0","0","0","1","5","3","39","4","0","7","12","3","5","0","0","0","0","1","0","0","0","0","21","0","0","0","0","0","0","0","0","4","0","0","0","61","0","132","21","193",,"0","0","0","0",".186",".312",".322",".241",".232",".125",".382",".272",".308",".239",".054",".128",".081","70",7,8.5,7,32.4,26.7,"7.1",3,13.7,-7.7,57,31,"88.2","15.7",28.2,2,5.1,7.7,17.9,30.8,30.8,7.7,38.5,"97.882774737","93.074938378",70.5,9.7,38.1,45,55,18,40,54.4,105,77.8,4.7,53,77,54,193,90.3,6,62,45.6,88,38.9,75,23.5,52.8,46.2,33.3,20.5,39,71.7,43.6,17,25.6,10,17.9,7,12.8,5,,,,,,,,,,,,,,,,,,,,,,,,,,,,,,,,,,"26.0"
"Lee, Jung Hoo",808982,2026,27,58,65,12,6,5,0,1,10,5,15.4,7.7,".207",".345",".262","0.607","0.138",".224","7","21","20","0","0","14","94","52","0","43","4","17","2","0","0","0","6","2","50","4","0","10","19","8","0","0","0","0","0","0","0","0","0","2","13","0","0","0","0","0","0","0","0","4","0","0","0","97","2","162","13","259",,"0","1","0","0",".250",".329",".271",".291",".308",".079",".281",".307",".240",".301","-0.043",".016","-0.020","68.5",4.1,11,9.3,41.5,35.1,"7.6",1,4.9,-4.8,28.9,38.4,"88.9","11.3",32,1,2,10,24,26,36,2,38,"97.4530336","92.9744544",56.6,4.3,29.9,34.1,65.9,14,41,52.9,137,52.4,8.1,30,155,56,259,95.7,3,69,47.1,122,44,114,15.5,42.5,30,40,30,50,52.3,50,25,24,12,26,13,0,0,,,,,,,,,,,"-1","0","3","0.0","0","1","0.0","0","1","0.0","6","7","85.7","4","4","100.0","0.5","-0.4","0.3","0.4","33.1",,"4.34","27.1"
"Lowe, Nathaniel",663993,2026,30,19,23,4,2,2,0,0,4,4,17.4,17.4,".211",".316",".348","0.664","0.105",".267","5","15","6","0","0","11","38","19","0","19","1","10","0","0","0","0","1","0","15","3","0","0","7","4","0","0","0","0","1","1","0","4","0","0","6","0","0","0","0","0","0","0","0","0","0","0","0","39","0","62","6","101",,"0","0","0","0",".255",".329",".315",".331",".385",".074",".294",".318",".267",".323","-0.044","-0.013","-0.016","74.8",46.2,12.5,10.3,31.3,25.6,"7.7",2,9.6,0.2,53.8,30.6,"89.8","0.8",46.7,0,0,13.3,26.7,6.7,46.7,6.7,53.3,"101.37540625","95.657349333",63,13.8,25.5,35.7,64.3,5,14,54.5,55,83.3,5.9,19,57,20,101,86.2,4,29,45.5,46,54.5,55,20.9,42.6,60,26.7,13.3,15,73.9,53.3,8,0,0,46.7,7,0,0,,,,,,,,,,,,,,,,,,,,,,,,,,,,,,,,,,"25.0"
"Henderson, Gunnar",683002,2026,25,72,81,16,6,3,1,6,23,8,28.4,9.9,".222",".542",".309","0.851","0.320",".233","13","32","39","1","3","18","118","50","0","65","3","17","1","0","0","1","2","6","49","8","0","9","16","3","5","0","0","0","0","0","0","1","0","0","39","1","0","0","0","0","1","0","0","12","3","0","0","130","0","207","39","337",,"1","1","0","0",".229",".426",".371",".326",".314",".197",".482",".407",".327",".336","-0.007",".116",".045","74.5",47.5,13.1,9.9,27.1,20.6,"7.5",3,14.1,-4.5,53.9,30,"90.6","18.9",34.7,6,12.2,8.2,20.4,26.5,30.6,2,46.9,"100.17757","94.888618571",65.3,21.4,31.6,37.3,62.7,22,59,55.5,187,72.7,6.5,91,158,69,337,78.6,21,98,44.5,150,41.2,139,27.4,46.6,49,34.7,16.3,49,64.2,36.7,18,30.6,15,22.4,11,10.2,5,,,,,,,,,,,,,,,,,,,,,,,,,,,,,,,,,"4.41","27.8"
"Díaz, Yandy",650490,2026,34,63,73,23,18,1,1,3,8,6,11,8.2,".365",".556",".452","1.008","0.191",".385","15","16","35","0","1","16","94","44","0","41","4","16","1","0","0","4","11","4","55","8","0","10","17","2","3","0","1","0","1","0","0","16","0","0","13","0","0","0","0","0","0","0","0","9","1","0","0","98","0","157","13","255",,"0","1","0","0",".279",".451",".447",".365",".378",".173",".466",".359",".418",".319",".086",".105",".082","74.5",44.6,24.4,20.8,36,30.7,"7.7",0,2.1,7.7,32.7,24.2,"91.9","5.7",18.2,4,7.3,3.6,23.6,21.8,41.8,1.8,49.1,"103.601919286","96.237551455",66.2,14.8,20.5,16,84,4,25,47.8,122,75,7.8,22,159,43,255,85.2,13,88,52.2,133,44.3,113,15,44.3,18.2,43.6,38.2,55,66.7,50.9,28,25.5,14,18.2,10,5.5,3,,,,,,,,,,,,,,,,,,,,,,,,,,,,,,,,,"4.61","25.4"
"Kayfus, CJ",692216,2026,24,22,25,4,2,1,0,1,8,2,32,8,".182",".364",".280","0.644","0.182",".231","2","9","8","0","0","5","33","12","0","22","1","9","0","0","0","1","1","2","14","1","0","5","3","0","2","0","0","0","2","0","0","0","0","0","19","0","0","0","0","0","0","0","0","4","0","0","0","38","0","70","19","108",,"0","0","0","0",".169",".427",".296",".306",".269",".258",".373",".391",".286",".266",".013","-0.063","-0.010","70.4",18,12.5,8,25,16,"6.7",0,13.4,-6.3,38,36.4,"92.8","24.1",14.3,3,21.4,7.1,7.1,35.7,28.6,0,50,"101.151187143","94.712108571",76,18.4,34.5,75,25,15,20,53.7,58,80,4.6,17,61,21,108,81.6,7,38,46.3,50,36.1,39,37.9,53.7,21.4,71.4,7.1,14,60,28.6,4,50,7,7.1,1,14.3,2,,,,,,,,,,,,,,,,,,,,,,,,,,,"-0.7","-1.7","0.4","-2.1","32.5",,,"27.4"
"Castro, Willi",650489,2026,29,55,59,11,7,3,0,1,24,4,40.7,6.8,".200",".309",".254","0.563","0.109",".333","7","22","17","1","1","13","73","36","0","50","2","15","0","0","0","0","4","2","31","5","0","6","10","2","2","0","0","0","1","0","0","0","0","0","41","1","0","0","0","0","1","0","0","8","1","0","0","80","0","165","41","245",,"1","0","0","0",".178",".285",".258",".233",".234",".107",".399",".351",".355",".316",".022",".024",".025","70.6",12.4,9.7,6.2,20.8,13.3,"7",3,7.9,1.6,43.4,38.3,"86.6","16.7",25.8,2,6.5,3.2,22.6,32.3,32.3,3.2,35.5,"98.77631","93.611364839",71.3,24.4,36.2,57.4,42.6,27,47,53.1,130,80,8.2,58,133,41,245,75.6,20,82,46.9,115,37.1,91,36.4,52.7,35.5,32.3,32.3,31,66.1,45.2,14,25.8,8,22.6,7,6.5,2,,,,,,,,,,,,,,,,,,,,,,,,,,,,,,,,,,"27.4"
"Walker, Christian",572233,2026,35,64,72,20,10,6,0,4,11,8,15.3,11.1,".313",".594",".389","0.983","0.281",".327","15","27","38","0","0","19","95","34","0","38","4","18","2","0","0","0","6","6","53","8","0","9","15","4","5","0","1","0","0","0","0","0","0","0","32","0","0","0","1","0","0","0","0","12","0","0","0","100","0","161","32","261",,"0","1","0","0",".283",".512",".427",".375",".363",".228",".477",".409",".377",".342",".030",".082",".052","74.3",42,21.4,16.1,36.9,27.7,"7.4",5,7.8,-3.4,47.3,29.1,"90.5","14.9",37.7,8,15.1,5.7,15.1,26.4,34,3.8,49.1,"101.817613704","95.533666981",73,15.7,27.3,57.9,42.1,22,38,53.3,139,73.7,7.3,21,160,62,261,84.3,14,89,46.7,122,42.5,111,28.3,48.7,37.7,32.1,30.2,53,62,39.6,21,28.3,15,22.6,12,9.4,5,,,,,,,,,,,,,,,,,,,,,,,,,,,,,,,,,"4.69","26.2"
"Perdomo, Geraldo",672695,2026,26,58,72,11,8,2,0,1,6,11,8.3,15.3,".190",".276",".310","0.586","0.086",".189","4","28","16","3","6","12","113","64","0","48","1","18","5","0","0","0","6","1","55","4","0","11","25","3","3","0","0","0","1","0","0","0","1","2","9","3","0","0","0","0","0","0","0","8","6","0","0","124","3","182","9","306",,"0","0","0","0",".205",".281",".279",".302",".342",".077",".222",".251",".204",".244","-0.015","-0.005","-0.023","65.4",0,11.4,10.2,38.6,34.7,"6.8",0,6.7,0.9,52,36.2,"86.7","8.7",21.8,1,1.8,1.8,20,21.8,45.5,7.3,29.1,"97.378201154","92.816372308",59.4,4.3,17.2,23.1,76.9,6,26,49.3,151,65.2,7.5,59,177,53,306,95.7,4,92,50.7,155,41.8,128,8.5,38.6,41.8,41.8,16.4,55,62.5,56.4,31,21.8,12,16.4,9,5.5,3,,,,,,,,,,,,,,,,,,,,,,,,,,,,,,,,,"4.59","26.8"
"McCann, James",543510,2026,36,24,26,6,3,3,0,0,9,1,34.6,3.8,".250",".375",".280","0.655","0.125",".400","3","6","9","0","0","4","32","20","0","14","0","9","0","0","0","0","3","0","16","3","0","4","6","0","0","0","0","0","2","0","0","0","1","0","16","0","0","0","0","0","0","0","0","2","0","0","0","34","1","68","16","102",,"0","0","0","0",".176",".345",".293",".240",".209",".169",".441",".353",".400",".282",".074",".030",".053","73",35.7,18.5,11.9,51.9,33.3,"7.2",0,12.6,-6.1,45.2,36.3,"94.8","8.7",25,2,12.5,6.3,12.5,18.8,43.8,6.3,43.8,"101.36347875","96.427002",57.8,11.5,38.6,68.2,31.8,15,22,55.9,57,55.6,8.8,11,51,27,102,88.5,3,26,44.1,45,32.4,33,37.5,47.1,6.3,62.5,31.3,16,61.5,56.3,9,25,4,18.8,3,0,0,"7","2.02","2.02","2.02","1","1.58","1.58",,"0.66","79.7",,,,,,,,,,,,,,,,,,,,,,,,"24.9"
"Tena, José",677588,2026,25,26,28,8,8,0,0,0,6,1,21.4,3.6,".308",".308",".357","0.665","0.000",".400","4","9","8","0","0","9","42","17","0","22","1","12","1","0","0","1","3","0","20","5","0","6","5","0","1","0","0","0","2","1","0","7","0","0","15","0","0","0","0","0","0","0","0","6","0","0","0","45","0","76","15","121",,"0","0","0","0",".213",".270",".312",".248",".269",".057",".364",".275",".400",".277",".095",".038",".064","73.3",35.2,5.1,3.7,25.6,18.5,"7.1",1,7.1,-3.1,38.9,34.6,"85.2","15.6",25,0,0,5,30,30,35,0,20,"94.699929","91.3898255",67.3,22.9,34.8,37.5,62.5,9,24,57,69,85.7,5.8,18,65,29,121,77.1,8,35,43,52,41.3,50,28.8,48.8,25,30,45,20,46.4,40,8,30,6,25,5,5,1,,,,,,,,,,,,,,,,,,,,,,,,,,,,,,,,,,"26.7"
"Suzuki, Seiya",673548,2026,31,19,23,4,4,0,0,0,6,4,26.1,17.4,".211",".211",".348","0.559","0.000",".308","1","19","4","0","0","9","33","18","0","14","0","5","1","0","0","0","2","1","13","1","0","2","5","1","1","0","0","0","0","0","0","2","0","0","11","0","0","0","0","0","0","0","0","2","0","0","0","37","0","56","11","93",,"0","0","0","0",".171",".218",".282",".263",".315",".047",".280",".246",".308",".249",".040","-0.007",".019","73.8",41.2,12,8.8,24,17.6,"7.2",0,9.8,-4.4,50,31.9,"87.5","11.2",23.1,0,0,0,23.1,30.8,46.2,0,38.5,"98.302257143","93.547369231",62,22.6,16.3,57.1,42.9,4,7,46.2,43,62.5,8.6,8,45,25,93,77.4,7,31,53.8,50,44.1,41,28.9,40.9,38.5,30.8,30.8,13,69.6,53.8,7,23.1,3,15.4,2,7.7,1,,,,,,,,,,,,,,,,,,,,,,,,,,,,,,,,,,"26.7"
"Cortes, Carlos",666126,2026,29,24,28,7,4,2,0,1,1,4,3.6,14.3,".292",".500",".393","0.893","0.208",".273","5","9","12","0","0","6","44","17","0","15","1","11","2","0","0","0","2","1","23","4","0","3","9","2","2","0","0","0","4","0","0","4","0","0","5","0","0","0","0","0","0","0","0","3","0","0","0","48","0","61","5","109",,"0","0","0","0",".326",".517",".399",".414",".426",".191",".362",".379",".304",".341","-0.034","-0.017","-0.015","70.9",10.3,24.2,20.5,36.4,30.8,"7.2",0,9.4,-3.6,53.8,25.5,"88.4","4.6",34.8,3,13,0,30.4,13,34.8,4.3,43.5,"99.798647273","93.916707727",64.9,16.2,13.5,0,100,0,7,47.7,52,55.6,8.3,35,49,16,109,83.8,6,37,52.3,57,38.5,42,13.6,40.4,30.4,39.1,30.4,23,46.4,47.8,11,17.4,4,26.1,6,8.7,2,,,,,,,,,,,,,,,,,,,,,,,,,,,,,,,,,,"25.6"
"Butler, Lawrence",671732,2026,25,51,56,9,6,1,0,2,15,5,26.8,8.9,".176",".314",".250","0.564","0.138",".206","6","16","16","0","1","6","71","43","0","26","2","16","2","0","0","0","1","3","36","5","0","5","17","4","1","0","0","0","0","0","0","0","0","0","27","0","0","0","0","0","1","0","0","6","1","0","0","76","0","134","27","210",,"1","0","0","0",".257",".386",".259",".315",".323",".129",".305",".392",".250",".364","-0.081","-0.072","-0.056","73.1",35.4,20.4,13.9,29.6,20.3,"7.2",3,5.1,4.8,38,32.3,"87.9","1.3",30.6,2,5.6,8.3,27.8,13.9,41.7,2.8,47.2,"102.983507222","95.577000556",59.8,24.1,29.5,45.5,54.5,15,33,53.6,112,69.2,6.2,48,116,20,209,75.9,14,58,46.4,97,46.9,98,31.9,43.5,30.6,33.3,36.1,36,66.1,50,18,22.2,8,25,9,2.8,1,,,,,,,,,,,"0","0","0",,"0","0",,"1","1","100.0","2","3","66.7","2","2","100.0",,,,,,,"4.39","26.6"
"Pérez, Wenceel",672761,2026,26,10,11,0,0,0,0,0,0,1,0,9.1,".000",".000",".091","0.091","0.000",".000","0","6","0","0","0","3","17","6","0","9","0","3","0","0","0","0","0","0","10","0","0","1","6","0","3","0","0","0","0","0","0","0","0","0","0","0","0","0","0","0","0","0","0","0","0","0","0","22","0","26","0","48",,"0","0","0","0",".301",".499",".065",".374",".365",".198",".000",".341",".000",".301","-0.301","-0.499","-0.309","74.8",47.1,31.3,29.4,37.5,35.3,"7",0,6.5,-6.3,52.9,28.8,"91.9","17.2",10,1,10,0,20,30,40,0,50,"100.583386","95.106741",72.2,0,23.3,14.3,85.7,1,7,62.5,30,100,6.3,13,21,11,48,100,0,13,37.5,18,31.3,15,5,41.7,50,30,20,10,36.4,60,6,10,1,0,0,30,3,,,,,,,,,,,,,,,,,,,,,,,,,,,,,,,,,,
"Hayes, Ke'Bryan",663647,2026,29,41,44,3,3,0,0,0,3,3,6.8,6.8,".073",".073",".136","0.209","0.000",".079","0","17","3","0","0","4","50","32","0","9","0","15","0","0","0","0","1","0","38","2","0","14","10","8","3","0","0","0","3","1","0","0","0","0","9","0","0","0","0","0","0","0","0","1","0","0","0","50","0","89","9","139",,"0","2","0","0",".244",".397",".111",".305",".300",".153",".072",".296",".079",".265","-0.171","-0.324","-0.194","70.1",2,20.5,17.6,59.1,51,"6.7",2,5.7,-1.2,54.9,25,"91.3","24.3",34.2,2,5.3,7.9,21.1,42.1,15.8,0,36.8,"98.759939444","93.659996857",56.5,5.1,25.7,44.4,55.6,8,18,50.4,70,60,7.2,13,91,22,139,94.9,2,39,49.6,69,44.6,62,17.5,41,21.1,52.6,26.3,38,59.1,28.9,11,36.8,14,26.3,10,7.9,3,,,,,,,,,,,,,,,,,,,,,,,,,,,,,,,,,,"26.9"
"Wong, Connor",657136,2026,30,16,17,6,3,3,0,0,4,0,23.5,0,".375",".563",".412","0.975","0.188",".500","1","5","9","0","0","2","20","11","0","13","0","6","0","0","0","1","1","2","12","3","0","2","1","0","3","0","0","0","2","1","0","0","0","0","8","0","0","0","0","0","0","0","0","1","0","0","0","22","0","45","8","67",,"0","0","0","0",".269",".356",".433",".299",".312",".087",".551",".361",".500",".358",".106",".207",".134","71.8",20.7,18.2,13.8,31.8,24.1,"7.2",0,10.7,-3.9,44.8,29.9,"89.4","23.8",41.7,0,0,8.3,33.3,33.3,16.7,8.3,58.3,"102.36699","96.0138025",61.8,9.5,39.4,46.2,53.8,6,13,49.3,33,100,6,5,36,20,67,90.5,2,21,50.7,34,46.3,31,23.5,50.7,16.7,33.3,50,12,70.6,16.7,2,33.3,4,25,3,25,3,"2","1.98","1.98",,"0",,,,"0.68","81.5",,,,,,,,,,,,,,,,,,,,,,,,"27.2"
"Lewis, Royce",668904,2026,27,36,45,8,4,2,0,2,12,8,26.7,17.8,".222",".444",".378","0.822","0.222",".273","8","22","16","0","2","13","65","35","0","25","2","12","1","0","0","1","2","2","24","4","0","4","8","2","2","0","0","0","2","0","0","0","0","0","13","0","0","0","0","0","0","0","0","6","2","0","0","78","0","103","13","181",,"0","1","0","0",".231",".382",".375",".352",".384",".152",".435",".391",".333",".346","-0.009",".062",".023","72.9",24.6,23.9,18,37,27.9,"7.8",1,7.8,-8.1,60.7,26.7,"92.9","9.8",33.3,3,12.5,8.3,25,20.8,33.3,0,54.2,"102.034344167","96.257290417",55.1,9.3,24.3,60,40,15,25,56.9,103,83.3,3.3,32,96,44,181,90.7,4,43,43.1,78,35.4,64,27.9,37.6,45.8,50,4.2,24,35.6,41.7,10,25,6,25,6,8.3,2,,,,,,,,,,,,,,,,,,,,,,,,,,,,,,,,,,"27.2"
"Soler, Jorge",624585,2026,34,65,79,15,7,3,0,5,26,10,32.9,12.7,".231",".508",".342","0.850","0.277",".278","18","30","33","0","0","20","129","49","0","56","4","18","3","0","0","2","4","3","41","8","0","10","10","3","3","0","0","0","1","0","0","15","0","2","50","0","0","0","0","0","0","0","0","13","0","0","0","134","2","202","50","336",,"0","1","0","0",".221",".438",".372",".339",".334",".217",".507",".443",".366",".351",".010",".070",".033","74.2",46,13,8.6,20.7,13.7,"7.9",2,13.4,-9.2,52.5,33.8,"88.4","20.3",39,6,14.6,4.9,26.8,29.3,24.4,0,41.5,"100.345405714","94.357611707",67.3,20,26.7,72.9,27.1,35,48,53.6,180,76.2,6.3,36,147,100,336,80,21,105,46.4,156,38.7,130,36.6,45.5,53.7,29.3,17.1,41,54.4,34.1,14,31.7,13,26.8,11,7.3,3,,,,,,,,,,,,,,,,,,,,,,,,,,,,,,,,,,"25.9"
"Caminero, Junior",691406,2026,22,60,72,14,10,2,0,2,14,11,19.4,15.3,".233",".367",".347","0.714","0.134",".267","4","33","22","1","0","16","109","42","0","41","2","16","2","0","0","0","4","3","47","7","0","6","15","4","8","0","0","0","0","0","0","0","0","1","31","0","1","0","0","0","0","0","0","7","0","0","0","119","1","164","31","283",,"0","0","0","0",".251",".393",".330",".338",".362",".143",".338",".352",".298",".320","-0.018","-0.026","-0.008","80.2",89,17.5,12.8,20,14.7,"8.5",1,6.7,-5.1,59.6,22.4,"90.2","16.8",27.7,4,8.5,4.3,21.3,29.8,31.9,4.3,36.2,"101.342405","94.870918723",62.3,19.7,30.2,39.2,60.8,20,51,59.7,169,71.4,4.9,54,140,51,283,80.3,14,71,40.3,114,35.7,101,27.9,43.1,48.9,36.2,14.9,47,54.2,40.4,19,19.1,9,23.4,11,17,8,,,,,,,,,,,,,,,,,,,,,,,,,,,,,,,,,,"24.7"
"García, Adolis",666969,2026,33,61,69,13,8,3,0,2,19,5,27.5,7.2,".213",".361",".290","0.651","0.148",".268","5","29","22","0","1","12","98","50","0","47","4","17","0","0","0","2","4","2","43","7","0","11","9","4","4","0","0","0","1","0","0","0","0","1","31","0","0","0","0","0","0","0","0","5","1","0","0","108","1","178","31","286",,"0","1","0","0",".238",".388",".296",".319",".320",".150",".358",".395",".302",".351","-0.025","-0.027","-0.023","71.9",19.6,15.9,11.6,31.7,23.2,"7.6",3,9.9,1.1,60.7,28.8,"92.7","20.3",37.2,5,11.6,9.3,27.9,30.2,20.9,0,48.8,"101.789577727","95.480747674",62.3,16,30.1,53.2,46.8,25,47,54.5,156,84.2,6.6,27,171,59,286,84,13,81,45.5,130,40.6,116,29.7,44.8,32.6,30.2,37.2,43,42,30.2,13,30.2,13,27.9,12,11.6,5,,,,,,,,,,,"0","1","3","33.3","0","0",,"1","1","100.0","1","1","100.0","1","1","100.0","1.2","1","0.2","2.3","38",,,"26.6"
"Young, Jared",676724,2026,30,20,23,7,5,2,0,0,3,2,13,8.7,".350",".450",".391","0.841","0.100",".389","2","9","9","0","0","5","35","9","0","15","3","11","0","0","0","0","4","1","18","2","0","1","9","1","0","0","0","0","3","2","0","1","0","1","7","0","0","0","0","0","0","0","0","2","0","0","0","35","1","52","7","87",,"0","0","0","0",".282",".390",".372",".365",".356",".108",".396",".387",".389",".344",".068",".060",".007","73.4",38.9,14.8,11.1,22.2,16.7,"7.2",1,6.3,2.9,55.6,28.4,"88.7","-2.6",22.2,3,16.7,0,22.2,0,44.4,16.7,50,"104.007562222","96.474591765",75,20,27.7,30.8,69.2,4,13,54,47,87.5,9.2,15,45,18,87,80,6,30,46,40,34.5,30,23.3,49.4,50,38.9,11.1,18,52.2,72.2,13,11.1,2,16.7,3,0,0,,,,,,,,,,,,,,,,,,,,,,,,,,,,,,,,,,"27.3"
"Polanco, Jorge",593871,2026,32,56,61,10,6,3,0,1,11,5,18,8.2,".179",".286",".246","0.532","0.107",".205","2","21","16","0","0","8","82","33","0","39","1","14","0","0","1","0","3","1","45","6","0","9","14","8","4","0","0","0","0","0","0","12","0","0","20","0","0","0","0","0","0","0","0","3","0","0","0","86","0","138","20","224",,"0","0","0","0",".219",".320",".246",".271",".283",".101",".254",".288",".222",".273","-0.040","-0.034","-0.025","69.5",4.3,12.8,10.8,37.2,31.2,"7.2",0,5,-7.1,47.3,30.2,"87.3","10.9",40,2,4.4,11.1,17.8,26.7,31.1,8.9,33.3,"98.184254783","93.223895778",65,9.2,32.3,37.5,62.5,15,40,55.4,124,75,3.6,64,105,43,224,90.8,6,65,44.6,100,43.8,98,20,46.9,46.7,31.1,22.2,45,52.5,37.8,17,22.2,10,31.1,14,8.9,4,,,,,,,,,,,,,,,,,,,,,,,,,,,,,,,,,,"25.3"
"Hoerner, Nico",663538,2026,29,66,78,20,12,7,0,1,9,9,11.5,11.5,".303",".455",".397","0.852","0.152",".333","13","27","30","0","5","21","98","70","0","57","3","17","1","0","1","2","5","3","58","12","0","11","15","5","7","0","0","0","1","0","0","0","0","1","11","0","0","0","0","0","0","0","0","10","5","0","0","109","1","200","11","309",,"0","2","0","0",".294",".373",".384",".346",".391",".079",".381",".329",".345",".336",".009",".082",".038","67.5",1.7,6.6,6,33,30.2,"7.3",2,5.6,-2.5,45.7,32.1,"84.6","16",32.8,0,0,8.6,25.9,25.9,34.5,3.4,24.1,"94.871374138","91.596837544",52.4,1.3,33.1,23.6,76.4,13,55,53.7,166,63.6,7.1,40,176,63,309,98.7,1,75,46.3,143,44.7,138,10.8,42.1,37.9,37.9,24.1,58,62.8,34.5,20,24.1,14,29.3,17,12.1,7,,,,,,,,,,,,,,,,,,,,,,,,,,,,,,,,,"4.29","28.2"
"Simpson, Chandler",802415,2026,25,59,64,24,22,0,2,0,3,3,4.7,4.7,".407",".475",".435","0.910","0.068",".429","4","17","28","2","7","14","60","40","0","25","1","16","0","0","0","0","13","0","58","11","0","3","23","6","2","0","0","0","1","1","0","0","2","0","5","1","1","0","1","0","1","0","0","9","6","1","0","65","2","132","5","197",,"1","0","0","0",".312",".354",".410",".313",".346",".041",".416",".308",".429",".329",".095",".121",".097","64",0,4.1,3.9,47.9,46.1,"6.4",1,1.7,8.2,31.6,28.9,"82.7","-1.5",31,0,0,0,27.6,10.3,48.3,13.8,13.8,"93.130331111","90.604406296",62.4,6.3,30.2,13.8,86.2,4,29,48.7,96,80,7.6,35,116,31,197,93.7,4,63,51.3,101,37.1,73,8.7,46.7,20.7,41.4,37.9,58,62.5,62.1,36,5.2,3,29.3,17,3.4,2,,,,,,,,,,,"3","1","2","50.0","1","1","100.0","2","2","100.0","2","2","100.0","3","3","100.0","5.9","2.7","-2","6.6","39.6","19","3.95","30.1"
"Contreras, William",661388,2026,28,55,65,16,10,4,0,2,9,10,13.8,15.4,".291",".473",".400","0.873","0.182",".318","10","28","26","0","0","18","103","38","0","44","3","14","0","0","0","0","8","2","46","6","0","7","9","5","9","0","1","0","0","0","0","1","0","0","15","0","0","0","0","0","0","0","0","9","0","0","0","109","0","148","15","257",,"0","1","0","0",".276",".419",".389",".357",".387",".143",".402",".357",".348",".330",".015",".054",".032","73.3",33.7,15,12.2,35,28.6,"7.2",0,10.9,0.4,65.3,27.2,"91.8","18.4",21.7,2,4.3,8.7,32.6,28.3,23.9,2.2,45.7,"101.339266522","94.949420435",67,11.7,23.2,33.3,66.7,11,33,55.3,142,77.3,8.6,27,160,50,257,88.3,9,77,44.7,115,40.5,104,18.2,42.8,39.1,34.8,26.1,46,48.4,37,17,19.6,9,23.9,11,19.6,9,"7","1.97","2","1.91","1","1.56",,"1.56","0.65","83",,,,,,,,,,,,,,,,,,,,,,,,"25.3"
"d'Arnaud, Travis",518595,2026,37,10,10,1,0,1,0,0,4,0,40,0,".100",".200",".100","0.300","0.100",".167","0","7","2","0","0","3","4","7","0","4","2","3","0","0","0","0","0","1","6","0","0","3","2","0","0","0","0","0","1","0","0","0","0","0","5","0","0","0","0","0","0","0","0","1","0","0","0","4","0","24","5","28",,"0","1","0","0",".143",".446",".129",".243",".143",".302",".216",".404",".167",".239","-0.043","-0.246","-0.114","70.5",6.7,11.1,6.7,44.4,26.7,"7.8",0,14.5,-1.5,66.7,29.8,"85.2","6.6",33.3,2,33.3,0,0,33.3,16.7,16.7,33.3,"96.644353333","92.322176667",64.7,18.2,54.5,83.3,16.7,5,6,39.3,11,50,14.3,5,18,5,28,81.8,2,11,60.7,17,46.4,13,41.2,60.7,0,66.7,33.3,6,80,33.3,2,66.7,4,0,0,0,0,"1","2.03","2.03",,"0",,,,"0.6",,,,,,,,,,,,,,,,,,,,,,,,,
"Vázquez, Christian",543877,2026,35,27,29,10,5,4,0,1,6,1,20.7,3.4,".370",".630",".393","1.023","0.260",".450","9","16","17","0","0","10","43","26","0","25","1","8","1","0","0","0","4","2","22","4","0","2","7","2","1","0","0","0","1","0","0","2","1","0","11","0","0","0","1","0","0","0","0","4","0","0","0","46","1","85","11","131",,"0","0","0","0",".265",".330",".448",".274",".292",".065",".564",".332",".476",".341",".105",".300",".174","65.9",2,10,7.8,37.5,29.4,"6.5",1,9.2,3.2,70.6,27.6,"86.9","14.1",36.4,1,4.5,0,36.4,22.7,27.3,9.1,27.3,"96.107578182","92.246826667",56.1,18.8,36.5,22.2,77.8,6,27,56.5,74,45.5,8.4,10,98,14,131,81.3,6,32,43.5,57,42,55,20.3,45,50,27.3,22.7,22,55.2,50,11,18.2,4,27.3,6,4.5,1,"3","2.04",,"2.04","0",,,,"0.7","77.9",,,,,,,,,,,,,,,,,,,,,,,,"23.2"
"Straw, Myles",664702,2026,31,16,17,6,5,1,0,0,1,1,5.9,5.9,".375",".438",".412","0.850","0.063",".400","2","11","7","1","0","7","22","17","0","8","0","12","0","0","0","0","1","2","15","3","0","2","5","2","0","0","0","0","3","3","0","2","0","0","2","0","1","0","0","0","0","0","0","6","0","0","0","22","0","42","2","64",,"0","0","0","0",".437",".504",".386",".429",".470",".067",".390",".439",".400",".466","-0.062","-0.066","-0.043","68.4",9.5,10.5,9.5,36.8,33.3,"7",0,7.9,-2.4,61.9,31.6,"85.8","15.4",40,0,0,0,46.7,20,26.7,6.7,26.7,"97.032144286","92.516072143",47.2,5.9,28.6,12.5,87.5,1,8,43.8,28,20,7.8,2,34,11,64,94.1,1,17,56.3,36,45.3,29,8,39.1,46.7,40,13.3,15,70.6,40,6,26.7,4,33.3,5,0,0,,,,,,,,,,,,,,,,,,,,,,,,,,,,,,,,"2",,"28.5"
"McGonigle, Kevin",805808,2026,21,61,72,19,11,6,1,1,8,11,11.1,15.3,".311",".492",".417","0.909","0.181",".346","8","12","30","0","1","9","112","49","0","50","0","17","0","0","1","0","5","3","53","11","0","16","12","2","4","0","0","0","0","0","0","0","0","0","13","0","0","0","0","0","0","0","0","12","1","0","0","119","0","166","13","285",,"0","1","0","0",".296",".546",".408",".411",".404",".250",".406",".410",".358",".341",".015","-0.054","-0.003","71.4",24,12.6,11.5,36.8,33.7,"7",3,15.8,-1.2,54.8,38.3,"88.1","19.5",37.7,5,9.4,11.3,18.9,34,20.8,5.7,37.7,"99.005768519","93.743693208",61.9,10.3,24.5,15.4,84.6,6,39,55.8,159,61.9,7.4,64,137,66,285,89.7,8,78,44.2,126,44.2,126,12,41.1,45.3,30.2,24.5,53,55.6,32.1,17,35.8,19,24.5,13,7.5,4,,,,,,,,,,,,,,,,,,,,,,,,,,,,,,,,"1",,"27.9"
"Amaya, Miguel",665804,2026,27,25,32,7,5,1,0,1,9,6,28.1,18.8,".280",".440",".438","0.878","0.160",".400","4","12","11","0","0","9","60","27","0","27","2","12","0","0","0","1","2","2","16","3","0","2","3","1","3","0","0","0","4","0","0","5","0","0","17","0","0","0","0","0","0","0","0","6","0","0","0","67","0","89","17","156",,"0","0","0","0",".208",".330",".405",".337",".381",".122",".497",".362",".438",".325",".072",".110",".068","67.7",1.9,2.7,1.9,27,18.5,"7.4",1,10.5,-8.1,65.5,32.1,"86.8","23.6",25,1,6.3,0,25,37.5,31.3,0,25,"95.45751375","91.784151875",58.8,20,25,50,50,11,22,56.4,88,53.3,9.6,18,77,47,156,80,8,40,43.6,68,34,53,30.6,39.7,50,25,25,16,56.3,31.3,5,25,4,25,4,18.8,3,"9","1.97","1.97","1.97","0",,,,"0.68","82.1",,,,,,,,,,,,,,,,,,,,,,,,"24.9"
"Alvarez, Yordan",670541,2026,29,60,80,19,8,5,0,6,9,16,11.3,20,".317",".700",".475","1.175","0.383",".283","16","23","42","0","1","12","128","48","0","45","3","18","1","0","0","3","3","9","52","7","0","16","9","3","5","0","4","0","2","0","0","13","0","1","19","0","0","0","0","0","0","0","0","13","1","0","0","136","1","169","19","305",,"0","0","0","0",".338",".799",".489",".529",".497",".461",".508",".567",".365",".399","-0.021","-0.099","-0.040","74.9",50.5,21.8,17.8,29.9,24.3,"7.7",2,11.6,-8.4,51.4,35.3,"93","24.6",42.3,10,19.2,19.2,17.3,28.8,15.4,0,46.2,"104.575654231","96.416902308",60.2,6.5,24.9,43.2,56.8,19,44,58,177,64.3,4.6,46,171,70,305,93.5,5,77,42,128,43.3,132,19.8,39.7,55.8,28.8,15.4,52,44.9,23.1,12,48.1,25,19.2,10,9.6,5,,,,,,,,,,,,,,,,,,,,,,,,,,,,,,,,,,"23.3"
"White, Eli",642201,2026,32,13,15,2,1,1,0,0,2,1,13.3,6.7,".154",".231",".200","0.431","0.077",".167","2","8","3","0","0","4","22","7","0","11","0","7","0","0","0","0","0","0","12","2","0","4","5","0","1","0","0","0","3","1","0","0","0","1","6","0","0","0","0","0","0","0","0","1","0","0","0","25","1","37","6","62",,"0","0","0","0",".182",".238",".194",".226",".236",".056",".184",".223",".167",".212","-0.028","-0.007","-0.032","73.7",42.9,4.8,3.6,19,14.3,"7.6",0,13.8,-12.5,64.3,34.5,"81.8","7.1",41.7,0,0,8.3,8.3,41.7,33.3,8.3,16.7,"91.018183333","89.722045833",74.1,20,28.6,30,70,3,10,56.5,35,66.7,4.8,15,28,17,62,80,4,20,43.5,27,40.3,25,23.3,48.4,16.7,66.7,16.7,12,60,41.7,5,33.3,4,16.7,2,8.3,1,,,,,,,,,,,,,,,,,,,,,,,,,,,,,,,,"5",,"30.3"
"Freeman, Freddie",518692,2026,36,70,75,18,10,5,0,3,10,4,13.3,5.3,".257",".457",".307","0.764","0.200",".263","14","37","32","0","0","21","88","30","0","61","2","17","3","0","0","1","4","5","60","8","1","16","19","6","1","0","0","0","0","0","0","0","0","0","23","0","0","0","0","0","0","0","0","8","0","0","0","96","0","177","23","273",,"0","0","0","0",".315",".618",".340",".416",".361",".303",".365",".460",".300",".368","-0.058","-0.161","-0.076","70.9",12.2,19.6,16.8,42.9,36.6,"6.8",3,7.8,1,45.8,41.9,"92.7","15.8",40,10,16.7,11.7,30,18.3,20,3.3,51.7,"102.365272333","95.800835",78.4,12.4,30.2,31,69,13,42,50.9,139,100,5.1,40,140,71,273,87.6,13,105,49.1,134,42.9,117,17.7,53.8,43.3,30,26.7,60,61.3,38.3,23,35,21,23.3,14,3.3,2,,,,,,,,,,,,,,,,,,,,,,,,,,,,,,,,,,"24.6"
"O'Hoppe, Logan",681351,2026,26,51,62,11,10,1,0,0,11,8,17.7,12.9,".216",".235",".339","0.574","0.019",".268","7","21","12","0","0","14","88","39","0","41","1","17","1","0","0","2","7","1","41","3","0","11","10","3","5","0","0","1","0","0","0","0","0","1","28","0","0","0","0","0","0","0","0","4","0","0","0","93","1","150","28","243",,"0","0","0","0",".182",".272",".283",".288",".322",".090",".253",".260",".268",".242",".034","-0.037","-0.005","72.4",22.4,15.6,12.2,28.6,22.4,"7.7",5,14.1,-5.8,61.2,31.7,"87.7","17.9",24.4,3,7.3,4.9,17.1,39,31.7,0,39,"99.42436619","93.912655122",64.8,11.8,31.2,48.8,51.2,21,43,56.8,138,83.3,7.4,24,140,49,243,88.2,8,68,43.2,105,39.5,96,26.1,45.7,58.5,19.5,22,41,58.1,41.5,17,29.3,12,17.1,7,12.2,5,"8","2","2.01","1.94","0",,,,"0.76","83.1",,,,,,,,,,,,,,,,,,,,,,,"4.54","27.0"
"Ohtani, Shohei",660271,2026,31,63,82,16,10,1,0,5,19,14,23.2,17.1,".254",".508",".402","0.910","0.254",".268","10","32","32","0","0","16","102","51","0","54","6","17","2","0","0","3","6","7","46","3","0","13","12","3","2","0","4","0","0","0","0","17","0","2","34","0","0","0","0","0","0","0","0","10","0","0","0","116","2","191","34","307",,"0","0","0","0",".253",".545",".388",".414",".414",".292",".455",".499",".348",".368",".001","-0.037","-0.026","74.5",46,18.5,13.5,38,27.8,"7.7",3,12.5,1.1,59.5,37.1,"94","14.7",34.8,11,23.9,2.2,17.4,26.1,28.3,2.2,52.2,"103.666393043","96.870337609",60.8,16.1,32.3,49.1,50.9,26,53,53.4,164,56.3,5.2,40,176,76,307,83.9,14,87,46.6,143,40.1,123,28.6,45.6,50,28.3,21.7,46,62,39.1,18,43.5,20,13,6,4.3,2,,,,,,,,,,,,,,,,,,,,,,,,,,,,,,,,,,"26.0"
"Arozarena, Randy",668227,2026,31,63,76,18,14,3,0,1,13,10,17.1,13.2,".286",".381",".408","0.789","0.095",".347","7","23","24","0","4","13","110","51","0","48","3","18","0","0","0","3","8","1","50","9","0","9","18","5","0","0","0","0","0","0","0","0","0","0","32","0","0","0","0","0","0","0","0","13","4","0","0","117","0","186","32","303",,"0","0","0","0",".294",".431",".369",".380",".414",".137",".375",".391",".360",".370","-0.008","-0.050","-0.011","68.9",10.7,16.5,11.6,41.8,29.5,"7.2",0,8.6,5.5,60.7,26.4,"90.9","6.6",36,4,8,2,28,18,40,4,42,"100.5712464","94.8009766",60.4,22.2,32,35.2,64.8,19,54,55.8,169,75,9.2,42,176,57,303,77.8,18,81,44.2,134,40.6,123,27.4,44.6,36,38,26,50,65.8,52,26,20,10,28,14,0,0,,,,,,,,,,,"-2","0","1","0.0","0","2","0.0","1","2","50.0","2","3","66.7","4","5","80.0","0.1","-1.6","-0.4","-1.9","32.8",,"4.54","26.6"
"Rooker, Brent",667670,2026,31,41,49,6,4,0,0,2,17,6,34.7,12.2,".146",".293",".245","0.538","0.147",".167","8","16","12","0","2","7","61","21","0","18","0","12","2","0","0","0","3","3","26","0","0","6","9","4","1","0","0","0","1","0","0","9","0","2","34","0","0","0","0","0","0","0","0","4","2","0","0","64","2","99","34","163",,"0","1","1","0",".192",".371",".248",".303",".294",".179",".302",".407",".231",".323","-0.046","-0.078","-0.055","73.3",26.1,22,13,34.1,20.3,"7.3",1,17.5,-11.5,31.9,37.9,"89","16.3",34.6,5,19.2,11.5,11.5,19.2,38.5,0,42.3,"101.065362308","94.540330769",72.1,24.5,30.2,75.9,24.1,22,29,58.5,96,100,2.4,20,85,39,164,75.5,12,49,41.5,68,40.2,66,43.6,47.6,53.8,30.8,15.4,26,51,46.2,12,34.6,9,15.4,4,3.8,1,,,,,,,,,,,,,,,,,,,,,,,,,,,,,,,,,,"27.4"
"Collins, Isaac",686555,2026,28,42,49,9,7,1,0,1,15,6,30.6,12.2,".214",".310",".327","0.637","0.096",".308","4","18","13","1","0","14","73","42","0","29","3","16","1","0","0","1","5","2","27","2","0","7","5","2","4","0","0","0","0","0","0","0","0","0","18","1","0","0","0","0","1","0","0","7","0","0","0","76","0","121","18","197",,"1","1","0","0",".167",".267",".302",".262",".286",".100",".362",".289",".333",".260",".047",".043",".040","73.7",36.2,16.3,11.6,28.6,20.3,"6.8",2,5.7,-7.2,46.4,28.1,"89.5","22.7",22.2,3,11.1,3.7,14.8,44.4,25.9,0,33.3,"99.528498571","93.998251111",57.8,18.6,21.1,60,40,12,20,48.2,95,75,10.2,30,143,18,197,81.4,11,59,51.8,102,37.6,74,29.1,40.1,40.7,33.3,25.9,27,59.2,37,10,33.3,9,14.8,4,14.8,4,,,,,,,,,,,"-3","0","4","0.0","0","1","0.0","0","0",,"0","2","0.0","1","2","50.0","3.5","0.3","-4.8","-0.9","34",,,"28.0"
"Clemens, Kody",665019,2026,30,31,37,5,3,0,0,2,13,5,35.1,13.5,".161",".355",".297","0.652","0.194",".188","3","24","11","2","4","11","71","28","0","31","2","10","0","0","0","1","2","2","18","1","0","6","6","1","0","0","0","0","0","0","0","0","0","0","20","2","0","0","0","0","0","0","0","3","3","1","0","75","0","101","20","176",,"0","0","0","0",".188",".436",".304",".336",".319",".249",".386",".452",".278",".323","-0.027","-0.081","-0.032","71.2",10.6,12.8,9.1,25.5,18.2,"7.2",4,11.7,-2.5,56.1,29.4,"90.5","10.4",44.4,4,22.2,0,22.2,27.8,22.2,5.6,33.3,"100.102568889","94.403307222",59.5,13.6,28.4,62.1,37.9,18,29,58,102,38.5,7.4,22,85,56,176,86.4,6,44,42,74,39.2,69,32.9,41.5,33.3,50,16.7,18,54.1,44.4,8,44.4,8,11.1,2,0,0,,,,,,,,,,,,,,,,,,,,,,,,,,,,,,,,"1",,"27.3"
"Hernández, Teoscar",606192,2026,33,54,59,16,10,3,0,3,19,4,32.2,6.8,".296",".519",".339","0.858","0.223",".394","11","23","28","0","1","10","85","38","0","40","4","15","2","0","0","0","7","3","36","6","0","6","9","4","1","0","0","0","0","0","0","0","0","1","35","0","0","0","0","0","0","0","0","10","1","0","0","89","1","154","35","243",,"0","0","0","0",".263",".432",".376",".322",".309",".170",".536",".448",".444",".396",".033",".087",".054","72.1",21.4,14.3,9.7,32.9,22.3,"7.7",4,11.2,1.7,52.4,32.9,"89.7","10",38.9,4,11.1,5.6,27.8,22.2,30.6,2.8,38.9,"99.583311111","93.935068333",66.4,28.8,32.3,44.2,55.8,19,43,54.7,133,88.2,7,37,148,38,243,71.2,21,73,45.3,110,41.6,101,34.5,47.7,41.7,38.9,19.4,36,49.2,44.4,16,25,9,27.8,10,2.8,1,,,,,,,,,,,"-1","0","2","0.0","0","1","0.0","0","1","0.0","0","0",,"2","2","100.0",,,,,,,,"28.2"
"Bichette, Bo",666182,2026,28,75,81,17,13,3,0,1,20,5,24.7,6.2,".227",".307",".272","0.579","0.080",".291","9","33","23","0","0","20","86","48","0","71","9","18","1","0","0","0","5","1","56","11","0","8","25","6","0","0","0","0","0","0","0","1","0","1","33","0","0","0","0","0","0","0","0","6","0","0","0","97","1","220","33","317",,"0","0","0","0",".280",".373",".264",".306",".321",".093",".318",".378",".304",".375","-0.053","-0.066","-0.042","68.8",11.7,9.3,6.9,30.6,22.8,"7",1,0.6,6.4,24.1,37.1,"90.4","5.4",37.5,1,1.8,7.1,42.9,12.5,32.1,3.6,39.3,"100.026155","94.55010625",66.9,11.6,44,44.2,55.8,34,77,55.2,175,88.2,5.4,33,176,80,317,88.4,11,95,44.8,142,40.1,127,26.2,54.3,19.6,33.9,46.4,56,67.9,53.6,30,16.1,9,30.4,17,0,0,,,,,,,,,,,,,,,,,,,,,,,,,,,,,,,,,"4.72","25.2"
"Bogaerts, Xander",593428,2026,33,63,69,17,13,2,0,2,6,6,8.7,8.7,".270",".397",".333","0.730","0.127",".273","11","28","25","0","2","17","99","43","0","38","4","16","0","0","0","0","6","4","57","7","0","9","20","7","4","0","0","0","0","0","0","0","0","0","17","0","0","0","0","0","0","0","0","4","2","0","0","104","0","159","17","263",,"0","2","1","0",".315",".484",".332",".374",".375",".169",".327",".378",".298",".348","-0.045","-0.087","-0.042","71.4",20.9,16.2,13.2,37.8,30.8,"7.3",1,11.7,-5.2,60.4,32.5,"89.5","11.1",38.6,4,7,5.3,33.3,21.1,28.1,5.3,40.4,"100.553554483","94.785804912",64.3,12.3,25.5,31.4,68.6,11,35,52.1,137,95.5,8.4,24,152,49,263,87.7,10,81,47.9,126,40.3,106,18.1,44.1,42.1,33.3,24.6,57,60.9,45.6,26,22.8,13,24.6,14,7,4,,,,,,,,,,,,,,,,,,,,,,,,,,,,,,,,,"4.53","27.3"
"Ballesteros, Moisés",694208,2026,22,38,42,13,10,1,0,2,9,3,21.4,7.1,".342",".526",".381","0.907","0.184",".393","7","15","20","0","0","10","49","23","0","21","3","15","0","0","0","0","7","2","30","4","0","7","5","3","2","0","0","0","5","0","0","13","0","1","17","0","0","0","0","0","0","0","0","6","0","0","0","56","1","95","17","151",,"0","0","0","0",".272",".528",".399",".359",".318",".256",".487",".431",".433",".346",".070","-0.002",".040","74.3",50.8,30.4,22.2,41.3,30.2,"7.2",1,8.2,4.1,65.1,29.9,"93.8","13",33.3,5,16.7,10,23.3,20,26.7,3.3,60,"103.239604667","96.64695",66.7,13.6,32.9,50,50,14,28,56.3,85,75,5.3,40,65,36,151,86.4,6,44,43.7,66,39.1,59,27.8,47.7,33.3,33.3,33.3,30,73.8,40,12,30,9,23.3,7,6.7,2,"0",,,,"0",,,,,,,,,,,,,,,,,,,,,,,,,,,,,"23.0"
"Baldwin, Drake",686948,2026,25,74,82,23,15,3,0,5,13,6,15.9,7.3,".311",".554",".378","0.932","0.243",".321","18","29","41","0","0","22","109","52","0","70","0","18","3","0","0","2","5","6","61","12","0","9","21","4","4","0","0","0","0","0","0","6","0","0","28","0","0","0","0","0","0","0","0","18","0","0","0","115","0","213","28","328",,"0","0","0","0",".298",".583",".413",".406",".366",".286",".460",".451",".377",".361",".013","-0.029",".007","75",55.2,17.2,13.8,31.9,25.5,"7.3",1,12.7,3.6,51,33.3,"89.4","11.9",45.9,10,16.4,11.5,19.7,16.4,29.5,6.6,42.6,"101.105965484","95.055750492",64.6,13.7,34.7,27.1,72.9,16,59,51.8,170,81.3,4.9,64,172,76,328,86.3,14,102,48.2,158,47,154,18.6,49.1,36.1,41,23,61,54.9,42.6,26,24.6,15,26.2,16,6.6,4,"11","1.93","1.93","1.93","0",,,,"0.61","78.8",,,,,,,,,,,,,,,,,,,,,,,"4.3","26.7"
"Meadows, Parker",678009,2026,26,36,39,9,7,1,1,0,10,2,25.6,5.1,".250",".333",".308","0.641","0.083",".346","2","21","12","0","3","12","61","26","0","33","1","12","0","0","0","1","3","2","26","4","0","4","8","3","2","0","0","0","3","0","0","0","0","0","13","0","0","0","0","0","0","0","0","3","3","0","0","63","0","100","13","163",,"0","0","0","0",".212",".277",".294",".251",".273",".065",".358",".293",".346",".294",".038",".056",".043","70.1",1.5,3.8,3,30.2,24.2,"7.2",0,6.6,-2.6,45.5,30,"85.3","13.3",30.8,1,3.8,3.8,26.9,26.9,38.5,0,19.2,"94.482146154","91.241073077",64.9,12,27.9,37.5,62.5,9,24,52.8,86,57.1,8.6,45,86,24,163,88,6,50,47.2,77,42.3,69,20.3,45.4,30.8,46.2,23.1,26,59,42.3,11,23.1,6,26.9,7,7.7,2,,,,,,,,,,,,,,,,,,,,,,,,,,,,,,,,,,"28.3"
"Yoshida, Masataka",807799,2026,32,23,32,7,5,2,0,0,4,8,12.5,25,".304",".391",".500","0.891","0.087",".368","3","8","9","0","1","6","53","24","0","12","1","10","0","0","0","1","4","0","19","3","0","4","7","1","0","0","0","0","0","0","0","5","0","0","5","0","0","0","0","0","0","0","0","2","1","0","0","58","0","61","5","119",,"0","0","0","0",".260",".329",".424",".385",".468",".070",".376",".309",".368",".314",".044",".062",".039","71.5",9.1,30,27.3,56.7,51.5,"7.2",0,6.5,0.4,39.4,32.9,"95.3","7.6",26.3,0,0,5.3,31.6,21.1,42.1,0,63.2,"101.521079","97.021965789",54.7,6.9,12.1,50,50,4,8,55.5,66,66.7,7.6,18,70,26,119,93.1,2,29,44.5,53,29.4,35,16.2,31.1,42.1,31.6,26.3,19,40.6,57.9,11,21.1,4,21.1,4,0,0,,,,,,,,,,,,,,,,,,,,,,,,,,,,,,,,,,"26.3"
"Frelick, Sal",686217,2026,26,52,63,10,7,2,0,1,11,9,17.5,14.3,".192",".288",".323","0.611","0.096",".225","3","24","15","0","1","14","99","44","1","47","2","15","1","0","1","1","3","2","41","5","0","6","18","2","5","0","0","0","0","0","0","0","0","0","12","0","0","0","0","0","0","0","0","6","1","0","0","103","0","147","12","250",,"0","0","0","1",".220",".307",".294",".307",".346",".086",".270",".290",".244",".280","-0.028","-0.019","-0.013","67.8",5.6,8.9,7.9,31.6,28.1,"7",4,4.8,3,48.3,26.8,"85.7","10.2",24.4,1,2.4,0,22,31.7,34.1,9.8,26.8,"97.723407","92.9506075",64.7,6.7,20.9,35.7,64.3,10,28,53.6,134,75,8,24,179,28,250,93.3,5,75,46.4,116,38.8,97,14.6,41.2,43.9,36.6,19.5,41,46,51.2,21,19.5,8,17.1,7,12.2,5,,,,,,,,,,,"0","0","4","0.0","0","1","0.0","0","1","0.0","5","5","100.0","2","2","100.0","-0.5","-1","-0.5","-2","32.4",,"4.33","27.9"
"Cruz, Oneil",665833,2026,27,67,75,22,14,3,0,5,23,7,30.7,9.3,".328",".597",".400","0.997","0.269",".436","16","20","40","1","7","17","107","58","0","36","2","17","0","0","0","1","7","5","44","10","0","5","14","2","1","0","1","0","0","0","0","0","0","0","46","1","0","0","0","0","0","0","0","14","7","0","0","116","0","191","46","307",,"0","0","0","0",".302",".588",".435",".409",".376",".286",".617",".573",".500",".459",".026",".009",".026","78.5",78.3,32.9,19.2,44.3,25.8,"7.7",0,7.9,-7.8,41.7,34.3,"97.1","7.9",38.6,9,20.5,4.5,22.7,11.4,36.4,4.5,61.4,"108.843894545","100.108495455",59.9,24.7,29.1,66.7,33.3,32,48,53.7,165,76.5,5.5,57,147,80,307,75.3,21,85,46.3,142,40.1,123,39.8,43.3,52.3,34.1,13.6,44,66.2,47.7,21,22.7,10,27.3,12,2.3,1,,,,,,,,,,,"-2","0","4","0.0","0","0",,"0","0",,"3","4","75.0","1","1","100.0","0","0.2","0.1","0.3","35.9","1","4.43","27.8"
"Freeman, Tyler",671289,2026,27,23,28,6,6,0,0,0,4,1,14.3,3.6,".261",".261",".370","0.631","0.000",".316","3","9","6","0","2","8","32","17","0","23","2","8","2","0","0","3","2","0","20","4","0","2","8","3","1","0","0","0","0","0","0","2","1","0","5","0","0","0","0","0","0","0","0","1","2","0","0","37","1","68","5","105",,"0","0","0","0",".335",".415",".311",".386",".434",".080",".287",".394",".316",".406","-0.074","-0.154","-0.075","69.8",9.5,10.8,9.5,32.4,28.6,"7.1",0,4.4,-3.8,35.7,33.8,"88.5","10.3",35,0,0,15,45,10,25,5,35,"97.254082","92.89883",69.6,9.4,32.2,21.1,78.9,4,19,56.2,59,87.5,7.6,10,56,24,105,90.6,3,32,43.8,46,41,43,13.7,48.6,35,40,25,20,64.3,50,10,10,2,35,7,5,1,,,,,,,,,,,,,,,,,,,,,,,,,,,,,,,,,,"26.3"
"Garver, Mitch",641598,2026,35,12,15,2,2,0,0,0,5,3,33.3,20,".167",".167",".333","0.500","0.000",".286","0","4","2","0","0","2","26","10","0","11","0","4","0","0","0","0","0","1","7","1","0","1","4","0","0","0","0","0","1","0","0","0","0","0","12","0","0","0","0","0","0","0","0","0","0","0","0","27","0","40","12","67",,"0","1","0","0",".202",".251",".264",".300",".361",".050",".260",".338",".286",".346","-0.035","-0.084","-0.036","74.3",29.6,18.8,11.1,25,14.8,"7.6",0,15.4,-12.1,59.3,28.3,"90.1","12.8",14.3,0,0,14.3,28.6,28.6,28.6,0,57.1,"102.1590675","96.090895714",70.4,26.3,27.5,63.6,36.4,7,11,59.7,40,,0,10,35,18,67,73.7,5,19,40.3,27,49.3,33,40,44.8,71.4,28.6,0,7,66.7,57.1,4,28.6,2,14.3,1,0,0,"2","2.08","2.09","2.08","0",,,,"0.73","76.5",,,,,,,,,,,,,,,,,,,,,,,,"23.7"
"Bellinger, Cody",641355,2026,30,59,70,14,11,1,1,1,10,9,14.3,12.9,".237",".339",".329","0.668","0.102",".260","6","29","20","1","3","14","102","42","0","38","1","16","0","0","1","0","6","4","51","4","0","17","10","2","8","0","0","0","0","0","0","0","0","2","26","1","0","0","0","0","0","0","0","9","3","0","0","108","2","158","26","266",,"0","0","0","0",".232",".404",".306",".323",".327",".172",".295",".317",".275",".271",".005","-0.065","-0.017","69.8",2.9,8.9,6.8,39.2,30.1,"7.9",0,14.5,-3.7,59.2,31.7,"87","22.2",29.4,4,7.8,5.9,15.7,43.1,17.6,7.8,39.2,"98.0890236","93.1304108",65.3,17.7,25.5,35.1,64.9,13,37,54.5,145,70.6,6.4,44,137,71,266,82.3,14,79,45.5,121,45.9,122,23.3,43.6,37.3,31.4,31.4,51,55.7,31.4,16,41.2,21,11.8,6,15.7,8,,,,,,,,,,,"0","0","1","0.0","0","0",,"0","1","0.0","1","1","100.0","4","4","100.0",,,,,,,,"27.0"
"Story, Trevor",596115,2026,33,73,76,14,10,3,0,1,24,1,31.6,1.3,".192",".274",".197","0.471","0.082",".260","12","35","20","0","1","22","73","46","0","56","4","17","2","0","0","0","5","1","51","8","0","10","19","5","2","0","0","0","1","0","0","1","0","2","37","0","0","0","2","0","0","0","0","4","0","0","1","76","2","196","37","272",,"0","0","0","0",".230",".309",".208",".239",".240",".079",".296",".342",".275",".337","-0.038","-0.035","-0.031","71",16,11.5,8.4,32.3,23.7,"7.4",2,9.8,-3.8,61.1,27.2,"88.2","10.8",37.3,2,3.9,3.9,25.5,25.5,39.2,2,39.2,"98.362376538","93.375999412",64.7,19.5,47.7,38.4,61.6,28,73,56.3,153,68.8,5.9,28,160,48,272,80.5,15,77,43.8,119,48.5,132,28.7,55.1,45.1,35.3,19.6,51,71.1,47.1,24,21.6,11,27.5,14,3.9,2,,,,,,,,,,,,,,,,,,,,,,,,,,,,,,,,,"4.39","27.8"
"Caratini, Victor",605170,2026,32,51,63,13,11,1,0,1,8,7,12.7,11.1,".255",".333",".365","0.698","0.078",".273","8","25","17","0","0","14","80","48","0","31","2","15","2","0","0","3","4","1","45","8","0","6","17","5","2","0","0","0","0","0","0","1","0","2","12","0","0","0","0","0","0","0","0","5","0","0","0","88","2","139","12","227",,"0","2","0","0",".321",".470",".327",".403",".429",".150",".298",".404",".289",".378","-0.066","-0.137","-0.076","70",7.4,16.2,13.6,41.2,34.6,"7",1,10.6,1.7,58,35.3,"88.9","12.4",42.2,3,6.7,8.9,35.6,17.8,26.7,4.4,40,"98.629468696","93.776642444",58.7,6.3,23.1,40.7,59.3,11,27,51.8,117,21.4,6.2,40,125,56,227,93.8,4,64,48.2,109,48.7,110,16.5,40.1,40,33.3,26.7,45,60.3,46.7,21,15.6,7,33.3,15,4.4,2,"5","2.06","2.07","2.02","0",,,,"0.69","77.5",,,,,,,,,,,,,,,,,,,,,,,,"23.9"
"McCutchen, Andrew",457705,2026,39,26,27,6,3,2,0,1,11,1,40.7,3.7,".231",".423",".259","0.682","0.192",".357","4","12","11","0","0","10","44","14","0","24","1","11","0","0","0","0","2","1","15","3","0","3","5","0","1","0","0","0","3","0","0","8","0","0","28","0","0","0","0","0","0","0","0","3","0","0","0","49","0","83","28","132",,"0","0","0","0",".212",".416",".301",".282",".241",".204",".495",".460",".400",".367",".019",".007",".019","69.8",3.2,11.1,6.5,25,14.5,"7.4",2,14.4,0.4,50,37.1,"91.8","14.1",40,3,20,13.3,26.7,13.3,26.7,0,46.7,"99.99343","95.077933333",76.9,32,28.4,73.7,26.3,14,19,50.8,67,80,7.6,13,60,34,132,68,16,50,49.2,65,37.1,49,43.5,52.3,40,53.3,6.7,15,59.3,46.7,7,26.7,4,20,3,6.7,1,,,,,,,,,,,,,,,,,,,,,,,,,,,,,,,,,,"27.1"
"Vilade, Ryan",668723,2026,27,19,20,5,4,1,0,0,6,1,30,5,".263",".316",".300","0.616","0.053",".385","2","9","6","0","0","6","23","11","0","19","1","8","0","0","0","0","1","0","13","4","0","5","1","2","0","0","0","0","1","0","0","0","0","0","10","0","0","0","0","0","0","0","0","3","0","0","0","23","0","54","10","77",,"0","0","0","0",".261",".327",".282",".276",".298",".066",".379",".370",".385",".382",".002","-0.011",".006","75.2",61.1,11.1,8.3,18.5,13.9,"7.3",2,3.6,0,41.7,32.3,"90.9","19.9",53.8,0,0,0,46.2,46.2,7.7,0,23.1,"96.410132857","92.604223077",72.5,17.2,37.8,42.9,57.1,6,14,48.1,37,75,10.4,12,49,11,77,82.8,5,29,51.9,40,44.2,34,25.6,55.8,46.2,53.8,0,13,70,15.4,2,38.5,5,46.2,6,0,0,,,,,,,,,,,,,,,,,,,,,,,,,,,,,,,,,,"26.3"
"Wells, Austin",669224,2026,26,45,53,8,6,1,0,1,12,8,22.6,15.1,".178",".267",".302","0.569","0.089",".219","1","15","12","0","0","9","79","25","0","38","3","15","2","0","0","0","3","1","33","4","0","9","12","2","2","0","2","0","1","0","0","0","0","0","25","0","0","0","1","0","0","0","0","3","0","0","0","81","0","124","25","205",,"0","0","0","0",".245",".396",".257",".325",".359",".150",".269",".373",".242",".335","-0.067","-0.129","-0.068","73.5",25.3,17.2,12.6,35.9,26.4,"7.7",2,13.5,-7.9,56.3,31.8,"93.5","14.1",30.3,3,9.1,6.1,21.2,27.3,33.3,3,54.5,"102.30796","96.455396061",71,23.9,26.7,39.3,60.7,11,28,51.2,105,66.7,8.8,36,95,63,205,76.1,17,71,48.8,100,38,78,28.3,48.3,54.5,24.2,21.2,33,48.1,45.5,15,30.3,10,18.2,6,6.1,2,"8","1.95","1.96","1.9","0",,,,"0.59","80.8",,,,,,,,,,,,,,,,,,,,,,,,"24.6"
"Caissie, Owen",683357,2026,23,49,55,12,6,4,0,2,23,4,41.8,7.3,".245",".449",".309","0.758","0.204",".400","12","23","22","0","1","18","95","54","0","38","3","16","1","0","0","1","3","2","27","7","0","8","4","2","1","0","0","0","0","0","0","3","0","1","28","0","0","0","0","0","0","0","0","6","1","0","0","97","1","152","28","249",,"0","0","1","0",".225",".467",".335",".326",".292",".242",".550",".530",".444",".409",".020","-0.018",".009","74.9",55.2,16.4,11.5,27.9,19.5,"7.2",4,11.8,-3.2,42.5,35.9,"92.8","22.3",48.1,6,22.2,14.8,18.5,25.9,14.8,3.7,48.1,"103.314430714","96.445437778",56.9,24.3,22.2,57.1,42.9,16,28,50.6,126,72.2,7.2,38,132,49,249,75.7,17,70,49.4,123,39.4,98,33.7,39.4,22.2,59.3,18.5,27,56.4,25.9,7,37,10,33.3,9,3.7,1,,,,,,,,,,,"1","0","3","0.0","0","1","0.0","1","2","50.0","5","5","100.0","3","3","100.0","0.5","0.1","0.6","1.1","34.9",,,"27.6"
"Lowe, Brandon",664040,2026,31,56,68,15,6,2,0,7,14,11,20.6,16.2,".268",".679",".397","1.076","0.411",".229","15","23","38","0","0","18","104","43","0","40","4","15","0","0","0","1","2","8","42","4","1","4","12","3","8","0","0","0","1","0","0","1","0","0","42","0","0","0","0","0","0","0","0","11","0","0","0","112","0","175","42","287",,"0","2","0","0",".251",".461",".462",".375",".383",".211",".543",".403",".357",".335",".017",".218",".087","71.6",31.6,15.4,10.3,29.5,19.7,"7",6,15.2,-2.2,48.7,34,"84.6","18.9",28.6,5,11.9,4.8,28.6,28.6,19,7.1,42.9,"99.396137143","93.698068571",63,22.5,32.5,61.5,38.5,32,52,55.7,160,55.6,6.3,39,134,84,287,77.5,18,80,44.3,127,40.1,115,37.9,46,50,26.2,23.8,42,57.4,33.3,14,28.6,12,16.7,7,21.4,9,,,,,,,,,,,,,,,,,,,,,,,,,,,,,,,,,,"27.5"
"McLain, Matt",680574,2026,26,62,74,13,10,3,0,0,16,10,21.6,13.5,".210",".258",".338","0.596","0.048",".283","3","36","16","2","3","14","100","53","0","48","3","17","2","0","0","2","5","2","46","6","0","12","13","1","7","0","0","0","0","0","0","0","0","0","22","2","0","0","0","0","0","0","0","6","2","1","0","108","0","172","22","280",,"0","0","0","0",".227",".359",".292",".328",".354",".132",".282",".340",".283",".307","-0.017","-0.101","-0.036","71.9",14.4,8.3,6.7,28.6,23.1,"6.9",2,9.3,1.8,51.9,31.6,"87.7","22.3",26.1,4,8.7,2.2,28.3,37,19.6,2.2,28.3,"97.640636522","93.046344889",66.7,13.5,16.9,52.2,47.8,12,23,48.6,136,68.2,7.9,28,158,60,280,86.5,13,96,51.4,144,34.3,96,21,42.5,39.1,37,23.9,46,58.1,39.1,18,30.4,14,15.2,7,15.2,7,,,,,,,,,,,,,,,,,,,,,,,,,,,,,,,,,"4.33","28.6"
"Swanson, Dansby",621020,2026,32,55,70,9,5,1,0,3,19,14,27.1,20,".164",".345",".329","0.674","0.181",".176","9","29","19","0","1","15","122","49","0","44","2","17","0","0","0","0","1","4","37","4","0","9","14","1","3","0","0","0","1","0","0","0","0","1","34","0","0","0","1","0","0","0","0","15","1","0","0","134","1","167","34","301",,"0","1","0","0",".203",".380",".316",".338",".362",".177",".329",".371",".243",".307","-0.039","-0.035","-0.022","70.9",8.7,13.5,9.6,35.1,25,"7.6",2,15.2,-3.6,55.8,34.3,"90.7","13.4",37.8,5,13.5,5.4,16.2,29.7,27,8.1,56.8,"100.970877895","95.509360811",64.2,21.5,21.9,51.3,48.7,20,39,59.1,178,78.3,7.6,42,146,81,301,78.5,17,79,40.9,123,39.2,118,31.4,39.2,56.8,27,16.2,37,55.7,40.5,15,35.1,13,16.2,6,8.1,3,,,,,,,,,,,,,,,,,,,,,,,,,,,,,,,,,,"27.4"
"Okamoto, Kazuma",672960,2026,30,58,64,13,10,1,0,2,22,6,34.4,9.4,".224",".345",".297","0.642","0.121",".324","4","37","20","0","0","19","93","57","0","42","1","15","3","0","0","0","5","2","36","6","0","5","8","4","6","0","0","0","0","0","0","0","0","0","41","0","0","0","0","0","0","0","0","5","0","0","0","100","0","178","41","278",,"0","0","0","0",".212",".364",".295",".290",".286",".152",".406",".397",".361",".342",".012","-0.019",".005","73.4",32,14.5,9.7,31.9,21.4,"7.9",3,15,-7.2,63.1,28.2,"88.6","20.2",33.3,3,8.3,0,33.3,27.8,22.2,8.3,38.9,"100.301490556","94.2181175",62.4,22.9,26.2,63.2,36.8,24,38,52.2,145,70.6,6.1,23,151,63,278,77.1,19,83,47.8,133,40.3,112,35.5,43.5,41.7,44.4,13.9,36,53.1,36.1,13,19.4,7,27.8,10,16.7,6,,,,,,,,,,,,,,,,,,,,,,,,,,,,,,,,,,"25.7"
"Conforto, Michael",624424,2026,33,22,28,6,4,2,0,0,10,6,35.7,21.4,".273",".364",".429","0.793","0.091",".500","3","9","8","0","0","6","49","19","0","17","3","12","0","0","0","0","2","1","12","3","0","2","3","1","0","0","0","0","3","0","0","2","0","0","15","0","0","0","0","0","0","0","0","3","0","0","0","50","0","66","15","116",,"0","0","0","0",".278",".434",".375",".392",".433",".156",".519",".560",".500",".510","-0.005","-0.070","-0.017","72.9",37.5,15.4,10,30.8,20,"7.4",1,13.1,0.1,55,32.2,"93","12.7",58.3,1,8.3,0,58.3,16.7,16.7,0,50,"103.145048333","96.133666667",62.5,26.7,25,58.8,41.2,10,17,58.6,68,85.7,6,23,61,21,116,73.3,8,30,41.4,48,39.7,46,38.3,40.5,50,25,25,12,46.4,41.7,5,25,3,33.3,4,0,0,,,,,,,,,,,,,,,,,,,,,,,,,,,,,,,,,,"25.7"
"Marte, Ketel",606466,2026,32,66,72,14,8,2,0,4,14,6,19.4,8.3,".212",".424",".278","0.702","0.212",".208","9","26","28","0","0","19","98","37","0","50","2","17","1","0","0","0","2","5","52","7","0","8","22","7","1","0","0","0","0","0","0","2","0","0","29","0","0","0","0","0","0","0","0","9","0","0","0","104","0","173","29","277",,"0","0","1","0",".298",".522",".314",".380",".356",".224",".352",".443",".269",".378","-0.086","-0.098","-0.066","73.9",39.3,18.2,13.7,28.4,21.4,"7.8",1,9,-6.8,58.1,31.8,"92.4","7.8",36.5,5,9.6,3.8,30.8,19.2,36.5,0,48.1,"103.849140385","96.277365192",68.9,13.1,33.5,44.2,55.8,23,52,56,155,85.7,5.1,75,124,63,277,86.9,11,84,44,122,41.5,115,25,49.1,53.8,28.8,17.3,52,54.2,46.2,24,25,13,26.9,14,1.9,1,,,,,,,,,,,,,,,,,,,,,,,,,,,,,,,,,,"25.6"
"Bailey, Patrick",672275,2026,27,44,47,6,6,0,0,0,6,3,12.8,6.4,".136",".136",".191","0.327","0.000",".158","1","15","6","0","1","9","59","22","0","29","1","14","2","0","0","0","3","0","38","2","1","9","17","4","2","0","0","0","3","0","0","0","0","0","17","0","0","0","0","0","0","0","0","3","1","0","0","61","0","108","17","169",,"0","0","0","0",".250",".373",".162",".295",".299",".123",".144",".309",".158",".290","-0.114","-0.237","-0.133","72.4",25.3,11.9,9.3,37.3,29.3,"7.1",1,2.9,0.3,33.3,32.9,"89.1","11.5",23.7,2,5.3,5.3,21.1,21.1,44.7,0,36.8,"97.546042105","93.107228378",71.6,12.7,28.4,43.5,56.5,10,23,47.9,81,68.4,11.2,35,87,39,169,87.3,8,63,52.1,88,42.6,72,20.9,50.9,39.5,39.5,21.1,38,61.7,52.6,20,23.7,9,15.8,6,7.9,3,"10","1.87","1.85","1.94","0",,,,"0.59","83.5",,,,,,,,,,,,,,,,,,,,,,,,"23.7"
"Lowe, Josh",666139,2026,28,41,49,5,2,1,0,2,16,5,32.7,10.2,".122",".293",".229","0.522","0.171",".125","5","17","12","0","1","6","71","36","0","47","2","15","0","0","0","1","2","2","27","1","0","10","8","1","3","0","0","0","2","0","0","0","1","1","29","0","0","0","0","0","0","0","0","4","1","0","0","74","2","142","29","216",,"0","0","0","0",".120",".256",".242",".228",".229",".136",".282",".256",".192",".192",".002",".037",".014","73.7",36.2,6.1,4.3,16.7,11.7,"7.6",3,14.7,-5.4,43.6,36.9,"84.4","22.8",18.5,3,11.1,3.7,7.4,44.4,29.6,3.7,22.2,"94.781347692","91.562827308",66.7,23.5,33.3,42.1,57.9,16,38,52.8,114,72.7,5.1,29,123,48,216,76.5,16,68,47.2,102,43.1,93,30.2,49.1,29.6,44.4,25.9,27,63.3,37,10,44.4,12,7.4,2,11.1,3,,,,,,,,,,,"0","0","2","0.0","1","1","100.0","1","1","100.0","1","1","100.0","2","3","66.7","-0.6","0.7","0.9","1","36",,,"27.2"
"Valenzuela, Brandon",678218,2026,25,20,21,3,2,0,0,1,9,1,42.9,4.8,".150",".300",".190","0.490","0.150",".200","2","15","6","0","0","8","19","13","0","22","2","8","0","0","0","0","1","1","11","1","0","1","5","1","1","0","0","0","2","0","0","0","0","0","13","0","0","0","0","0","0","0","0","2","0","0","0","19","0","64","13","83",,"0","0","0","0",".156",".322",".221",".226",".196",".166",".357",".366",".273",".283","-0.006","-0.022","-0.005","71.8",17.4,10.3,6.5,17.2,10.9,"7.5",1,6.5,-2.5,47.8,29.9,"85.6","10",27.3,1,9.1,0,18.2,18.2,54.5,0,36.4,"97.088641667","93.335279091",71.7,18.2,48.6,66.7,33.3,12,18,44.6,37,87.5,9.6,13,48,18,83,81.8,6,33,55.4,46,33.7,28,35.3,61.4,72.7,9.1,18.2,11,66.7,54.5,6,18.2,2,18.2,2,9.1,1,"3","1.88","1.89","1.86","0",,,,"0.59","84.7",,,,,,,,,,,,,,,,,,,,,,,,"24.6"